,site_id,IMEO_source_ID,year,lat,lon,Qs,Qsstd,Qslower,Qsupper,country
0,0510Mbw4,DZA_S_359,2022,28.134664479464316,7.59036377414056,,,,,Algeria
1,0510Mbw4,DZA_S_359,2023,28.134664479464316,7.59036377414056,,,,,Algeria
2,0510Mbw4,DZA_S_359,2024,28.134664479464316,7.59036377414056,,,,,Algeria
3,0510Mbw4,DZA_S_359,2025,28.134664479464316,7.59036377414056,538.5094745429891,0.569738636865698,231.6998205776032,845.319128508375,Algeria
4,05lcMByd,,2022,31.697105057185865,5.885653397500844,,,,,Algeria
5,05lcMByd,,2023,31.697105057185865,5.885653397500844,,,,,Algeria
6,05lcMByd,,2024,31.697105057185865,5.885653397500844,,,,,Algeria
7,05lcMByd,,2025,31.697105057185865,5.885653397500844,85.16132268607423,0.8028131811058269,16.792690313287153,153.5299550588613,Algeria
8,067PktoT,UZB_S_020,2022,38.78435445621139,64.6599194095357,,,,,Uzbekistan
9,067PktoT,UZB_S_020,2023,38.78435445621139,64.6599194095357,690.5907239944208,0.7164053491600889,195.8478352444792,1185.3336127443624,Uzbekistan
10,067PktoT,UZB_S_020,2024,38.78435445621139,64.6599194095357,246.29388387640284,0.5391308529510448,113.50925218549219,379.0785155673135,Uzbekistan
11,067PktoT,UZB_S_020,2025,38.78435445621139,64.6599194095357,,,,,Uzbekistan
12,06D7RE53,USA_S_599,2022,31.389428307668982,-102.06012794585514,,,,,United States of America
13,06D7RE53,USA_S_599,2023,31.389428307668982,-102.06012794585514,,,,,United States of America
14,06D7RE53,USA_S_599,2024,31.389428307668982,-102.06012794585514,,,,,United States of America
15,06D7RE53,USA_S_599,2025,31.389428307668982,-102.06012794585514,681.260391762213,0.7388737268533924,177.89498714326453,1184.6257963811613,United States of America
16,0EzJjzCH,TKM_S_237,2022,39.86580223071053,61.35663312228883,,,,,Turkmenistan
17,0EzJjzCH,TKM_S_237,2023,39.86580223071053,61.35663312228883,177.61337542241597,0.6234148969832175,66.88655128060898,288.340199564223,Turkmenistan
18,0EzJjzCH,TKM_S_237,2024,39.86580223071053,61.35663312228883,,,,,Turkmenistan
19,0EzJjzCH,TKM_S_237,2025,39.86580223071053,61.35663312228883,,,,,Turkmenistan
20,0ISaa9mG,,2022,8.531312997470204,-64.07169951401472,,,,,Venezuela
21,0ISaa9mG,,2023,8.531312997470204,-64.07169951401472,,,,,Venezuela
22,0ISaa9mG,,2024,8.531312997470204,-64.07169951401472,,,,,Venezuela
23,0ISaa9mG,,2025,8.531312997470204,-64.07169951401472,417.7668886608867,0.6539959579222434,144.54903212291492,690.9847451988585,Venezuela
24,0J0oXLUV,USA_S_149,2022,32.16613607886328,-102.1305333320239,,,,,United States of America
25,0J0oXLUV,USA_S_149,2023,32.16613607886328,-102.1305333320239,,,,,United States of America
26,0J0oXLUV,USA_S_149,2024,32.16613607886328,-102.1305333320239,,,,,United States of America
27,0J0oXLUV,USA_S_149,2025,32.16613607886328,-102.1305333320239,2192.4749916574083,0.624081233388048,824.1924946914028,3560.757488623414,United States of America
28,0JVWd1FE,,2022,31.402608018766863,-103.16489367301789,,,,,United States of America
29,0JVWd1FE,,2023,31.402608018766863,-103.16489367301789,,,,,United States of America
30,0JVWd1FE,,2024,31.402608018766863,-103.16489367301789,,,,,United States of America
31,0JVWd1FE,,2025,31.402608018766863,-103.16489367301789,134.14201715631322,0.865702121460619,18.014988327086115,250.26904598554032,United States of America
32,0JfyVH1Z,,2022,38.36187717393509,54.02930329424606,,,,,Turkmenistan
33,0JfyVH1Z,,2023,38.36187717393509,54.02930329424606,,,,,Turkmenistan
34,0JfyVH1Z,,2024,38.36187717393509,54.02930329424606,,,,,Turkmenistan
35,0JfyVH1Z,,2025,38.36187717393509,54.02930329424606,155.21264485080562,0.8620903933339903,21.40531480096567,289.0199749006456,Turkmenistan
36,0ObmehB5,TKM_S_194,2022,39.46345884392104,53.67069279906773,,,,,Turkmenistan
37,0ObmehB5,TKM_S_194,2023,39.46345884392104,53.67069279906773,,,,,Turkmenistan
38,0ObmehB5,TKM_S_194,2024,39.46345884392104,53.67069279906773,,,,,Turkmenistan
39,0ObmehB5,TKM_S_194,2025,39.46345884392104,53.67069279906773,2354.095377279159,0.5378520727993628,1087.9402990421654,3620.2504555161527,Turkmenistan
40,0QDrPTfI,USA_S_086,2022,30.90367650537374,-101.15971741406838,,,,,United States of America
41,0QDrPTfI,USA_S_086,2023,30.90367650537374,-101.15971741406838,,,,,United States of America
42,0QDrPTfI,USA_S_086,2024,30.90367650537374,-101.15971741406838,600.7904004173256,0.6296111048042179,222.52609265480476,979.0547081798464,United States of America
43,0QDrPTfI,USA_S_086,2025,30.90367650537374,-101.15971741406838,,,,,United States of America
44,0RV7HRwN,TKM_S_226,2022,37.34377214845861,60.48359250199591,,,,,Turkmenistan
45,0RV7HRwN,TKM_S_226,2023,37.34377214845861,60.48359250199591,531.0192999796752,0.6862228075663575,166.6217450757007,895.4168548836498,Turkmenistan
46,0RV7HRwN,TKM_S_226,2024,37.34377214845861,60.48359250199591,,,,,Turkmenistan
47,0RV7HRwN,TKM_S_226,2025,37.34377214845861,60.48359250199591,518.5123502403859,0.7710548952358414,118.71086434729528,918.3138361334766,Turkmenistan
48,0RZlOB2q,,2022,28.22545486834811,-99.15523984670708,,,,,United States of America
49,0RZlOB2q,,2023,28.22545486834811,-99.15523984670708,,,,,United States of America
50,0RZlOB2q,,2024,28.22545486834811,-99.15523984670708,,,,,United States of America
51,0RZlOB2q,,2025,28.22545486834811,-99.15523984670708,210.4839674228513,0.8118399861426752,39.60466622702842,381.36326861867417,United States of America
52,0UU3bBoM,,2022,35.51559198989446,-98.18213373759431,,,,,United States of America
53,0UU3bBoM,,2023,35.51559198989446,-98.18213373759431,,,,,United States of America
54,0UU3bBoM,,2024,35.51559198989446,-98.18213373759431,,,,,United States of America
55,0UU3bBoM,,2025,35.51559198989446,-98.18213373759431,336.3221773507424,0.6739853272437879,109.645964589659,562.9983901118258,United States of America
56,0YLPeFy3,DZA_S_083,2022,31.69967384511011,5.969161612981557,,,,,Algeria
57,0YLPeFy3,DZA_S_083,2023,31.69967384511011,5.969161612981557,254.0749701391848,0.7874069755949776,54.01456632750504,454.1353739508646,Algeria
58,0YLPeFy3,DZA_S_083,2024,31.69967384511011,5.969161612981557,,,,,Algeria
59,0YLPeFy3,DZA_S_083,2025,31.69967384511011,5.969161612981557,615.111352316207,0.6200719831965874,233.6980361987617,996.5246684336523,Algeria
60,0c4A5y1I,TKM_S_077,2022,39.44977647171389,53.68100788329093,,,,,Turkmenistan
61,0c4A5y1I,TKM_S_077,2023,39.44977647171389,53.68100788329093,410.8903878289781,0.5352056376347957,190.9795358129614,630.8012398449948,Turkmenistan
62,0c4A5y1I,TKM_S_077,2024,39.44977647171389,53.68100788329093,135.67079375622458,0.5365697330090379,62.87395217332292,208.46763533912625,Turkmenistan
63,0c4A5y1I,TKM_S_077,2025,39.44977647171389,53.68100788329093,248.85157456818493,0.9008767898220807,24.666966929028348,473.03618220734154,Turkmenistan
64,0hHCQ6lW,IND_S_051,2022,27.605336755930924,95.4066643075395,,,,,India
65,0hHCQ6lW,IND_S_051,2023,27.605336755930924,95.4066643075395,,,,,India
66,0hHCQ6lW,IND_S_051,2024,27.605336755930924,95.4066643075395,,,,,India
67,0hHCQ6lW,IND_S_051,2025,27.605336755930924,95.4066643075395,320.4029968954903,0.5906908766246168,131.14386978613874,509.6621240048418,India
68,0kW7k64j,IRN_S_203,2022,30.122151381966713,50.47740009381096,,,,,Iran
69,0kW7k64j,IRN_S_203,2023,30.122151381966713,50.47740009381096,,,,,Iran
70,0kW7k64j,IRN_S_203,2024,30.122151381966713,50.47740009381096,150.5168347290035,0.7757478990660229,33.753716413911235,267.2799530440958,Iran
71,0kW7k64j,IRN_S_203,2025,30.122151381966713,50.47740009381096,,,,,Iran
72,0n2AjlGb,DZA_S_080,2022,31.769079607702924,5.945845614610533,,,,,Algeria
73,0n2AjlGb,DZA_S_080,2023,31.769079607702924,5.945845614610533,,,,,Algeria
74,0n2AjlGb,DZA_S_080,2024,31.769079607702924,5.945845614610533,382.8737940087645,0.8389594832938495,61.65819362041566,704.0893943971133,Algeria
75,0n2AjlGb,DZA_S_080,2025,31.769079607702924,5.945845614610533,,,,,Algeria
76,0qxJD6dM,USA_S_519,2022,31.637954477257317,-103.32707537697576,,,,,United States of America
77,0qxJD6dM,USA_S_519,2023,31.637954477257317,-103.32707537697576,,,,,United States of America
78,0qxJD6dM,USA_S_519,2024,31.637954477257317,-103.32707537697576,,,,,United States of America
79,0qxJD6dM,USA_S_519,2025,31.637954477257317,-103.32707537697576,141.08006818632003,0.9017506871968388,13.861019749529063,268.299116623111,United States of America
80,0sDXRQ0p,USA_S_248,2022,31.564654682960317,-102.1893755558733,,,,,United States of America
81,0sDXRQ0p,USA_S_248,2023,31.564654682960317,-102.1893755558733,,,,,United States of America
82,0sDXRQ0p,USA_S_248,2024,31.564654682960317,-102.1893755558733,,,,,United States of America
83,0sDXRQ0p,USA_S_248,2025,31.564654682960317,-102.1893755558733,299.5519708046543,0.8647902896446398,40.50233520887463,558.6016064004339,United States of America
84,0uqfIyCL,VEN_S_020,2022,9.187110087563376,-63.72769032947756,,,,,Venezuela
85,0uqfIyCL,VEN_S_020,2023,9.187110087563376,-63.72769032947756,,,,,Venezuela
86,0uqfIyCL,VEN_S_020,2024,9.187110087563376,-63.72769032947756,,,,,Venezuela
87,0uqfIyCL,VEN_S_020,2025,9.187110087563376,-63.72769032947756,226.31218755919832,0.6757853287787599,73.37373148286511,379.25064363553156,Venezuela
88,0wFtD23P,,2022,31.88392862343655,-101.87442885441688,,,,,United States of America
89,0wFtD23P,,2023,31.88392862343655,-101.87442885441688,,,,,United States of America
90,0wFtD23P,,2024,31.88392862343655,-101.87442885441688,,,,,United States of America
91,0wFtD23P,,2025,31.88392862343655,-101.87442885441688,411.9623496128119,0.6282946209592105,153.12862131336448,670.7960779122593,United States of America
92,0wcH43K3,PAK_S_015,2022,27.98158545371211,69.67118032521981,,,,,Pakistan
93,0wcH43K3,PAK_S_015,2023,27.98158545371211,69.67118032521981,,,,,Pakistan
94,0wcH43K3,PAK_S_015,2024,27.98158545371211,69.67118032521981,485.7283046128423,0.6194083213572219,184.8641508169123,786.5924584087722,Pakistan
95,0wcH43K3,PAK_S_015,2025,27.98158545371211,69.67118032521981,,,,,Pakistan
96,0wnX9orr,,2022,39.208098750244176,65.31320455070372,,,,,Uzbekistan
97,0wnX9orr,,2023,39.208098750244176,65.31320455070372,,,,,Uzbekistan
98,0wnX9orr,,2024,39.208098750244176,65.31320455070372,,,,,Uzbekistan
99,0wnX9orr,,2025,39.208098750244176,65.31320455070372,174.8306604499731,0.8238516281098038,30.79613619475046,318.8651847051957,Uzbekistan
100,0xa6uAAv,USA_S_188,2022,31.37541879799679,-101.77623578960026,,,,,United States of America
101,0xa6uAAv,USA_S_188,2023,31.37541879799679,-101.77623578960026,,,,,United States of America
102,0xa6uAAv,USA_S_188,2024,31.37541879799679,-101.77623578960026,,,,,United States of America
103,0xa6uAAv,USA_S_188,2025,31.37541879799679,-101.77623578960026,270.6608538501524,0.9137433807314772,23.346290221445884,517.975417478859,United States of America
104,11YmJ7QL,JOR_S_010,2022,32.598422464509966,39.035274037386394,,,,,Jordan
105,11YmJ7QL,JOR_S_010,2023,32.598422464509966,39.035274037386394,167.00833088853676,0.6522061490570931,58.084470539271436,275.9321912378021,Jordan
106,11YmJ7QL,JOR_S_010,2024,32.598422464509966,39.035274037386394,261.4900364852106,0.6923014755576892,80.46009838286534,442.5199745875559,Jordan
107,11YmJ7QL,JOR_S_010,2025,32.598422464509966,39.035274037386394,310.5391437189708,0.6260322271834383,116.13163194894568,504.94665548899593,Jordan
108,135EPWwo,IRQ_S_053,2022,30.174412776168275,47.40934882371354,,,,,Iraq
109,135EPWwo,IRQ_S_053,2023,30.174412776168275,47.40934882371354,205.59274722758735,0.9359537891183316,13.167436444679595,398.0180580104951,Iraq
110,135EPWwo,IRQ_S_053,2024,30.174412776168275,47.40934882371354,,,,,Iraq
111,135EPWwo,IRQ_S_053,2025,30.174412776168275,47.40934882371354,,,,,Iraq
112,13Q6YbEx,TKM_S_218,2022,39.335669566771045,54.02080134242215,,,,,Turkmenistan
113,13Q6YbEx,TKM_S_218,2023,39.335669566771045,54.02080134242215,1256.5931985753953,0.5615534321826513,550.9489750580061,1962.2374220927845,Turkmenistan
114,13Q6YbEx,TKM_S_218,2024,39.335669566771045,54.02080134242215,,,,,Turkmenistan
115,13Q6YbEx,TKM_S_218,2025,39.335669566771045,54.02080134242215,,,,,Turkmenistan
116,176sT36k,,2022,45.48796545135511,85.14759160700714,,,,,China
117,176sT36k,,2023,45.48796545135511,85.14759160700714,,,,,China
118,176sT36k,,2024,45.48796545135511,85.14759160700714,,,,,China
119,176sT36k,,2025,45.48796545135511,85.14759160700714,145.22779091012842,0.8357942615354678,23.84723665197032,266.6083451682865,China
120,1Bb5DKbK,,2022,36.42035095259179,61.55345734632559,,,,,Turkmenistan
121,1Bb5DKbK,,2023,36.42035095259179,61.55345734632559,,,,,Turkmenistan
122,1Bb5DKbK,,2024,36.42035095259179,61.55345734632559,,,,,Turkmenistan
123,1Bb5DKbK,,2025,36.42035095259179,61.55345734632559,232.16522219397712,0.7589215450932726,55.97003304960106,408.3604113383532,Turkmenistan
124,1Cij5Kip,TKM_S_453,2022,38.64772796353441,54.28937105019231,,,,,Turkmenistan
125,1Cij5Kip,TKM_S_453,2023,38.64772796353441,54.28937105019231,,,,,Turkmenistan
126,1Cij5Kip,TKM_S_453,2024,38.64772796353441,54.28937105019231,,,,,Turkmenistan
127,1Cij5Kip,TKM_S_453,2025,38.64772796353441,54.28937105019231,394.75655060099297,0.6878892544736877,123.20776130947138,666.3053398925146,Turkmenistan
128,1DrtuMBs,,2022,9.301617448315158,-64.57299234117563,,,,,Venezuela
129,1DrtuMBs,,2023,9.301617448315158,-64.57299234117563,,,,,Venezuela
130,1DrtuMBs,,2024,9.301617448315158,-64.57299234117563,,,,,Venezuela
131,1DrtuMBs,,2025,9.301617448315158,-64.57299234117563,604.2980783961002,0.6160726096967986,232.00658420385417,976.5895725883463,Venezuela
132,1HfUupmF,TKM_S_133,2022,36.50331174206123,61.64830795550655,2090.456915970828,0.6331676945324503,766.8471299661628,3414.0667019754933,Turkmenistan
133,1HfUupmF,TKM_S_133,2023,36.50331174206123,61.64830795550655,498.7481745259768,0.616513449483352,191.26321702544203,806.2331320265116,Turkmenistan
134,1HfUupmF,TKM_S_133,2024,36.50331174206123,61.64830795550655,,,,,Turkmenistan
135,1HfUupmF,TKM_S_133,2025,36.50331174206123,61.64830795550655,,,,,Turkmenistan
136,1HrDBeIG,USA_S_167,2022,31.162863650056277,-101.30124010185624,,,,,United States of America
137,1HrDBeIG,USA_S_167,2023,31.162863650056277,-101.30124010185624,407.0289801078962,0.646074984731964,144.05773799922025,670.0002222165722,United States of America
138,1HrDBeIG,USA_S_167,2024,31.162863650056277,-101.30124010185624,1921.183253450205,0.460022999356847,1037.3947708838962,2804.971736016514,United States of America
139,1HrDBeIG,USA_S_167,2025,31.162863650056277,-101.30124010185624,,,,,United States of America
140,1J61W29y,DZA_S_329,2022,31.895132550723616,4.996167812265655,,,,,Algeria
141,1J61W29y,DZA_S_329,2023,31.895132550723616,4.996167812265655,,,,,Algeria
142,1J61W29y,DZA_S_329,2024,31.895132550723616,4.996167812265655,2704.848889700627,0.5383591167794268,1248.668830419584,4161.02894898167,Algeria
143,1J61W29y,DZA_S_329,2025,31.895132550723616,4.996167812265655,2473.0471978964647,0.5012124094784851,1233.5252530847617,3712.5691427081674,Algeria
144,1JxpppYj,OMN_S_004,2022,22.80848221994288,55.8635471176051,,,,,Oman
145,1JxpppYj,OMN_S_004,2023,22.80848221994288,55.8635471176051,,,,,Oman
146,1JxpppYj,OMN_S_004,2024,22.80848221994288,55.8635471176051,,,,,Oman
147,1JxpppYj,OMN_S_004,2025,22.80848221994288,55.8635471176051,106.22593860476198,0.6534328942695173,36.8144160957563,175.63746111376764,Oman
148,1LqAR3ty,UZB_S_086,2022,43.993169544362374,58.66548686157627,,,,,Uzbekistan
149,1LqAR3ty,UZB_S_086,2023,43.993169544362374,58.66548686157627,963.405862756034,0.5568872331354591,426.8974374593464,1499.9142880527215,Uzbekistan
150,1LqAR3ty,UZB_S_086,2024,43.993169544362374,58.66548686157627,,,,,Uzbekistan
151,1LqAR3ty,UZB_S_086,2025,43.993169544362374,58.66548686157627,1351.136038059032,0.5442188930448002,615.8222790736086,2086.4497970444554,Uzbekistan
152,1NJ7gZ4Y,,2022,48.25464650469035,-102.54238979931117,,,,,United States of America
153,1NJ7gZ4Y,,2023,48.25464650469035,-102.54238979931117,,,,,United States of America
154,1NJ7gZ4Y,,2024,48.25464650469035,-102.54238979931117,,,,,United States of America
155,1NJ7gZ4Y,,2025,48.25464650469035,-102.54238979931117,322.5225359258268,0.7251464915979144,88.64645053795118,556.3986213137024,United States of America
156,1SbbPHTm,TKM_S_410,2022,39.46725457120672,53.614533828369005,,,,,Turkmenistan
157,1SbbPHTm,TKM_S_410,2023,39.46725457120672,53.614533828369005,,,,,Turkmenistan
158,1SbbPHTm,TKM_S_410,2024,39.46725457120672,53.614533828369005,,,,,Turkmenistan
159,1SbbPHTm,TKM_S_410,2025,39.46725457120672,53.614533828369005,754.6372293664463,0.528149807053866,356.0757222808936,1153.198736451999,Turkmenistan
160,1a9FYLp0,USA_S_035,2022,32.28859809202389,-101.74922194795572,,,,,United States of America
161,1a9FYLp0,USA_S_035,2023,32.28859809202389,-101.74922194795572,922.57811659917,0.5375276358205315,426.6668827238595,1418.4893504744805,United States of America
162,1a9FYLp0,USA_S_035,2024,32.28859809202389,-101.74922194795572,788.075433443681,0.5823006795137747,329.17857304131303,1246.972293846049,United States of America
163,1a9FYLp0,USA_S_035,2025,32.28859809202389,-101.74922194795572,,,,,United States of America
164,1bukISx7,PAK_S_009,2022,25.894532483245435,68.62846718876683,,,,,Pakistan
165,1bukISx7,PAK_S_009,2023,25.894532483245435,68.62846718876683,734.0670384473179,0.7067096256127862,215.29479653152714,1252.8392803631086,Pakistan
166,1bukISx7,PAK_S_009,2024,25.894532483245435,68.62846718876683,,,,,Pakistan
167,1bukISx7,PAK_S_009,2025,25.894532483245435,68.62846718876683,1502.604510275857,0.4619268351461492,808.5111643678009,2196.697856183913,Pakistan
168,1eqwZQ3y,USA_S_186,2022,33.71386738640117,-104.55435886690049,,,,,United States of America
169,1eqwZQ3y,USA_S_186,2023,33.71386738640117,-104.55435886690049,,,,,United States of America
170,1eqwZQ3y,USA_S_186,2024,33.71386738640117,-104.55435886690049,,,,,United States of America
171,1eqwZQ3y,USA_S_186,2025,33.71386738640117,-104.55435886690049,596.8011937549909,0.508887532898112,293.0965066343655,900.5058808756163,United States of America
172,1gZxYeAW,IRN_S_062,2022,30.964406547642383,49.589056705004985,,,,,Iran
173,1gZxYeAW,IRN_S_062,2023,30.964406547642383,49.589056705004985,902.2898448978436,0.5267066777435606,427.04775832994784,1377.5319314657395,Iran
174,1gZxYeAW,IRN_S_062,2024,30.964406547642383,49.589056705004985,,,,,Iran
175,1gZxYeAW,IRN_S_062,2025,30.964406547642383,49.589056705004985,,,,,Iran
176,1k2lWq7i,BHR_S_003,2022,26.046062461389795,50.57261745087681,3287.146973043315,0.4210145128851258,1903.210391405668,4671.083554680962,
177,1k2lWq7i,BHR_S_003,2023,26.046062461389795,50.57261745087681,2201.2955616957797,0.4588387514514356,1191.2558545917016,3211.3352687998577,
178,1k2lWq7i,BHR_S_003,2024,26.046062461389795,50.57261745087681,1810.671619326324,0.453430055112187,989.658687185116,2631.684551467532,
179,1k2lWq7i,BHR_S_003,2025,26.046062461389795,50.57261745087681,3673.0256274854014,0.4642995701167924,1967.6414076159679,5378.409847354835,
180,1kumfjtm,,2022,32.31807372860329,-103.65951842143342,,,,,United States of America
181,1kumfjtm,,2023,32.31807372860329,-103.65951842143342,,,,,United States of America
182,1kumfjtm,,2024,32.31807372860329,-103.65951842143342,,,,,United States of America
183,1kumfjtm,,2025,32.31807372860329,-103.65951842143342,259.36101860799045,0.7744358546752163,58.50254649287669,460.2194907231042,United States of America
184,1lNeAF61,,2022,31.455755633723527,-103.1432200189224,,,,,United States of America
185,1lNeAF61,,2023,31.455755633723527,-103.1432200189224,,,,,United States of America
186,1lNeAF61,,2024,31.455755633723527,-103.1432200189224,,,,,United States of America
187,1lNeAF61,,2025,31.455755633723527,-103.1432200189224,62.58797955671991,0.8472798704967806,9.558444343247118,115.6175147701927,United States of America
188,1mHTi2kX,,2022,37.78078990659418,53.91586135611879,,,,,Turkmenistan
189,1mHTi2kX,,2023,37.78078990659418,53.91586135611879,,,,,Turkmenistan
190,1mHTi2kX,,2024,37.78078990659418,53.91586135611879,,,,,Turkmenistan
191,1mHTi2kX,,2025,37.78078990659418,53.91586135611879,124.88003442776233,0.8338866590698936,20.744239734262308,229.01582912126236,Turkmenistan
192,1pfOTkeJ,BHR_S_001,2022,25.98120125752904,50.53107509254762,,,,,
193,1pfOTkeJ,BHR_S_001,2023,25.98120125752904,50.53107509254762,,,,,
194,1pfOTkeJ,BHR_S_001,2024,25.98120125752904,50.53107509254762,534.9417042393485,0.7406540752179213,138.7349509904551,931.1484574882419,
195,1pfOTkeJ,BHR_S_001,2025,25.98120125752904,50.53107509254762,,,,,
196,1vYUhQGi,KAZ_S_009,2022,43.30320011684417,52.724061534991286,,,,,Kazakhstan
197,1vYUhQGi,KAZ_S_009,2023,43.30320011684417,52.724061534991286,698.1082681667765,0.7626858215118036,165.67099015581607,1230.545546177737,Kazakhstan
198,1vYUhQGi,KAZ_S_009,2024,43.30320011684417,52.724061534991286,153.29723172111355,0.6292712447566398,56.83169189822138,249.76277154400572,Kazakhstan
199,1vYUhQGi,KAZ_S_009,2025,43.30320011684417,52.724061534991286,575.0677972488177,0.6400290323847386,207.00771142003384,943.1278830776015,Kazakhstan
200,1w5qiIzA,,2022,39.18657638284069,65.31286199518249,,,,,Uzbekistan
201,1w5qiIzA,,2023,39.18657638284069,65.31286199518249,,,,,Uzbekistan
202,1w5qiIzA,,2024,39.18657638284069,65.31286199518249,,,,,Uzbekistan
203,1w5qiIzA,,2025,39.18657638284069,65.31286199518249,212.35360859533273,0.7390299384767433,55.41793429980956,369.28928289085593,Uzbekistan
204,20TTfdGL,USA_S_145,2022,28.03945861325413,-99.37461689478572,,,,,United States of America
205,20TTfdGL,USA_S_145,2023,28.03945861325413,-99.37461689478572,,,,,United States of America
206,20TTfdGL,USA_S_145,2024,28.03945861325413,-99.37461689478572,234.93910497034065,0.5659570205359004,101.97366911395551,367.9045408267258,United States of America
207,20TTfdGL,USA_S_145,2025,28.03945861325413,-99.37461689478572,,,,,United States of America
208,20rSeSI3,USA_S_456,2022,31.856961328169056,-101.70306577527693,,,,,United States of America
209,20rSeSI3,USA_S_456,2023,31.856961328169056,-101.70306577527693,,,,,United States of America
210,20rSeSI3,USA_S_456,2024,31.856961328169056,-101.70306577527693,,,,,United States of America
211,20rSeSI3,USA_S_456,2025,31.856961328169056,-101.70306577527693,1050.642268291747,0.7263704057864075,287.4868175363191,1813.7977190471752,United States of America
212,21Rs1GNu,IRN_S_020,2022,30.28506983761371,50.798301570633086,,,,,Iran
213,21Rs1GNu,IRN_S_020,2023,30.28506983761371,50.798301570633086,,,,,Iran
214,21Rs1GNu,IRN_S_020,2024,30.28506983761371,50.798301570633086,771.8802098478416,0.5456504267366424,350.7034439547977,1193.0569757408855,Iran
215,21Rs1GNu,IRN_S_020,2025,30.28506983761371,50.798301570633086,749.2963879844306,0.5472494088412241,339.2443826130865,1159.3483933557745,Iran
216,24FnToAN,DZA_S_051,2022,36.816179906249154,5.878066549578496,,,,,Algeria
217,24FnToAN,DZA_S_051,2023,36.816179906249154,5.878066549578496,786.9461605057181,0.5826577153085719,328.42590855460367,1245.4664124568326,Algeria
218,24FnToAN,DZA_S_051,2024,36.816179906249154,5.878066549578496,,,,,Algeria
219,24FnToAN,DZA_S_051,2025,36.816179906249154,5.878066549578496,,,,,Algeria
220,29KcgqAR,EGY_S_029,2022,29.65544237242504,28.36035167407609,,,,,Egypt
221,29KcgqAR,EGY_S_029,2023,29.65544237242504,28.36035167407609,,,,,Egypt
222,29KcgqAR,EGY_S_029,2024,29.65544237242504,28.36035167407609,173.75079310437548,0.8053555880514498,33.819620949395386,313.6819652593556,Egypt
223,29KcgqAR,EGY_S_029,2025,29.65544237242504,28.36035167407609,1100.5327329829,0.4307892760163088,626.4350337089468,1574.630432256853,Egypt
224,2CLwXiZu,DZA_S_019,2022,28.61857032469121,7.70785421461483,532.2641196815825,0.4206748881624483,308.3539706616488,756.1742687015162,Algeria
225,2CLwXiZu,DZA_S_019,2023,28.61857032469121,7.70785421461483,2001.1777344947795,0.6014564709882214,797.5564364853456,3204.7990325042138,Algeria
226,2CLwXiZu,DZA_S_019,2024,28.61857032469121,7.70785421461483,966.2352123257534,0.4910934810347351,491.7233984063628,1440.747026245144,Algeria
227,2CLwXiZu,DZA_S_019,2025,28.61857032469121,7.70785421461483,722.3330426357811,0.5517964900412008,323.7522050685761,1120.913880202986,Algeria
228,2CcKGd5h,,2022,54.22665514123663,86.8966464473115,,,,,Russia
229,2CcKGd5h,,2023,54.22665514123663,86.8966464473115,,,,,Russia
230,2CcKGd5h,,2024,54.22665514123663,86.8966464473115,,,,,Russia
231,2CcKGd5h,,2025,54.22665514123663,86.8966464473115,173.78098527271078,0.8320503816384516,29.186450155045634,318.3755203903759,Russia
232,2ExRat53,KAZ_S_003,2022,45.342232384090394,55.191896633681274,911.5507461023568,0.6589507553051758,310.8836934592123,1512.2177987455013,Kazakhstan
233,2ExRat53,KAZ_S_003,2023,45.342232384090394,55.191896633681274,813.118291832551,0.5464483823485325,368.7911166026515,1257.4454670624505,Kazakhstan
234,2ExRat53,KAZ_S_003,2024,45.342232384090394,55.191896633681274,757.2574237616102,0.5220676577416777,361.91781423088923,1152.5970332923312,Kazakhstan
235,2ExRat53,KAZ_S_003,2025,45.342232384090394,55.191896633681274,2188.895443692475,0.4667112264418596,1167.3133666137617,3210.477520771188,Kazakhstan
236,2FVAB98C,CHN_S_732,2022,37.66043594028831,108.93532158202396,,,,,China
237,2FVAB98C,CHN_S_732,2023,37.66043594028831,108.93532158202396,1019.9490456846102,0.5817708923828555,426.57237919163265,1613.3257121775878,China
238,2FVAB98C,CHN_S_732,2024,37.66043594028831,108.93532158202396,878.9048582368413,0.6833581619556164,278.2980497782519,1479.5116666954307,China
239,2FVAB98C,CHN_S_732,2025,37.66043594028831,108.93532158202396,87.20517514164895,0.9649484820243396,3.056673764048128,171.35367651924977,China
240,2GsjmGNZ,NGA_S_015,2022,5.400835354006068,6.626231374983447,,,,,Nigeria
241,2GsjmGNZ,NGA_S_015,2023,5.400835354006068,6.626231374983447,,,,,Nigeria
242,2GsjmGNZ,NGA_S_015,2024,5.400835354006068,6.626231374983447,1150.711922696756,0.5818329516749656,481.18980818652756,1820.2340372069843,Nigeria
243,2GsjmGNZ,NGA_S_015,2025,5.400835354006068,6.626231374983447,,,,,Nigeria
244,2HGQA4Xk,,2022,9.700598760614575,-63.45961117522607,,,,,Venezuela
245,2HGQA4Xk,,2023,9.700598760614575,-63.45961117522607,,,,,Venezuela
246,2HGQA4Xk,,2024,9.700598760614575,-63.45961117522607,,,,,Venezuela
247,2HGQA4Xk,,2025,9.700598760614575,-63.45961117522607,388.6048073908849,0.6593636895008814,132.37290783185165,644.8367069499182,Venezuela
248,2JTCQQcY,,2022,31.268557021965226,-103.06523072790276,,,,,United States of America
249,2JTCQQcY,,2023,31.268557021965226,-103.06523072790276,,,,,United States of America
250,2JTCQQcY,,2024,31.268557021965226,-103.06523072790276,,,,,United States of America
251,2JTCQQcY,,2025,31.268557021965226,-103.06523072790276,210.62204130167828,0.8388195539711354,33.94815456051444,387.2959280428421,United States of America
252,2Jjydfdr,ARG_S_002,2022,-36.370027817793286,-67.07498119075369,2242.331856675159,0.5042346178949633,1111.6705097308568,3372.9932036194614,Argentina
253,2Jjydfdr,ARG_S_002,2023,-36.370027817793286,-67.07498119075369,95.10179434814285,0.8008341100483577,18.941033507345935,171.26255518893976,Argentina
254,2Jjydfdr,ARG_S_002,2024,-36.370027817793286,-67.07498119075369,,,,,Argentina
255,2Jjydfdr,ARG_S_002,2025,-36.370027817793286,-67.07498119075369,,,,,Argentina
256,2KbnkWXj,UZB_S_006,2022,38.509556529569245,65.94144546258227,,,,,Uzbekistan
257,2KbnkWXj,UZB_S_006,2023,38.509556529569245,65.94144546258227,,,,,Uzbekistan
258,2KbnkWXj,UZB_S_006,2024,38.509556529569245,65.94144546258227,386.2338438681197,0.8361342162177321,63.290511548687505,709.1771761875519,Uzbekistan
259,2KbnkWXj,UZB_S_006,2025,38.509556529569245,65.94144546258227,,,,,Uzbekistan
260,2LPfrzQZ,USA_S_039,2022,32.211381399614744,-101.88981750825556,,,,,United States of America
261,2LPfrzQZ,USA_S_039,2023,32.211381399614744,-101.88981750825556,,,,,United States of America
262,2LPfrzQZ,USA_S_039,2024,32.211381399614744,-101.88981750825556,19.82501958735435,0.9008144826750212,1.9663548237495796,37.683684350959126,United States of America
263,2LPfrzQZ,USA_S_039,2025,32.211381399614744,-101.88981750825556,905.4309639126018,0.903173707187182,87.6695236335936,1723.19240419161,United States of America
264,2LRUHmqB,,2022,47.85916446004905,-103.18983629796332,,,,,United States of America
265,2LRUHmqB,,2023,47.85916446004905,-103.18983629796332,,,,,United States of America
266,2LRUHmqB,,2024,47.85916446004905,-103.18983629796332,,,,,United States of America
267,2LRUHmqB,,2025,47.85916446004905,-103.18983629796332,261.2374488134154,0.7336097688959393,69.59110436244094,452.8837932643899,United States of America
268,2M0e53AQ,,2022,32.838010066759495,3.433630618567207,,,,,Algeria
269,2M0e53AQ,,2023,32.838010066759495,3.433630618567207,,,,,Algeria
270,2M0e53AQ,,2024,32.838010066759495,3.433630618567207,,,,,Algeria
271,2M0e53AQ,,2025,32.838010066759495,3.433630618567207,188.14602432540903,0.7800523659866888,41.38227289938462,334.9097757514335,Algeria
272,2OR1R1iL,,2022,27.05839168163722,94.83602248627628,,,,,India
273,2OR1R1iL,,2023,27.05839168163722,94.83602248627628,,,,,India
274,2OR1R1iL,,2024,27.05839168163722,94.83602248627628,,,,,India
275,2OR1R1iL,,2025,27.05839168163722,94.83602248627628,178.1734167029488,0.6133991207620351,68.88199955419232,287.4648338517053,India
276,2P2SD43d,LBY_S_024,2022,29.27628502536181,21.361016437278437,,,,,Libya
277,2P2SD43d,LBY_S_024,2023,29.27628502536181,21.361016437278437,382.10826943758303,0.8385980194818446,61.673031459590845,702.5435074155753,Libya
278,2P2SD43d,LBY_S_024,2024,29.27628502536181,21.361016437278437,404.66469123914294,0.7203609673581722,113.16004280241782,696.1693396758681,Libya
279,2P2SD43d,LBY_S_024,2025,29.27628502536181,21.361016437278437,616.2664052229528,0.65320237591524,213.71972513457598,1018.8130853113296,Libya
280,2QOqgYs2,TKM_S_215,2022,39.476562874302545,53.74104594381237,353.6420399002431,0.60139250721221,140.96436686899548,566.3197129314907,Turkmenistan
281,2QOqgYs2,TKM_S_215,2023,39.476562874302545,53.74104594381237,1341.9294840295531,0.6442218591163751,477.4291770249564,2206.4297910341497,Turkmenistan
282,2QOqgYs2,TKM_S_215,2024,39.476562874302545,53.74104594381237,56.026900890129575,0.6418823684783086,20.064221048273744,91.9895807319854,Turkmenistan
283,2QOqgYs2,TKM_S_215,2025,39.476562874302545,53.74104594381237,506.714948469962,0.5604683848841706,222.71723970433663,790.7126572355874,Turkmenistan
284,2QXGY4G7,CHN_S_013,2022,37.30310470943936,94.29016344241964,,,,,China
285,2QXGY4G7,CHN_S_013,2023,37.30310470943936,94.29016344241964,1152.983929638381,0.4914407103120587,586.3606882785062,1719.6071709982557,China
286,2QXGY4G7,CHN_S_013,2024,37.30310470943936,94.29016344241964,415.3497749080194,0.702268091753476,123.6628810731288,707.03666874291,China
287,2QXGY4G7,CHN_S_013,2025,37.30310470943936,94.29016344241964,131.92123461887996,0.6767876778938562,42.638568576277606,221.20390066148232,China
288,2VK8Tw3r,,2022,45.491485112636816,85.14381137336625,,,,,China
289,2VK8Tw3r,,2023,45.491485112636816,85.14381137336625,,,,,China
290,2VK8Tw3r,,2024,45.491485112636816,85.14381137336625,,,,,China
291,2VK8Tw3r,,2025,45.491485112636816,85.14381137336625,308.2851371803139,0.661305386984094,104.41451523584189,512.1557591247858,China
292,2WhedprE,USA_S_562,2022,31.620974837714048,-102.08232377635812,,,,,United States of America
293,2WhedprE,USA_S_562,2023,31.620974837714048,-102.08232377635812,,,,,United States of America
294,2WhedprE,USA_S_562,2024,31.620974837714048,-102.08232377635812,,,,,United States of America
295,2WhedprE,USA_S_562,2025,31.620974837714048,-102.08232377635812,760.1526022954523,0.6634988280797466,255.79224151065,1264.5129630802546,United States of America
296,2XT6bLx1,TKM_S_017,2022,38.85505428826264,54.23521834009523,3221.655733468495,0.4041005204501922,1919.7829748625304,4523.52849207446,Turkmenistan
297,2XT6bLx1,TKM_S_017,2023,38.85505428826264,54.23521834009523,6278.017672549218,0.3307139495826158,4201.7896525110045,8354.245692587432,Turkmenistan
298,2XT6bLx1,TKM_S_017,2024,38.85505428826264,54.23521834009523,5502.203814092372,0.3447990421885059,3605.049209067379,7399.358419117366,Turkmenistan
299,2XT6bLx1,TKM_S_017,2025,38.85505428826264,54.23521834009523,5226.507219764104,0.350464071866166,3394.8042178876613,7058.2102216405465,Turkmenistan
300,2ZUqjHxy,,2022,35.43063959117274,-119.69023865672636,,,,,United States of America
301,2ZUqjHxy,,2023,35.43063959117274,-119.69023865672636,,,,,United States of America
302,2ZUqjHxy,,2024,35.43063959117274,-119.69023865672636,,,,,United States of America
303,2ZUqjHxy,,2025,35.43063959117274,-119.69023865672636,12.589191524168656,0.6053508553895499,4.968313666350289,20.210069381987026,United States of America
304,2bqHhAvG,,2022,35.37282921584485,-119.07828146441706,,,,,United States of America
305,2bqHhAvG,,2023,35.37282921584485,-119.07828146441706,,,,,United States of America
306,2bqHhAvG,,2024,35.37282921584485,-119.07828146441706,,,,,United States of America
307,2bqHhAvG,,2025,35.37282921584485,-119.07828146441706,66.59417081480609,0.859533404635926,9.354256445449394,123.83408518416279,United States of America
308,2chzxsMt,,2022,45.46797449865789,85.14281070741173,,,,,China
309,2chzxsMt,,2023,45.46797449865789,85.14281070741173,,,,,China
310,2chzxsMt,,2024,45.46797449865789,85.14281070741173,,,,,China
311,2chzxsMt,,2025,45.46797449865789,85.14281070741173,316.6143258508373,0.6139694147033802,122.22281352149344,511.0058381801812,China
312,2jafb4XE,KAZ_S_135,2022,46.192308297541295,58.794639926863226,,,,,Kazakhstan
313,2jafb4XE,KAZ_S_135,2023,46.192308297541295,58.794639926863226,,,,,Kazakhstan
314,2jafb4XE,KAZ_S_135,2024,46.192308297541295,58.794639926863226,1026.608726922533,0.5529618456251257,458.93327054858844,1594.2841832964773,Kazakhstan
315,2jafb4XE,KAZ_S_135,2025,46.192308297541295,58.794639926863226,,,,,Kazakhstan
316,2mP28OR0,LBY_S_138,2022,27.96943074837446,19.938151657653403,,,,,Libya
317,2mP28OR0,LBY_S_138,2023,27.96943074837446,19.938151657653403,,,,,Libya
318,2mP28OR0,LBY_S_138,2024,27.96943074837446,19.938151657653403,,,,,Libya
319,2mP28OR0,LBY_S_138,2025,27.96943074837446,19.938151657653403,230.30981277034763,0.8768840209323479,28.354818088109,432.2648074525863,Libya
320,2obUcdfW,USA_S_076,2022,32.3053345115321,-102.0924009825208,,,,,United States of America
321,2obUcdfW,USA_S_076,2023,32.3053345115321,-102.0924009825208,,,,,United States of America
322,2obUcdfW,USA_S_076,2024,32.3053345115321,-102.0924009825208,1466.4325370671925,0.5499756929080808,659.9302863907084,2272.9347877436767,United States of America
323,2obUcdfW,USA_S_076,2025,32.3053345115321,-102.0924009825208,987.4299968907328,0.5197045319325816,474.25815254044403,1500.6018412410217,United States of America
324,2pw92xfl,,2022,39.86979862722185,112.8202826690176,,,,,China
325,2pw92xfl,,2023,39.86979862722185,112.8202826690176,,,,,China
326,2pw92xfl,,2024,39.86979862722185,112.8202826690176,,,,,China
327,2pw92xfl,,2025,39.86979862722185,112.8202826690176,358.8729059807072,0.7143723298551898,102.5040320133669,615.2417799480475,China
328,2rkg4azf,USA_S_239,2022,31.175211080864702,-103.4039461563386,,,,,United States of America
329,2rkg4azf,USA_S_239,2023,31.175211080864702,-103.4039461563386,,,,,United States of America
330,2rkg4azf,USA_S_239,2024,31.175211080864702,-103.4039461563386,,,,,United States of America
331,2rkg4azf,USA_S_239,2025,31.175211080864702,-103.4039461563386,854.1034823223329,0.6741207504904067,278.3346018227321,1429.8723628219336,United States of America
332,2t3iN1lx,MEX_S_090,2022,18.07432891438151,-93.04338931476764,,,,,Mexico
333,2t3iN1lx,MEX_S_090,2023,18.07432891438151,-93.04338931476764,,,,,Mexico
334,2t3iN1lx,MEX_S_090,2024,18.07432891438151,-93.04338931476764,,,,,Mexico
335,2t3iN1lx,MEX_S_090,2025,18.07432891438151,-93.04338931476764,85.87063215323681,0.8400085322380412,13.738568475843607,158.00269583063002,Mexico
336,2vzjojEl,,2022,31.80336345530123,-101.65650563163412,,,,,United States of America
337,2vzjojEl,,2023,31.80336345530123,-101.65650563163412,,,,,United States of America
338,2vzjojEl,,2024,31.80336345530123,-101.65650563163412,,,,,United States of America
339,2vzjojEl,,2025,31.80336345530123,-101.65650563163412,247.7068340795954,0.8158562900801399,45.613655399919935,449.8000127592709,United States of America
340,2xrz4mBt,,2022,31.306091458664135,-103.25617622795257,,,,,United States of America
341,2xrz4mBt,,2023,31.306091458664135,-103.25617622795257,,,,,United States of America
342,2xrz4mBt,,2024,31.306091458664135,-103.25617622795257,,,,,United States of America
343,2xrz4mBt,,2025,31.306091458664135,-103.25617622795257,241.7951023848176,0.7544180814260656,59.3805051454444,424.20969962419076,United States of America
344,2xswgHIW,TKM_S_308,2022,36.59874466562635,61.60438712136579,,,,,Turkmenistan
345,2xswgHIW,TKM_S_308,2023,36.59874466562635,61.60438712136579,333.6641167425145,0.5925749303872292,135.94312599110268,531.3851074939264,Turkmenistan
346,2xswgHIW,TKM_S_308,2024,36.59874466562635,61.60438712136579,,,,,Turkmenistan
347,2xswgHIW,TKM_S_308,2025,36.59874466562635,61.60438712136579,172.10356211905946,0.8352381807471843,28.35609599462623,315.8510282434927,Turkmenistan
348,2yknknFu,IRN_S_074,2022,28.63768680322237,52.03777876648279,,,,,Iran
349,2yknknFu,IRN_S_074,2023,28.63768680322237,52.03777876648279,1302.5811286653995,0.4699305829378706,690.4584195477989,1914.7038377830002,Iran
350,2yknknFu,IRN_S_074,2024,28.63768680322237,52.03777876648279,2129.359088976412,0.5623487888590967,931.9165842444172,3326.8015937084065,Iran
351,2yknknFu,IRN_S_074,2025,28.63768680322237,52.03777876648279,,,,,Iran
352,30jzJT6V,,2022,45.49256756533433,85.15052147531448,,,,,China
353,30jzJT6V,,2023,45.49256756533433,85.15052147531448,,,,,China
354,30jzJT6V,,2024,45.49256756533433,85.15052147531448,,,,,China
355,30jzJT6V,,2025,45.49256756533433,85.15052147531448,135.24339871989676,0.7517080118297749,33.57985235506165,236.9069450847319,China
356,31O1GP7O,DZA_S_110,2022,31.62903090449152,5.881340365591136,,,,,Algeria
357,31O1GP7O,DZA_S_110,2023,31.62903090449152,5.881340365591136,449.9454058067965,0.7179587415233755,126.90316849952438,772.9876431140685,Algeria
358,31O1GP7O,DZA_S_110,2024,31.62903090449152,5.881340365591136,44.67616659420485,0.8619661184099643,6.166824689561182,83.18550849884852,Algeria
359,31O1GP7O,DZA_S_110,2025,31.62903090449152,5.881340365591136,,,,,Algeria
360,32KPNHdp,CHN_S_460,2022,35.94167930559516,108.08379560178172,,,,,China
361,32KPNHdp,CHN_S_460,2023,35.94167930559516,108.08379560178172,,,,,China
362,32KPNHdp,CHN_S_460,2024,35.94167930559516,108.08379560178172,,,,,China
363,32KPNHdp,CHN_S_460,2025,35.94167930559516,108.08379560178172,713.9573498322071,0.8242793896950453,125.45702124422348,1302.4576784201909,China
364,32xO9bhG,,2022,40.31602435172012,-104.71018454068164,,,,,United States of America
365,32xO9bhG,,2023,40.31602435172012,-104.71018454068164,,,,,United States of America
366,32xO9bhG,,2024,40.31602435172012,-104.71018454068164,,,,,United States of America
367,32xO9bhG,,2025,40.31602435172012,-104.71018454068164,173.9956635865611,0.7167022335228667,49.29258287077944,298.6987443023428,United States of America
368,341d2rzN,TKM_S_127,2022,38.60036773919473,62.71128940798744,,,,,Turkmenistan
369,341d2rzN,TKM_S_127,2023,38.60036773919473,62.71128940798744,,,,,Turkmenistan
370,341d2rzN,TKM_S_127,2024,38.60036773919473,62.71128940798744,,,,,Turkmenistan
371,341d2rzN,TKM_S_127,2025,38.60036773919473,62.71128940798744,727.4956349161188,0.6213918988239769,275.43574094943705,1179.5555288828004,Turkmenistan
372,35KLcX7r,TKM_S_184,2022,37.48637930128595,54.044039091431365,,,,,Turkmenistan
373,35KLcX7r,TKM_S_184,2023,37.48637930128595,54.044039091431365,655.6096521271031,0.6250910689512491,245.79391386421565,1065.4253903899905,Turkmenistan
374,35KLcX7r,TKM_S_184,2024,37.48637930128595,54.044039091431365,,,,,Turkmenistan
375,35KLcX7r,TKM_S_184,2025,37.48637930128595,54.044039091431365,,,,,Turkmenistan
376,36AXrWnw,CHN_S_839,2022,45.46975666519632,85.11929955266781,,,,,China
377,36AXrWnw,CHN_S_839,2023,45.46975666519632,85.11929955266781,,,,,China
378,36AXrWnw,CHN_S_839,2024,45.46975666519632,85.11929955266781,,,,,China
379,36AXrWnw,CHN_S_839,2025,45.46975666519632,85.11929955266781,913.5849365336824,0.5749395633516405,388.32881203837076,1438.8410610289939,China
380,36iVF6wn,,2022,41.886905765842975,-110.08837053916596,,,,,United States of America
381,36iVF6wn,,2023,41.886905765842975,-110.08837053916596,,,,,United States of America
382,36iVF6wn,,2024,41.886905765842975,-110.08837053916596,,,,,United States of America
383,36iVF6wn,,2025,41.886905765842975,-110.08837053916596,225.8508323794068,0.6934521975994367,69.23407633624515,382.46758842256844,United States of America
384,38X4HbNX,CHN_S_010,2022,37.36329251918784,94.13779610422756,,,,,China
385,38X4HbNX,CHN_S_010,2023,37.36329251918784,94.13779610422756,1548.561895322363,0.4691649460963166,822.0309371766367,2275.0928534680893,China
386,38X4HbNX,CHN_S_010,2024,37.36329251918784,94.13779610422756,902.7633069916748,0.6078625103432297,354.00733695795964,1451.5192770253898,China
387,38X4HbNX,CHN_S_010,2025,37.36329251918784,94.13779610422756,,,,,China
388,3CZxwo1N,USA_S_004,2022,31.74850240504347,-103.40955611025775,,,,,United States of America
389,3CZxwo1N,USA_S_004,2023,31.74850240504347,-103.40955611025775,688.6928405372522,0.7815219936406376,150.46423879454517,1226.9214422799591,United States of America
390,3CZxwo1N,USA_S_004,2024,31.74850240504347,-103.40955611025775,,,,,United States of America
391,3CZxwo1N,USA_S_004,2025,31.74850240504347,-103.40955611025775,,,,,United States of America
392,3FGUUS6g,NGA_S_009,2022,5.457381550212326,6.739782523334816,,,,,Nigeria
393,3FGUUS6g,NGA_S_009,2023,5.457381550212326,6.739782523334816,,,,,Nigeria
394,3FGUUS6g,NGA_S_009,2024,5.457381550212326,6.739782523334816,571.2769165263805,0.5335085443036387,266.49580039611993,876.0580326566412,Nigeria
395,3FGUUS6g,NGA_S_009,2025,5.457381550212326,6.739782523334816,,,,,Nigeria
396,3GOXB26I,DZA_S_252,2022,30.209053064164827,6.685430054796821,,,,,Algeria
397,3GOXB26I,DZA_S_252,2023,30.209053064164827,6.685430054796821,,,,,Algeria
398,3GOXB26I,DZA_S_252,2024,30.209053064164827,6.685430054796821,,,,,Algeria
399,3GOXB26I,DZA_S_252,2025,30.209053064164827,6.685430054796821,412.8108518968333,0.7134482527095868,118.29167091148156,707.330032882185,Algeria
400,3ItXspzU,TKM_S_291,2022,38.227611156476414,54.08091090280871,,,,,Turkmenistan
401,3ItXspzU,TKM_S_291,2023,38.227611156476414,54.08091090280871,240.24558748206863,0.8054919060625332,46.729711298024114,433.7614636661132,Turkmenistan
402,3ItXspzU,TKM_S_291,2024,38.227611156476414,54.08091090280871,81.10168235309648,0.7342338857234587,21.55407898027279,140.64928572592015,Turkmenistan
403,3ItXspzU,TKM_S_291,2025,38.227611156476414,54.08091090280871,,,,,Turkmenistan
404,3KxK62YF,CHN_S_807,2022,39.532742405064624,106.50850801465845,,,,,China
405,3KxK62YF,CHN_S_807,2023,39.532742405064624,106.50850801465845,1254.339373952237,0.5868763207232938,518.1972972287884,1990.4814506756857,China
406,3KxK62YF,CHN_S_807,2024,39.532742405064624,106.50850801465845,,,,,China
407,3KxK62YF,CHN_S_807,2025,39.532742405064624,106.50850801465845,,,,,China
408,3P5WE59S,USA_S_169,2022,31.085324399659623,-101.19767369048722,,,,,United States of America
409,3P5WE59S,USA_S_169,2023,31.085324399659623,-101.19767369048722,761.9561469160196,0.5573348984077341,337.2913951834313,1186.620898648608,United States of America
410,3P5WE59S,USA_S_169,2024,31.085324399659623,-101.19767369048722,,,,,United States of America
411,3P5WE59S,USA_S_169,2025,31.085324399659623,-101.19767369048722,,,,,United States of America
412,3Ryy8YhL,TKM_S_091,2022,37.57941107617194,54.00542379944951,,,,,Turkmenistan
413,3Ryy8YhL,TKM_S_091,2023,37.57941107617194,54.00542379944951,650.0598523384456,0.604526341877558,257.0815478028195,1043.0381568740718,Turkmenistan
414,3Ryy8YhL,TKM_S_091,2024,37.57941107617194,54.00542379944951,594.1046924825249,0.7088723788997974,172.9602858069049,1015.2490991581449,Turkmenistan
415,3Ryy8YhL,TKM_S_091,2025,37.57941107617194,54.00542379944951,163.74459079097826,0.7180510999784012,46.16760725800313,281.3215743239534,Turkmenistan
416,3TLudHFI,BHR_S_007,2022,26.011630671930977,50.548309197019506,,,,,
417,3TLudHFI,BHR_S_007,2023,26.011630671930977,50.548309197019506,1258.1233364344432,0.5379880712931484,581.2679892171763,1934.97868365171,
418,3TLudHFI,BHR_S_007,2024,26.011630671930977,50.548309197019506,808.629770240759,0.4510298610731261,443.91359730947556,1173.3459431720423,
419,3TLudHFI,BHR_S_007,2025,26.011630671930977,50.548309197019506,378.58042461664166,0.5535083790834829,169.03298743434763,588.1278617989357,
420,3UMbnWmX,VEN_S_002,2022,10.06568075192155,-64.8876152040395,,,,,Venezuela
421,3UMbnWmX,VEN_S_002,2023,10.06568075192155,-64.8876152040395,,,,,Venezuela
422,3UMbnWmX,VEN_S_002,2024,10.06568075192155,-64.8876152040395,1560.132211677043,0.5730640665403346,666.0765021128307,2454.187921241255,Venezuela
423,3UMbnWmX,VEN_S_002,2025,10.06568075192155,-64.8876152040395,222.8817736222094,0.4733364170658484,117.38371346659129,328.3798337778275,Venezuela
424,3V5ViBF8,,2022,32.04091726164551,-103.67805515278694,,,,,United States of America
425,3V5ViBF8,,2023,32.04091726164551,-103.67805515278694,,,,,United States of America
426,3V5ViBF8,,2024,32.04091726164551,-103.67805515278694,,,,,United States of America
427,3V5ViBF8,,2025,32.04091726164551,-103.67805515278694,192.0741268744044,0.7613565876094663,45.83722506924019,338.3110286795686,United States of America
428,3VTkFoBP,UZB_S_072,2022,39.178766977294984,65.30298369645764,,,,,Uzbekistan
429,3VTkFoBP,UZB_S_072,2023,39.178766977294984,65.30298369645764,,,,,Uzbekistan
430,3VTkFoBP,UZB_S_072,2024,39.178766977294984,65.30298369645764,209.5360013228802,0.6520148274523118,72.91542157529508,346.15658107046534,Uzbekistan
431,3VTkFoBP,UZB_S_072,2025,39.178766977294984,65.30298369645764,507.38154806549306,0.6761588825845867,164.31100748149152,850.4520886494946,Uzbekistan
432,3Vk1W8tc,,2022,31.861380151169776,-101.88421289676344,,,,,United States of America
433,3Vk1W8tc,,2023,31.861380151169776,-101.88421289676344,,,,,United States of America
434,3Vk1W8tc,,2024,31.861380151169776,-101.88421289676344,,,,,United States of America
435,3Vk1W8tc,,2025,31.861380151169776,-101.88421289676344,105.16602398161176,0.8780731682506037,12.82256011175896,197.50948785146454,United States of America
436,3WWUSmvh,,2022,31.718776559137545,5.889578826230519,,,,,Algeria
437,3WWUSmvh,,2023,31.718776559137545,5.889578826230519,,,,,Algeria
438,3WWUSmvh,,2024,31.718776559137545,5.889578826230519,,,,,Algeria
439,3WWUSmvh,,2025,31.718776559137545,5.889578826230519,191.0906655802596,0.7909188762396607,39.95345109963188,342.22788006088734,Algeria
440,3WkKXS2y,IRN_S_009,2022,31.129535963264683,49.8799534961416,,,,,Iran
441,3WkKXS2y,IRN_S_009,2023,31.129535963264683,49.8799534961416,1223.2064887450606,0.448072489092315,675.1213126591905,1771.2916648309306,Iran
442,3WkKXS2y,IRN_S_009,2024,31.129535963264683,49.8799534961416,805.8602042493164,0.4618713246290973,433.6564842468097,1178.0639242518232,Iran
443,3WkKXS2y,IRN_S_009,2025,31.129535963264683,49.8799534961416,4196.563910976154,0.3500937373654171,2727.373167289681,5665.754654662627,Iran
444,3ZxL7cRr,KAZ_S_014,2022,43.40088022534822,52.48202617983743,,,,,Kazakhstan
445,3ZxL7cRr,KAZ_S_014,2023,43.40088022534822,52.48202617983743,989.4719896066327,0.8340043796263423,164.24801675711035,1814.695962456155,Kazakhstan
446,3ZxL7cRr,KAZ_S_014,2024,43.40088022534822,52.48202617983743,918.4163795066396,0.6891634097986247,285.4774157909361,1551.355343222343,Kazakhstan
447,3ZxL7cRr,KAZ_S_014,2025,43.40088022534822,52.48202617983743,,,,,Kazakhstan
448,3dhaCP2F,IRQ_S_038,2022,30.266979315424088,47.71599713389073,,,,,Iraq
449,3dhaCP2F,IRQ_S_038,2023,30.266979315424088,47.71599713389073,87.05674700604396,0.7772094457721722,19.39542091474833,154.71807309733958,Iraq
450,3dhaCP2F,IRQ_S_038,2024,30.266979315424088,47.71599713389073,675.3629057193444,0.9272927384108812,49.103787453723726,1301.6220239849652,Iraq
451,3dhaCP2F,IRQ_S_038,2025,30.266979315424088,47.71599713389073,116.56484237198558,0.948570852808068,5.994830435753201,227.13485430821794,Iraq
452,3ejSezqy,TKM_S_254,2022,39.52177873448833,53.7715662631141,,,,,Turkmenistan
453,3ejSezqy,TKM_S_254,2023,39.52177873448833,53.7715662631141,488.13964104360065,0.6272054710014598,181.97578756836555,794.3034945188358,Turkmenistan
454,3ejSezqy,TKM_S_254,2024,39.52177873448833,53.7715662631141,,,,,Turkmenistan
455,3ejSezqy,TKM_S_254,2025,39.52177873448833,53.7715662631141,,,,,Turkmenistan
456,3mnABFIH,TKM_S_323,2022,39.66127394003428,60.184280150814416,,,,,Turkmenistan
457,3mnABFIH,TKM_S_323,2023,39.66127394003428,60.184280150814416,204.8166665574897,0.7210930727498504,57.124787119167934,352.50854599581146,Turkmenistan
458,3mnABFIH,TKM_S_323,2024,39.66127394003428,60.184280150814416,57.72762351226494,0.8343646410534168,9.56173564158722,105.89351138294266,Turkmenistan
459,3mnABFIH,TKM_S_323,2025,39.66127394003428,60.184280150814416,,,,,Turkmenistan
460,3naAmIGY,,2022,35.638397284342,-119.7377064383987,,,,,United States of America
461,3naAmIGY,,2023,35.638397284342,-119.7377064383987,,,,,United States of America
462,3naAmIGY,,2024,35.638397284342,-119.7377064383987,,,,,United States of America
463,3naAmIGY,,2025,35.638397284342,-119.7377064383987,73.40811021534967,0.8254604078400097,12.812621618222742,134.00359881247658,United States of America
464,3nbsn3vz,,2022,30.793379198440924,49.79058203371275,,,,,Iran
465,3nbsn3vz,,2023,30.793379198440924,49.79058203371275,,,,,Iran
466,3nbsn3vz,,2024,30.793379198440924,49.79058203371275,,,,,Iran
467,3nbsn3vz,,2025,30.793379198440924,49.79058203371275,415.608900887741,0.6322689715407961,152.83228856024834,678.3855132152337,Iran
468,3oDuf5pc,USA_S_014,2022,31.965223261170873,-103.61207476350349,,,,,United States of America
469,3oDuf5pc,USA_S_014,2023,31.965223261170873,-103.61207476350349,202.8388818112881,0.9167234199845384,16.891728371404497,388.7860352511717,United States of America
470,3oDuf5pc,USA_S_014,2024,31.965223261170873,-103.61207476350349,,,,,United States of America
471,3oDuf5pc,USA_S_014,2025,31.965223261170873,-103.61207476350349,,,,,United States of America
472,3omvLtph,USA_S_316,2022,38.30081254671104,-96.13051078869108,,,,,United States of America
473,3omvLtph,USA_S_316,2023,38.30081254671104,-96.13051078869108,,,,,United States of America
474,3omvLtph,USA_S_316,2024,38.30081254671104,-96.13051078869108,2213.462579127399,0.4863625577096201,1136.9172577484646,3290.007900506333,United States of America
475,3omvLtph,USA_S_316,2025,38.30081254671104,-96.13051078869108,,,,,United States of America
476,3pRwOW8u,OMN_S_003,2022,22.4448671038592,56.70144540853659,,,,,Oman
477,3pRwOW8u,OMN_S_003,2023,22.4448671038592,56.70144540853659,,,,,Oman
478,3pRwOW8u,OMN_S_003,2024,22.4448671038592,56.70144540853659,171.18253606838783,0.525998443673355,81.14078851235787,261.2242836244178,Oman
479,3pRwOW8u,OMN_S_003,2025,22.4448671038592,56.70144540853659,,,,,Oman
480,3sHZvmcA,IRQ_S_017,2022,30.714457415561824,47.32833832666776,,,,,Iraq
481,3sHZvmcA,IRQ_S_017,2023,30.714457415561824,47.32833832666776,234.20506505826188,0.9092275997734508,21.259355900553544,447.1507742159702,Iraq
482,3sHZvmcA,IRQ_S_017,2024,30.714457415561824,47.32833832666776,,,,,Iraq
483,3sHZvmcA,IRQ_S_017,2025,30.714457415561824,47.32833832666776,,,,,Iraq
484,3yovEwsa,,2022,31.30895627642209,-103.33112872670029,,,,,United States of America
485,3yovEwsa,,2023,31.30895627642209,-103.33112872670029,,,,,United States of America
486,3yovEwsa,,2024,31.30895627642209,-103.33112872670029,,,,,United States of America
487,3yovEwsa,,2025,31.30895627642209,-103.33112872670029,195.32019395984392,0.7677947856391668,45.35436750744506,345.2860204122428,United States of America
488,401WrHB6,YEM_S_016,2022,15.596452458536511,46.019540024157344,,,,,Yemen
489,401WrHB6,YEM_S_016,2023,15.596452458536511,46.019540024157344,1210.9645609257084,0.4784449930510711,631.5846299885145,1790.3444918629023,Yemen
490,401WrHB6,YEM_S_016,2024,15.596452458536511,46.019540024157344,,,,,Yemen
491,401WrHB6,YEM_S_016,2025,15.596452458536511,46.019540024157344,,,,,Yemen
492,42XopcKW,VEN_S_097,2022,9.294461118315429,-63.89916519956281,,,,,Venezuela
493,42XopcKW,VEN_S_097,2023,9.294461118315429,-63.89916519956281,,,,,Venezuela
494,42XopcKW,VEN_S_097,2024,9.294461118315429,-63.89916519956281,,,,,Venezuela
495,42XopcKW,VEN_S_097,2025,9.294461118315429,-63.89916519956281,744.3289676117244,0.5125749015233294,362.8046203371833,1125.8533148862655,Venezuela
496,44TfTVfm,,2022,31.357743857117857,-103.68253682652484,,,,,United States of America
497,44TfTVfm,,2023,31.357743857117857,-103.68253682652484,,,,,United States of America
498,44TfTVfm,,2024,31.357743857117857,-103.68253682652484,,,,,United States of America
499,44TfTVfm,,2025,31.357743857117857,-103.68253682652484,456.86105512444334,0.5199744273469193,219.30498960900155,694.4171206398851,United States of America
500,47YrTxiX,,2022,31.783132072809735,-103.6838022175209,,,,,United States of America
501,47YrTxiX,,2023,31.783132072809735,-103.6838022175209,,,,,United States of America
502,47YrTxiX,,2024,31.783132072809735,-103.6838022175209,,,,,United States of America
503,47YrTxiX,,2025,31.783132072809735,-103.6838022175209,142.17703712335114,0.8081129821434851,27.28192766127485,257.07214658542745,United States of America
504,4DFGwQLr,,2022,48.23464170649017,57.352201193621134,,,,,Kazakhstan
505,4DFGwQLr,,2023,48.23464170649017,57.352201193621134,,,,,Kazakhstan
506,4DFGwQLr,,2024,48.23464170649017,57.352201193621134,,,,,Kazakhstan
507,4DFGwQLr,,2025,48.23464170649017,57.352201193621134,372.15795114628,0.6438816050182643,132.53229224190446,611.7836100506556,Kazakhstan
508,4I2prc6l,,2022,18.067691010492407,-93.09504540198049,,,,,Mexico
509,4I2prc6l,,2023,18.067691010492407,-93.09504540198049,,,,,Mexico
510,4I2prc6l,,2024,18.067691010492407,-93.09504540198049,,,,,Mexico
511,4I2prc6l,,2025,18.067691010492407,-93.09504540198049,244.6694662291444,0.6509270938194952,85.40748163024031,403.93145082804847,Mexico
512,4J89ROIx,CHN_S_294,2022,45.21912054561643,85.11775684740985,,,,,China
513,4J89ROIx,CHN_S_294,2023,45.21912054561643,85.11775684740985,,,,,China
514,4J89ROIx,CHN_S_294,2024,45.21912054561643,85.11775684740985,,,,,China
515,4J89ROIx,CHN_S_294,2025,45.21912054561643,85.11775684740985,624.4121776551605,0.6968730684965228,189.2761474060129,1059.5482079043081,China
516,4LDrupVO,,2022,27.37291693908713,95.35313956730404,,,,,India
517,4LDrupVO,,2023,27.37291693908713,95.35313956730404,,,,,India
518,4LDrupVO,,2024,27.37291693908713,95.35313956730404,,,,,India
519,4LDrupVO,,2025,27.37291693908713,95.35313956730404,204.1363695303924,0.6541501284679158,70.60053717711227,337.6722018836725,India
520,4O5ivYHs,EGY_S_049,2022,29.850415746226307,27.830799326933203,,,,,Egypt
521,4O5ivYHs,EGY_S_049,2023,29.850415746226307,27.830799326933203,,,,,Egypt
522,4O5ivYHs,EGY_S_049,2024,29.850415746226307,27.830799326933203,1174.864159540068,0.4998819216088497,587.5708058398126,1762.1575132403232,Egypt
523,4O5ivYHs,EGY_S_049,2025,29.850415746226307,27.830799326933203,511.09133960865375,0.8489432197624821,77.20381216856305,944.9788670487444,Egypt
524,4QC2V1GX,TKM_S_458,2022,38.66089396311773,54.36808833153702,,,,,Turkmenistan
525,4QC2V1GX,TKM_S_458,2023,38.66089396311773,54.36808833153702,,,,,Turkmenistan
526,4QC2V1GX,TKM_S_458,2024,38.66089396311773,54.36808833153702,,,,,Turkmenistan
527,4QC2V1GX,TKM_S_458,2025,38.66089396311773,54.36808833153702,638.6033620682498,0.8014002252698919,126.8264838486441,1150.3802402878555,Turkmenistan
528,4RpLNwF2,TKM_S_304,2022,37.89413815651884,53.91769891421158,,,,,Turkmenistan
529,4RpLNwF2,TKM_S_304,2023,37.89413815651884,53.91769891421158,701.1698328746799,0.5975903753832537,282.1574892396867,1120.182176509673,Turkmenistan
530,4RpLNwF2,TKM_S_304,2024,37.89413815651884,53.91769891421158,,,,,Turkmenistan
531,4RpLNwF2,TKM_S_304,2025,37.89413815651884,53.91769891421158,,,,,Turkmenistan
532,4SvaatHO,IRQ_S_070,2022,30.573096707062295,47.76111320665381,,,,,Iraq
533,4SvaatHO,IRQ_S_070,2023,30.573096707062295,47.76111320665381,,,,,Iraq
534,4SvaatHO,IRQ_S_070,2024,30.573096707062295,47.76111320665381,,,,,Iraq
535,4SvaatHO,IRQ_S_070,2025,30.573096707062295,47.76111320665381,889.0014278323606,0.6946324774248249,271.47216358296123,1506.53069208176,Iraq
536,4T37fNuP,VEN_S_095,2022,9.651188489970153,-63.624393184083424,,,,,Venezuela
537,4T37fNuP,VEN_S_095,2023,9.651188489970153,-63.624393184083424,,,,,Venezuela
538,4T37fNuP,VEN_S_095,2024,9.651188489970153,-63.624393184083424,849.2735163779888,0.6254314924674791,318.1111135165992,1380.4359192393786,Venezuela
539,4T37fNuP,VEN_S_095,2025,9.651188489970153,-63.624393184083424,1123.9737218442992,0.5565879935886907,498.3834431565675,1749.564000532031,Venezuela
540,4a0PkWnu,SYR_S_023,2022,35.02606869899682,40.70979401086317,,,,,Syria
541,4a0PkWnu,SYR_S_023,2023,35.02606869899682,40.70979401086317,,,,,Syria
542,4a0PkWnu,SYR_S_023,2024,35.02606869899682,40.70979401086317,1331.0452115093765,0.5844672822373076,553.0928342035089,2108.997588815244,Syria
543,4a0PkWnu,SYR_S_023,2025,35.02606869899682,40.70979401086317,1110.5575787428102,0.5584580782938455,490.35772748343436,1730.757430002186,Syria
544,4asCAMeE,IRN_S_169,2022,30.753724130596012,49.97990843652126,,,,,Iran
545,4asCAMeE,IRN_S_169,2023,30.753724130596012,49.97990843652126,1296.9453518354644,0.4577056502182971,703.3261362760151,1890.5645673949139,Iran
546,4asCAMeE,IRN_S_169,2024,30.753724130596012,49.97990843652126,821.8476572478712,0.6081166409397546,322.06842055808903,1321.6268939376534,Iran
547,4asCAMeE,IRN_S_169,2025,30.753724130596012,49.97990843652126,1732.5898424013562,0.6824776513446781,550.1359960156326,2915.04368878708,Iran
548,4avobXmm,,2022,17.997886529610653,-93.07602681527298,,,,,Mexico
549,4avobXmm,,2023,17.997886529610653,-93.07602681527298,,,,,Mexico
550,4avobXmm,,2024,17.997886529610653,-93.07602681527298,,,,,Mexico
551,4avobXmm,,2025,17.997886529610653,-93.07602681527298,170.07491657563543,0.7237509226340654,46.98303878710759,293.16679436416325,Mexico
552,4cxLJiCr,IRN_S_021,2022,30.89942325606976,49.67531995558912,,,,,Iran
553,4cxLJiCr,IRN_S_021,2023,30.89942325606976,49.67531995558912,1199.0769801065533,0.4626214973083564,644.3581921816773,1753.7957680314294,Iran
554,4cxLJiCr,IRN_S_021,2024,30.89942325606976,49.67531995558912,825.2823745594835,0.5584802069431604,364.37850322896037,1286.1862458900066,Iran
555,4cxLJiCr,IRN_S_021,2025,30.89942325606976,49.67531995558912,2025.5274262757596,0.4387263758920539,1136.8751192758364,2914.179733275683,Iran
556,4duxgMIw,TKM_S_045,2022,38.68129108261554,54.31591370103836,,,,,Turkmenistan
557,4duxgMIw,TKM_S_045,2023,38.68129108261554,54.31591370103836,,,,,Turkmenistan
558,4duxgMIw,TKM_S_045,2024,38.68129108261554,54.31591370103836,,,,,Turkmenistan
559,4duxgMIw,TKM_S_045,2025,38.68129108261554,54.31591370103836,717.9868292729982,0.5375673333202025,332.02056410168507,1103.9530944443113,Turkmenistan
560,4elcyCZ2,,2022,29.29909773244671,6.487579234449186,,,,,Algeria
561,4elcyCZ2,,2023,29.29909773244671,6.487579234449186,,,,,Algeria
562,4elcyCZ2,,2024,29.29909773244671,6.487579234449186,,,,,Algeria
563,4elcyCZ2,,2025,29.29909773244671,6.487579234449186,667.4223015772201,0.6275275720645119,248.59640512675867,1086.2481980276816,Algeria
564,4f7s7F5T,,2022,38.66507013582823,54.2872172784006,,,,,Turkmenistan
565,4f7s7F5T,,2023,38.66507013582823,54.2872172784006,,,,,Turkmenistan
566,4f7s7F5T,,2024,38.66507013582823,54.2872172784006,,,,,Turkmenistan
567,4f7s7F5T,,2025,38.66507013582823,54.2872172784006,86.7515831032915,0.8341258730558309,14.389843108283017,159.1133230983,Turkmenistan
568,4hSi0MRF,TKM_S_397,2022,39.442527031977406,53.63823282522762,,,,,Turkmenistan
569,4hSi0MRF,TKM_S_397,2023,39.442527031977406,53.63823282522762,,,,,Turkmenistan
570,4hSi0MRF,TKM_S_397,2024,39.442527031977406,53.63823282522762,,,,,Turkmenistan
571,4hSi0MRF,TKM_S_397,2025,39.442527031977406,53.63823282522762,1131.2541146688975,0.6568077074532354,388.23769306617953,1874.2705362716156,Turkmenistan
572,4isoxF4O,,2022,28.11906278747148,9.777313514289204,,,,,Libya
573,4isoxF4O,,2023,28.11906278747148,9.777313514289204,,,,,Libya
574,4isoxF4O,,2024,28.11906278747148,9.777313514289204,,,,,Libya
575,4isoxF4O,,2025,28.11906278747148,9.777313514289204,345.913442362182,0.6761054058490017,112.03949402527368,579.7873906990903,Libya
576,4iya7wXq,,2022,45.67304429048684,85.4169821873748,,,,,China
577,4iya7wXq,,2023,45.67304429048684,85.4169821873748,,,,,China
578,4iya7wXq,,2024,45.67304429048684,85.4169821873748,,,,,China
579,4iya7wXq,,2025,45.67304429048684,85.4169821873748,233.39799708365905,0.742186361617704,60.17318681927864,406.6228073480395,China
580,4oVuZKFj,,2022,31.68270832939014,-102.23902962952194,,,,,United States of America
581,4oVuZKFj,,2023,31.68270832939014,-102.23902962952194,,,,,United States of America
582,4oVuZKFj,,2024,31.68270832939014,-102.23902962952194,,,,,United States of America
583,4oVuZKFj,,2025,31.68270832939014,-102.23902962952194,158.52655637706098,0.8942821025299041,16.7590942333575,300.29401852076444,United States of America
584,4q6Cwn4q,DZA_S_085,2022,31.670935521536517,5.809745252026188,,,,,Algeria
585,4q6Cwn4q,DZA_S_085,2023,31.670935521536517,5.809745252026188,780.0515409793995,0.6578005432875466,266.93321353086264,1293.1698684279363,Algeria
586,4q6Cwn4q,DZA_S_085,2024,31.670935521536517,5.809745252026188,,,,,Algeria
587,4q6Cwn4q,DZA_S_085,2025,31.670935521536517,5.809745252026188,,,,,Algeria
588,4qVa88ph,TKM_S_135,2022,36.521168618197656,61.67306261149674,,,,,Turkmenistan
589,4qVa88ph,TKM_S_135,2023,36.521168618197656,61.67306261149674,726.4386285714991,0.5550223101392743,323.24898276733944,1129.6282743756587,Turkmenistan
590,4qVa88ph,TKM_S_135,2024,36.521168618197656,61.67306261149674,,,,,Turkmenistan
591,4qVa88ph,TKM_S_135,2025,36.521168618197656,61.67306261149674,,,,,Turkmenistan
592,4y8lzNWw,,2022,31.43251775615408,-103.21905010202752,,,,,United States of America
593,4y8lzNWw,,2023,31.43251775615408,-103.21905010202752,,,,,United States of America
594,4y8lzNWw,,2024,31.43251775615408,-103.21905010202752,,,,,United States of America
595,4y8lzNWw,,2025,31.43251775615408,-103.21905010202752,85.0544488977381,0.773498752252604,19.264938801804803,150.84395899367138,United States of America
596,4zEUkvdJ,,2022,36.579065352298315,61.46632659860041,,,,,Turkmenistan
597,4zEUkvdJ,,2023,36.579065352298315,61.46632659860041,,,,,Turkmenistan
598,4zEUkvdJ,,2024,36.579065352298315,61.46632659860041,,,,,Turkmenistan
599,4zEUkvdJ,,2025,36.579065352298315,61.46632659860041,205.1646011615223,0.6921462273070156,63.160696490626094,347.16850583241853,Turkmenistan
600,4zgt38qF,MEX_S_004,2022,20.695768307248276,-97.72013840533688,,,,,Mexico
601,4zgt38qF,MEX_S_004,2023,20.695768307248276,-97.72013840533688,,,,,Mexico
602,4zgt38qF,MEX_S_004,2024,20.695768307248276,-97.72013840533688,23.90947704746463,0.9165008826859244,1.9964202289044444,45.82253386602481,Mexico
603,4zgt38qF,MEX_S_004,2025,20.695768307248276,-97.72013840533688,,,,,Mexico
604,4ziX1WDY,TKM_S_344,2022,37.90862291039168,53.95039584023225,,,,,Turkmenistan
605,4ziX1WDY,TKM_S_344,2023,37.90862291039168,53.95039584023225,,,,,Turkmenistan
606,4ziX1WDY,TKM_S_344,2024,37.90862291039168,53.95039584023225,,,,,Turkmenistan
607,4ziX1WDY,TKM_S_344,2025,37.90862291039168,53.95039584023225,764.9660762147652,0.5547555902224044,340.5968691041263,1189.335283325404,Turkmenistan
608,537vatMa,,2022,32.27968590838981,-101.91726828447533,,,,,United States of America
609,537vatMa,,2023,32.27968590838981,-101.91726828447533,,,,,United States of America
610,537vatMa,,2024,32.27968590838981,-101.91726828447533,,,,,United States of America
611,537vatMa,,2025,32.27968590838981,-101.91726828447533,345.2192106581717,0.6637592559502873,116.07676425195817,574.3616570643852,United States of America
612,561gRATI,DZA_S_294,2022,28.369808159638197,9.522627999497333,,,,,Algeria
613,561gRATI,DZA_S_294,2023,28.369808159638197,9.522627999497333,,,,,Algeria
614,561gRATI,DZA_S_294,2024,28.369808159638197,9.522627999497333,,,,,Algeria
615,561gRATI,DZA_S_294,2025,28.369808159638197,9.522627999497333,1177.627387873713,0.6890839449138826,366.1432617990639,1989.1115139483618,Algeria
616,571TPTtf,ARG_S_010,2022,-46.60974373343424,-68.05121855872318,,,,,Argentina
617,571TPTtf,ARG_S_010,2023,-46.60974373343424,-68.05121855872318,,,,,Argentina
618,571TPTtf,ARG_S_010,2024,-46.60974373343424,-68.05121855872318,293.74237354610335,0.8125894731636037,55.050412980448726,532.434334111758,Argentina
619,571TPTtf,ARG_S_010,2025,-46.60974373343424,-68.05121855872318,901.9948560959344,0.8688636272123057,118.28433370157916,1685.7053784902896,Argentina
620,5GXcPng8,USA_S_1021,2022,36.37626705692333,-100.24204760850196,,,,,United States of America
621,5GXcPng8,USA_S_1021,2023,36.37626705692333,-100.24204760850196,,,,,United States of America
622,5GXcPng8,USA_S_1021,2024,36.37626705692333,-100.24204760850196,,,,,United States of America
623,5GXcPng8,USA_S_1021,2025,36.37626705692333,-100.24204760850196,310.26439215960073,0.9103680851290028,27.809591585551004,592.7191927336505,United States of America
624,5GoU1oCN,UZB_S_015,2022,43.45968561892932,58.11046447932001,,,,,Uzbekistan
625,5GoU1oCN,UZB_S_015,2023,43.45968561892932,58.11046447932001,,,,,Uzbekistan
626,5GoU1oCN,UZB_S_015,2024,43.45968561892932,58.11046447932001,,,,,Uzbekistan
627,5GoU1oCN,UZB_S_015,2025,43.45968561892932,58.11046447932001,2475.5102821205955,0.5639756406915325,1079.3827847231564,3871.6377795180347,Uzbekistan
628,5HyjZ9wE,USA_S_414,2022,32.20622982173471,-103.71852322981012,,,,,United States of America
629,5HyjZ9wE,USA_S_414,2023,32.20622982173471,-103.71852322981012,2760.767614361356,0.5219913097060368,1319.6709115468611,4201.864317175851,United States of America
630,5HyjZ9wE,USA_S_414,2024,32.20622982173471,-103.71852322981012,,,,,United States of America
631,5HyjZ9wE,USA_S_414,2025,32.20622982173471,-103.71852322981012,,,,,United States of America
632,5I2UNNVW,DZA_S_134,2022,31.680673029158857,5.85964089201579,,,,,Algeria
633,5I2UNNVW,DZA_S_134,2023,31.680673029158857,5.85964089201579,,,,,Algeria
634,5I2UNNVW,DZA_S_134,2024,31.680673029158857,5.85964089201579,,,,,Algeria
635,5I2UNNVW,DZA_S_134,2025,31.680673029158857,5.85964089201579,430.09308207844873,0.6252209271568417,161.18988653761738,698.9962776192801,Algeria
636,5JSuGWc7,USA_S_981,2022,31.68580955227124,-101.88209393007573,,,,,United States of America
637,5JSuGWc7,USA_S_981,2023,31.68580955227124,-101.88209393007573,,,,,United States of America
638,5JSuGWc7,USA_S_981,2024,31.68580955227124,-101.88209393007573,,,,,United States of America
639,5JSuGWc7,USA_S_981,2025,31.68580955227124,-101.88209393007573,402.5098032889934,0.7147830813448793,114.80260582256545,690.2170007554214,United States of America
640,5MI92rK9,TKM_S_279,2022,38.66084395247736,62.89072464355244,,,,,Turkmenistan
641,5MI92rK9,TKM_S_279,2023,38.66084395247736,62.89072464355244,266.5471055113489,0.6700505241871565,87.94707774290026,445.1471332797975,Turkmenistan
642,5MI92rK9,TKM_S_279,2024,38.66084395247736,62.89072464355244,,,,,Turkmenistan
643,5MI92rK9,TKM_S_279,2025,38.66084395247736,62.89072464355244,1380.3221650355108,0.5440830889114048,629.3122177901122,2131.3321122809093,Turkmenistan
644,5MsUuCL8,TKM_S_022,2022,38.33124330655349,54.02515479269185,2884.886832106834,0.3812368607179863,1785.0616327077682,3984.7120315058996,Turkmenistan
645,5MsUuCL8,TKM_S_022,2023,38.33124330655349,54.02515479269185,3481.8797464569416,0.4115641630772975,2048.862822670598,4914.896670243285,Turkmenistan
646,5MsUuCL8,TKM_S_022,2024,38.33124330655349,54.02515479269185,4386.319788863999,0.4191425261849047,2547.8266319047043,6224.812945823293,Turkmenistan
647,5MsUuCL8,TKM_S_022,2025,38.33124330655349,54.02515479269185,5669.422421978434,0.3451280593647606,3712.745663761956,7626.099180194911,Turkmenistan
648,5OxqAeu4,TKM_S_108,2022,39.66615403271656,60.21789856707036,,,,,Turkmenistan
649,5OxqAeu4,TKM_S_108,2023,39.66615403271656,60.21789856707036,930.4572708288988,0.6394429961178292,335.4828858104494,1525.4316558473483,Turkmenistan
650,5OxqAeu4,TKM_S_108,2024,39.66615403271656,60.21789856707036,411.02941008292066,0.6107235085952433,160.0040866212463,662.054733544595,Turkmenistan
651,5OxqAeu4,TKM_S_108,2025,39.66615403271656,60.21789856707036,327.8884402173152,0.8179487222533022,59.692509499933976,596.0843709346964,Turkmenistan
652,5Qp1BxSW,,2022,38.330665403344405,54.028210464556814,,,,,Turkmenistan
653,5Qp1BxSW,,2023,38.330665403344405,54.028210464556814,,,,,Turkmenistan
654,5Qp1BxSW,,2024,38.330665403344405,54.028210464556814,,,,,Turkmenistan
655,5Qp1BxSW,,2025,38.330665403344405,54.028210464556814,2541.3144409579827,0.4272584955020163,1455.5162563167273,3627.112625599238,Turkmenistan
656,5S6vjaD7,USA_S_356,2022,31.82004946460697,-104.29436361367132,,,,,United States of America
657,5S6vjaD7,USA_S_356,2023,31.82004946460697,-104.29436361367132,415.22955718629726,0.575967178783741,176.07096058608357,654.3881537865109,United States of America
658,5S6vjaD7,USA_S_356,2024,31.82004946460697,-104.29436361367132,,,,,United States of America
659,5S6vjaD7,USA_S_356,2025,31.82004946460697,-104.29436361367132,,,,,United States of America
660,5TE8VDlQ,,2022,31.51353508205235,-103.22886413081174,,,,,United States of America
661,5TE8VDlQ,,2023,31.51353508205235,-103.22886413081174,,,,,United States of America
662,5TE8VDlQ,,2024,31.51353508205235,-103.22886413081174,,,,,United States of America
663,5TE8VDlQ,,2025,31.51353508205235,-103.22886413081174,86.24822724870577,0.8024467807750056,17.03861494543071,155.45783955198084,United States of America
664,5U5tANZh,,2022,22.08224431046971,55.97759005346791,,,,,Oman
665,5U5tANZh,,2023,22.08224431046971,55.97759005346791,,,,,Oman
666,5U5tANZh,,2024,22.08224431046971,55.97759005346791,,,,,Oman
667,5U5tANZh,,2025,22.08224431046971,55.97759005346791,173.04593833846744,0.7855528904679632,37.109201292943425,308.9826753839915,Oman
668,5XhsSzbn,,2022,31.89723671691136,-101.73295045461428,,,,,United States of America
669,5XhsSzbn,,2023,31.89723671691136,-101.73295045461428,,,,,United States of America
670,5XhsSzbn,,2024,31.89723671691136,-101.73295045461428,,,,,United States of America
671,5XhsSzbn,,2025,31.89723671691136,-101.73295045461428,74.74093425156774,0.8147581730954766,13.845147205311278,135.63672129782418,United States of America
672,5Ya2SaPY,UZB_S_109,2022,40.22238498230896,63.499751251655795,,,,,Uzbekistan
673,5Ya2SaPY,UZB_S_109,2023,40.22238498230896,63.499751251655795,,,,,Uzbekistan
674,5Ya2SaPY,UZB_S_109,2024,40.22238498230896,63.499751251655795,,,,,Uzbekistan
675,5Ya2SaPY,UZB_S_109,2025,40.22238498230896,63.499751251655795,1015.6379937655468,0.6221352474710434,383.77379917322423,1647.5021883578693,Uzbekistan
676,5ZsVFd5d,VEN_S_003,2022,9.23986062357108,-63.72886430825161,,,,,Venezuela
677,5ZsVFd5d,VEN_S_003,2023,9.23986062357108,-63.72886430825161,,,,,Venezuela
678,5ZsVFd5d,VEN_S_003,2024,9.23986062357108,-63.72886430825161,872.3011296410572,0.6153894549831688,335.4962128900446,1409.1060463920699,Venezuela
679,5ZsVFd5d,VEN_S_003,2025,9.23986062357108,-63.72886430825161,371.23433799958735,0.7478769859305441,93.59672022253511,648.8719557766397,Venezuela
680,5bfH6pQe,,2022,-32.22475785553132,115.78022340483992,,,,,
681,5bfH6pQe,,2023,-32.22475785553132,115.78022340483992,,,,,
682,5bfH6pQe,,2024,-32.22475785553132,115.78022340483992,,,,,
683,5bfH6pQe,,2025,-32.22475785553132,115.78022340483992,298.39112925518924,0.7042945612201342,88.23587980442537,508.5463787059531,
684,5c4JjZhH,,2022,35.15773153504103,-119.3908069612822,,,,,United States of America
685,5c4JjZhH,,2023,35.15773153504103,-119.3908069612822,,,,,United States of America
686,5c4JjZhH,,2024,35.15773153504103,-119.3908069612822,,,,,United States of America
687,5c4JjZhH,,2025,35.15773153504103,-119.3908069612822,144.07140671024715,0.6705259152817,47.46779485993662,240.67501856055767,United States of America
688,5dSMyz0d,TKM_S_010,2022,38.730201025639275,64.61799908056501,,,,,Uzbekistan
689,5dSMyz0d,TKM_S_010,2023,38.730201025639275,64.61799908056501,1232.2046951680782,0.5126973050575143,600.4566686761885,1863.9527216599677,Uzbekistan
690,5dSMyz0d,TKM_S_010,2024,38.730201025639275,64.61799908056501,1192.2551307848196,0.4861684495219998,612.6183024165148,1771.8919591531244,Uzbekistan
691,5dSMyz0d,TKM_S_010,2025,38.730201025639275,64.61799908056501,1039.0664424761435,0.5931146649557851,422.78089758010606,1655.351987372181,Uzbekistan
692,5gyuYDiK,KAZ_S_001,2022,45.33302610191585,52.37450516156194,,,,,Kazakhstan
693,5gyuYDiK,KAZ_S_001,2023,45.33302610191585,52.37450516156194,2375.826595576382,0.6499366497200909,831.6898177315788,3919.9633734211848,Kazakhstan
694,5gyuYDiK,KAZ_S_001,2024,45.33302610191585,52.37450516156194,,,,,Kazakhstan
695,5gyuYDiK,KAZ_S_001,2025,45.33302610191585,52.37450516156194,,,,,Kazakhstan
696,5lOPUzEA,DZA_S_357,2022,28.429733968728588,9.558792000824,,,,,Algeria
697,5lOPUzEA,DZA_S_357,2023,28.429733968728588,9.558792000824,,,,,Algeria
698,5lOPUzEA,DZA_S_357,2024,28.429733968728588,9.558792000824,,,,,Algeria
699,5lOPUzEA,DZA_S_357,2025,28.429733968728588,9.558792000824,1129.0877713762322,0.6320316747693715,415.4685362716949,1842.7070064807695,Algeria
700,5p065sXo,USA_S_474,2022,32.30135886788565,-101.77876267867236,,,,,United States of America
701,5p065sXo,USA_S_474,2023,32.30135886788565,-101.77876267867236,,,,,United States of America
702,5p065sXo,USA_S_474,2024,32.30135886788565,-101.77876267867236,,,,,United States of America
703,5p065sXo,USA_S_474,2025,32.30135886788565,-101.77876267867236,346.09748001685386,0.6077101891535662,135.770514970239,556.4244450634687,United States of America
704,5qQ3ZNMW,SYR_S_056,2022,36.16438756942367,41.045468360319546,,,,,Syria
705,5qQ3ZNMW,SYR_S_056,2023,36.16438756942367,41.045468360319546,,,,,Syria
706,5qQ3ZNMW,SYR_S_056,2024,36.16438756942367,41.045468360319546,,,,,Syria
707,5qQ3ZNMW,SYR_S_056,2025,36.16438756942367,41.045468360319546,651.9180055703654,0.7358102371907437,172.23006326271826,1131.6059478780126,Syria
708,5sZmNKur,,2022,32.32768961120365,-101.98155344784878,,,,,United States of America
709,5sZmNKur,,2023,32.32768961120365,-101.98155344784878,,,,,United States of America
710,5sZmNKur,,2024,32.32768961120365,-101.98155344784878,,,,,United States of America
711,5sZmNKur,,2025,32.32768961120365,-101.98155344784878,183.1538089050289,0.8235541781596193,32.316724335443865,333.9908934746139,United States of America
712,5tmQS9FK,IND_S_052,2022,27.4958847835921,95.47348941993636,,,,,India
713,5tmQS9FK,IND_S_052,2023,27.4958847835921,95.47348941993636,,,,,India
714,5tmQS9FK,IND_S_052,2024,27.4958847835921,95.47348941993636,,,,,India
715,5tmQS9FK,IND_S_052,2025,27.4958847835921,95.47348941993636,323.91478643470526,0.6218008823419615,122.50428642599749,525.325286443413,India
716,5uMBpVjh,DZA_S_291,2022,28.195992339178083,9.44806332299191,,,,,Algeria
717,5uMBpVjh,DZA_S_291,2023,28.195992339178083,9.44806332299191,,,,,Algeria
718,5uMBpVjh,DZA_S_291,2024,28.195992339178083,9.44806332299191,,,,,Algeria
719,5uMBpVjh,DZA_S_291,2025,28.195992339178083,9.44806332299191,1247.1172613499784,0.4693462972060296,661.7873925536418,1832.447130146315,Algeria
720,5vkgRFBc,,2022,31.74604285791617,5.959904536462915,,,,,Algeria
721,5vkgRFBc,,2023,31.74604285791617,5.959904536462915,,,,,Algeria
722,5vkgRFBc,,2024,31.74604285791617,5.959904536462915,,,,,Algeria
723,5vkgRFBc,,2025,31.74604285791617,5.959904536462915,155.5599038796858,0.8644977323926609,21.07871972447714,290.04108803489447,Algeria
724,5w9EiBKT,IRN_S_130,2022,27.58495572325533,52.53049258292157,,,,,Iran
725,5w9EiBKT,IRN_S_130,2023,27.58495572325533,52.53049258292157,,,,,Iran
726,5w9EiBKT,IRN_S_130,2024,27.58495572325533,52.53049258292157,,,,,Iran
727,5w9EiBKT,IRN_S_130,2025,27.58495572325533,52.53049258292157,135.21280704801313,0.6461069026334,47.85087908985382,222.57473500617243,Iran
728,5wwyQ2EK,DZA_S_311,2022,28.246245982397124,9.406730298058196,,,,,Algeria
729,5wwyQ2EK,DZA_S_311,2023,28.246245982397124,9.406730298058196,777.8349410197981,0.674638241875029,253.07774394123464,1302.5921380983614,Algeria
730,5wwyQ2EK,DZA_S_311,2024,28.246245982397124,9.406730298058196,,,,,Algeria
731,5wwyQ2EK,DZA_S_311,2025,28.246245982397124,9.406730298058196,,,,,Algeria
732,5ysx5HOM,USA_S_303,2022,32.418994410949395,-103.57874458333532,,,,,United States of America
733,5ysx5HOM,USA_S_303,2023,32.418994410949395,-103.57874458333532,217.30498804107464,0.9458320688840176,11.770961623368322,422.839014458781,United States of America
734,5ysx5HOM,USA_S_303,2024,32.418994410949395,-103.57874458333532,80.73458574221063,0.8856523734318633,9.23180826158351,152.23736322283776,United States of America
735,5ysx5HOM,USA_S_303,2025,32.418994410949395,-103.57874458333532,,,,,United States of America
736,5zJvjdmX,DZA_S_396,2022,27.757924250445217,9.89683405233287,,,,,Libya
737,5zJvjdmX,DZA_S_396,2023,27.757924250445217,9.89683405233287,,,,,Libya
738,5zJvjdmX,DZA_S_396,2024,27.757924250445217,9.89683405233287,776.227134140249,0.6590017534808139,264.69209164243796,1287.7621766380598,Libya
739,5zJvjdmX,DZA_S_396,2025,27.757924250445217,9.89683405233287,188.08863533916673,0.9656085252629364,6.46864555059571,369.7086251277377,Libya
740,60nRHsV9,,2022,28.331409269135413,-99.64279451263836,,,,,United States of America
741,60nRHsV9,,2023,28.331409269135413,-99.64279451263836,,,,,United States of America
742,60nRHsV9,,2024,28.331409269135413,-99.64279451263836,,,,,United States of America
743,60nRHsV9,,2025,28.331409269135413,-99.64279451263836,184.34242086793776,0.7794292082685365,40.66055372053569,328.02428801533983,United States of America
744,61W9EkRs,,2022,28.187184196344383,-99.72842412450964,,,,,United States of America
745,61W9EkRs,,2023,28.187184196344383,-99.72842412450964,,,,,United States of America
746,61W9EkRs,,2024,28.187184196344383,-99.72842412450964,,,,,United States of America
747,61W9EkRs,,2025,28.187184196344383,-99.72842412450964,254.27740410802303,0.7453805614266658,64.74396987586965,443.8108383401764,United States of America
748,62qloquU,,2022,35.29390275377115,-119.45857637780024,,,,,United States of America
749,62qloquU,,2023,35.29390275377115,-119.45857637780024,,,,,United States of America
750,62qloquU,,2024,35.29390275377115,-119.45857637780024,,,,,United States of America
751,62qloquU,,2025,35.29390275377115,-119.45857637780024,226.24690167779417,0.6188877766093037,86.2254597336804,366.26834362190795,United States of America
752,64myb3SX,,2022,27.37815596072096,95.33453497810068,,,,,India
753,64myb3SX,,2023,27.37815596072096,95.33453497810068,,,,,India
754,64myb3SX,,2024,27.37815596072096,95.33453497810068,,,,,India
755,64myb3SX,,2025,27.37815596072096,95.33453497810068,250.9721363568641,0.6058102559506506,98.93064219403067,403.01363051969753,India
756,6DtMVqvv,,2022,31.291532131806633,-103.2382473583458,,,,,United States of America
757,6DtMVqvv,,2023,31.291532131806633,-103.2382473583458,,,,,United States of America
758,6DtMVqvv,,2024,31.291532131806633,-103.2382473583458,,,,,United States of America
759,6DtMVqvv,,2025,31.291532131806633,-103.2382473583458,180.01154628147137,0.758528832114846,43.46759831339935,316.55549424954336,United States of America
760,6ECPaSeY,PAK_S_005,2022,28.920732178796182,69.11376529439627,,,,,Pakistan
761,6ECPaSeY,PAK_S_005,2023,28.920732178796182,69.11376529439627,531.6232680340999,0.6361799497505177,193.41520408996018,869.8313319782395,Pakistan
762,6ECPaSeY,PAK_S_005,2024,28.920732178796182,69.11376529439627,,,,,Pakistan
763,6ECPaSeY,PAK_S_005,2025,28.920732178796182,69.11376529439627,,,,,Pakistan
764,6F1hdrcm,CHN_S_866,2022,45.61943938858631,85.41735130012412,,,,,China
765,6F1hdrcm,CHN_S_866,2023,45.61943938858631,85.41735130012412,,,,,China
766,6F1hdrcm,CHN_S_866,2024,45.61943938858631,85.41735130012412,,,,,China
767,6F1hdrcm,CHN_S_866,2025,45.61943938858631,85.41735130012412,180.4053957097268,0.8235121758321713,31.83935575694582,328.9714356625078,China
768,6IEVc5kT,DZA_S_048,2022,28.09611754944144,9.787077165894209,152.40888614187244,0.6562705002422901,52.387430192175586,252.4303420915693,Libya
769,6IEVc5kT,DZA_S_048,2023,28.09611754944144,9.787077165894209,1672.0208806451485,0.5343043218443044,778.6528979025258,2565.3888633877714,Libya
770,6IEVc5kT,DZA_S_048,2024,28.09611754944144,9.787077165894209,349.3704096821359,0.7118141313368529,100.68361499944592,598.0572043648259,Libya
771,6IEVc5kT,DZA_S_048,2025,28.09611754944144,9.787077165894209,1621.522847011276,0.536648953025383,751.3343088559366,2491.7113851666154,Libya
772,6IKUs48q,CHN_S_001,2022,38.74273205072003,80.05927094829124,,,,,China
773,6IKUs48q,CHN_S_001,2023,38.74273205072003,80.05927094829124,1966.729319177817,0.3852375682822356,1209.071298788378,2724.387339567256,China
774,6IKUs48q,CHN_S_001,2024,38.74273205072003,80.05927094829124,1679.0493222847758,0.4692938676527202,891.0817718500747,2467.016872719477,China
775,6IKUs48q,CHN_S_001,2025,38.74273205072003,80.05927094829124,1678.4860887540071,0.4687717671859551,891.6591987317494,2465.312978776265,China
776,6IxHJDTK,,2022,32.18947878882115,-93.4907088349087,,,,,United States of America
777,6IxHJDTK,,2023,32.18947878882115,-93.4907088349087,,,,,United States of America
778,6IxHJDTK,,2024,32.18947878882115,-93.4907088349087,,,,,United States of America
779,6IxHJDTK,,2025,32.18947878882115,-93.4907088349087,212.1628677508703,0.6441422848281084,75.4997933621409,348.8259421395997,United States of America
780,6MrkcLSI,,2022,38.09743911080483,54.01400830551401,,,,,Turkmenistan
781,6MrkcLSI,,2023,38.09743911080483,54.01400830551401,,,,,Turkmenistan
782,6MrkcLSI,,2024,38.09743911080483,54.01400830551401,,,,,Turkmenistan
783,6MrkcLSI,,2025,38.09743911080483,54.01400830551401,169.73341196047338,0.7419324433896836,43.80268689977163,295.6641370211751,Turkmenistan
784,6PxRoHAB,,2022,38.523145247604496,54.183124927493566,,,,,Turkmenistan
785,6PxRoHAB,,2023,38.523145247604496,54.183124927493566,,,,,Turkmenistan
786,6PxRoHAB,,2024,38.523145247604496,54.183124927493566,,,,,Turkmenistan
787,6PxRoHAB,,2025,38.523145247604496,54.183124927493566,321.49653002223755,0.7183566546265422,90.5473582414213,552.4457018030538,Turkmenistan
788,6T6q00ag,TKM_S_311,2022,38.48675298604614,54.15167590489934,,,,,Turkmenistan
789,6T6q00ag,TKM_S_311,2023,38.48675298604614,54.15167590489934,1142.4180749259376,0.5913910641283681,466.80223391600566,1818.0339159358696,Turkmenistan
790,6T6q00ag,TKM_S_311,2024,38.48675298604614,54.15167590489934,66.83697880764589,0.9407410075092444,3.960692025267079,129.71326559002472,Turkmenistan
791,6T6q00ag,TKM_S_311,2025,38.48675298604614,54.15167590489934,31.46165421364515,0.8519469216836209,4.657994755255647,58.26531367203465,Turkmenistan
792,6UpRK9bq,IRQ_S_082,2022,34.996445231485446,43.49846318768275,,,,,Iraq
793,6UpRK9bq,IRQ_S_082,2023,34.996445231485446,43.49846318768275,,,,,Iraq
794,6UpRK9bq,IRQ_S_082,2024,34.996445231485446,43.49846318768275,238.6454861592447,0.8227732973301826,42.294352619038506,434.9966196994509,Iraq
795,6UpRK9bq,IRQ_S_082,2025,34.996445231485446,43.49846318768275,246.6814038394095,0.7724669263657941,56.12817802398166,437.23462965483736,Iraq
796,6Wb6IgNo,LBY_S_119,2022,29.191876888008593,21.42789555380375,,,,,Libya
797,6Wb6IgNo,LBY_S_119,2023,29.191876888008593,21.42789555380375,696.8333969732121,0.5801070087976807,292.5954594247552,1101.071334521669,Libya
798,6Wb6IgNo,LBY_S_119,2024,29.191876888008593,21.42789555380375,892.0188538716161,0.6235572755016637,335.79400765531443,1448.2437000879177,Libya
799,6Wb6IgNo,LBY_S_119,2025,29.191876888008593,21.42789555380375,898.8148491022507,0.6543809310336692,310.6475513198329,1486.9821468846685,Libya
800,6c16JMNC,LBY_S_011,2022,28.900740223584688,20.94091874326028,179.67106638595655,0.6353564799943193,65.51589009014953,293.8262426817636,Libya
801,6c16JMNC,LBY_S_011,2023,28.900740223584688,20.94091874326028,859.921061693242,0.573139879763568,367.0660077882176,1352.7761155982664,Libya
802,6c16JMNC,LBY_S_011,2024,28.900740223584688,20.94091874326028,,,,,Libya
803,6c16JMNC,LBY_S_011,2025,28.900740223584688,20.94091874326028,,,,,Libya
804,6dP6AsgI,DZA_S_224,2022,31.376691476203277,6.1091283417057625,,,,,Algeria
805,6dP6AsgI,DZA_S_224,2023,31.376691476203277,6.1091283417057625,,,,,Algeria
806,6dP6AsgI,DZA_S_224,2024,31.376691476203277,6.1091283417057625,,,,,Algeria
807,6dP6AsgI,DZA_S_224,2025,31.376691476203277,6.1091283417057625,316.53940256118057,0.643582426622116,112.82020573934116,520.2585993830199,Algeria
808,6e3omMsX,,2022,47.77586508049275,-102.72978661819973,,,,,United States of America
809,6e3omMsX,,2023,47.77586508049275,-102.72978661819973,,,,,United States of America
810,6e3omMsX,,2024,47.77586508049275,-102.72978661819973,,,,,United States of America
811,6e3omMsX,,2025,47.77586508049275,-102.72978661819973,276.0850304144579,0.7396685706339343,71.87361059436955,480.2964502345462,United States of America
812,6hRqzhGT,TKM_S_219,2022,38.46978257740139,54.10114863658295,,,,,Turkmenistan
813,6hRqzhGT,TKM_S_219,2023,38.46978257740139,54.10114863658295,40.75058789883136,0.9366682320900106,2.5808067750044117,78.92036902265832,Turkmenistan
814,6hRqzhGT,TKM_S_219,2024,38.46978257740139,54.10114863658295,1018.1302216750358,0.54825885625099,459.9313108249138,1576.329132525158,Turkmenistan
815,6hRqzhGT,TKM_S_219,2025,38.46978257740139,54.10114863658295,425.2491242422505,0.8834543241640409,49.560946583462794,800.9373019010382,Turkmenistan
816,6i3LRUTR,AZE_S_020,2022,40.32359024373712,49.83103754077871,,,,,Azerbaijan
817,6i3LRUTR,AZE_S_020,2023,40.32359024373712,49.83103754077871,,,,,Azerbaijan
818,6i3LRUTR,AZE_S_020,2024,40.32359024373712,49.83103754077871,1345.8685134893326,0.5462859332149714,610.6394766131662,2081.097550365499,Azerbaijan
819,6i3LRUTR,AZE_S_020,2025,40.32359024373712,49.83103754077871,280.26946109245574,0.7656289332910183,65.68705256219027,494.8518696227212,Azerbaijan
820,6kIwsIA8,DZA_S_210,2022,31.76424879513374,5.08407785403386,,,,,Algeria
821,6kIwsIA8,DZA_S_210,2023,31.76424879513374,5.08407785403386,,,,,Algeria
822,6kIwsIA8,DZA_S_210,2024,31.76424879513374,5.08407785403386,,,,,Algeria
823,6kIwsIA8,DZA_S_210,2025,31.76424879513374,5.08407785403386,661.7837999786738,0.5435213782544328,302.0901569078091,1021.4774430495384,Algeria
824,6nFKEWla,PAK_S_022,2022,28.074926914437757,69.3593079302716,,,,,Pakistan
825,6nFKEWla,PAK_S_022,2023,28.074926914437757,69.3593079302716,,,,,Pakistan
826,6nFKEWla,PAK_S_022,2024,28.074926914437757,69.3593079302716,,,,,Pakistan
827,6nFKEWla,PAK_S_022,2025,28.074926914437757,69.3593079302716,273.39594423634134,0.8462073647148609,42.04628274037586,504.7456057323068,Pakistan
828,6od6oFz4,ARG_S_018,2022,-46.5640431187124,-68.05754100051229,,,,,Argentina
829,6od6oFz4,ARG_S_018,2023,-46.5640431187124,-68.05754100051229,,,,,Argentina
830,6od6oFz4,ARG_S_018,2024,-46.5640431187124,-68.05754100051229,,,,,Argentina
831,6od6oFz4,ARG_S_018,2025,-46.5640431187124,-68.05754100051229,180.68999365405065,0.9051204312558788,17.143788674274305,344.23619863382703,Argentina
832,6q1tftun,SAU_S_010,2022,31.427981688871014,39.663471361709,,,,,Saudi Arabia
833,6q1tftun,SAU_S_010,2023,31.427981688871014,39.663471361709,,,,,Saudi Arabia
834,6q1tftun,SAU_S_010,2024,31.427981688871014,39.663471361709,,,,,Saudi Arabia
835,6q1tftun,SAU_S_010,2025,31.427981688871014,39.663471361709,1031.69008952707,0.4945819818460769,521.4347603978154,1541.9454186563248,Saudi Arabia
836,6uKHuYhV,,2022,32.250566187712316,-101.85536008648756,,,,,United States of America
837,6uKHuYhV,,2023,32.250566187712316,-101.85536008648756,,,,,United States of America
838,6uKHuYhV,,2024,32.250566187712316,-101.85536008648756,,,,,United States of America
839,6uKHuYhV,,2025,32.250566187712316,-101.85536008648756,152.61124299063928,0.8505321623880204,22.810472485087217,282.4120134961913,United States of America
840,6uLYHbnE,YEM_S_018,2022,15.43425470724286,45.855990730713415,,,,,Yemen
841,6uLYHbnE,YEM_S_018,2023,15.43425470724286,45.855990730713415,,,,,Yemen
842,6uLYHbnE,YEM_S_018,2024,15.43425470724286,45.855990730713415,,,,,Yemen
843,6uLYHbnE,YEM_S_018,2025,15.43425470724286,45.855990730713415,274.7530505524508,0.7126325592435508,78.95508097728509,470.55102012761654,Yemen
844,6vgaTOa5,USA_S_391,2022,32.036543529464815,-103.91591160670446,,,,,United States of America
845,6vgaTOa5,USA_S_391,2023,32.036543529464815,-103.91591160670446,975.459922706882,0.507003544967963,480.8982839203177,1470.0215614934464,United States of America
846,6vgaTOa5,USA_S_391,2024,32.036543529464815,-103.91591160670446,,,,,United States of America
847,6vgaTOa5,USA_S_391,2025,32.036543529464815,-103.91591160670446,,,,,United States of America
848,6w5OluR9,TKM_S_144,2022,36.47074676589938,61.46309283246634,2084.803014185811,0.6048200938300708,823.8722595287343,3345.733768842888,Turkmenistan
849,6w5OluR9,TKM_S_144,2023,36.47074676589938,61.46309283246634,1364.488330109001,0.4329970994451778,773.6688409450094,1955.3078192729927,Turkmenistan
850,6w5OluR9,TKM_S_144,2024,36.47074676589938,61.46309283246634,1034.04999826649,0.5452039550063813,470.2818495372579,1597.8181469957221,Turkmenistan
851,6w5OluR9,TKM_S_144,2025,36.47074676589938,61.46309283246634,,,,,Turkmenistan
852,6zC6aolm,TKM_S_209,2022,39.4848667810391,53.71352258088153,,,,,Turkmenistan
853,6zC6aolm,TKM_S_209,2023,39.4848667810391,53.71352258088153,,,,,Turkmenistan
854,6zC6aolm,TKM_S_209,2024,39.4848667810391,53.71352258088153,,,,,Turkmenistan
855,6zC6aolm,TKM_S_209,2025,39.4848667810391,53.71352258088153,689.0935124613227,0.5486183061008915,311.0441969096783,1067.1428280129671,Turkmenistan
856,72qUX42y,,2022,-37.74293195106414,-68.1019961061008,,,,,Argentina
857,72qUX42y,,2023,-37.74293195106414,-68.1019961061008,,,,,Argentina
858,72qUX42y,,2024,-37.74293195106414,-68.1019961061008,,,,,Argentina
859,72qUX42y,,2025,-37.74293195106414,-68.1019961061008,199.39400878787237,0.752129517371795,49.42388919142246,349.36412838432227,Argentina
860,736pqlws,VEN_S_119,2022,8.615285151682853,-63.10378495383384,,,,,Venezuela
861,736pqlws,VEN_S_119,2023,8.615285151682853,-63.10378495383384,,,,,Venezuela
862,736pqlws,VEN_S_119,2024,8.615285151682853,-63.10378495383384,1308.2304551188774,0.5236509889008444,623.1742835856755,1993.2866266520793,Venezuela
863,736pqlws,VEN_S_119,2025,8.615285151682853,-63.10378495383384,,,,,Venezuela
864,77gvsBFN,USA_S_119,2022,31.801449177618284,-103.93434681346857,,,,,United States of America
865,77gvsBFN,USA_S_119,2023,31.801449177618284,-103.93434681346857,,,,,United States of America
866,77gvsBFN,USA_S_119,2024,31.801449177618284,-103.93434681346857,,,,,United States of America
867,77gvsBFN,USA_S_119,2025,31.801449177618284,-103.93434681346857,113.6304043259627,0.9158808509230232,9.558492921172814,217.7023157307526,United States of America
868,78pCYxHd,,2022,31.30446460557741,-103.14088910532128,,,,,United States of America
869,78pCYxHd,,2023,31.30446460557741,-103.14088910532128,,,,,United States of America
870,78pCYxHd,,2024,31.30446460557741,-103.14088910532128,,,,,United States of America
871,78pCYxHd,,2025,31.30446460557741,-103.14088910532128,198.98028905940168,0.789552181479007,41.87496776122771,356.08561035757566,United States of America
872,79Xv2kRi,USA_S_063,2022,31.669590773872855,-101.97882293871136,,,,,United States of America
873,79Xv2kRi,USA_S_063,2023,31.669590773872855,-101.97882293871136,,,,,United States of America
874,79Xv2kRi,USA_S_063,2024,31.669590773872855,-101.97882293871136,887.1802846467056,0.5969924970794849,357.5403111557806,1416.8202581376304,United States of America
875,79Xv2kRi,USA_S_063,2025,31.669590773872855,-101.97882293871136,234.1492164477341,0.6317889822041155,86.21632130432903,382.08211159113915,United States of America
876,7AWDI3ki,,2022,31.286417161500644,-103.26408830286655,,,,,United States of America
877,7AWDI3ki,,2023,31.286417161500644,-103.26408830286655,,,,,United States of America
878,7AWDI3ki,,2024,31.286417161500644,-103.26408830286655,,,,,United States of America
879,7AWDI3ki,,2025,31.286417161500644,-103.26408830286655,250.3162414072384,0.7095162454213904,72.71280163598024,427.9196811784966,United States of America
880,7DswYKqS,IRQ_S_062,2022,33.47006302374706,44.46767055118359,,,,,Iraq
881,7DswYKqS,IRQ_S_062,2023,33.47006302374706,44.46767055118359,714.6224921056134,0.5816539460486811,298.95949963724087,1130.285484573986,Iraq
882,7DswYKqS,IRQ_S_062,2024,33.47006302374706,44.46767055118359,,,,,Iraq
883,7DswYKqS,IRQ_S_062,2025,33.47006302374706,44.46767055118359,,,,,Iraq
884,7E2eCo05,DZA_S_090,2022,31.566867591132414,6.183165982257461,,,,,Algeria
885,7E2eCo05,DZA_S_090,2023,31.566867591132414,6.183165982257461,,,,,Algeria
886,7E2eCo05,DZA_S_090,2024,31.566867591132414,6.183165982257461,458.63498911139106,0.5806727274951953,192.31815905935042,724.9518191634318,Algeria
887,7E2eCo05,DZA_S_090,2025,31.566867591132414,6.183165982257461,,,,,Algeria
888,7HPmZhi3,IRN_S_091,2022,30.348923184856368,50.22489854803141,,,,,Iran
889,7HPmZhi3,IRN_S_091,2023,30.348923184856368,50.22489854803141,,,,,Iran
890,7HPmZhi3,IRN_S_091,2024,30.348923184856368,50.22489854803141,319.5766406132197,0.8263131839439288,55.50624919400548,583.6470320324339,Iran
891,7HPmZhi3,IRN_S_091,2025,30.348923184856368,50.22489854803141,1152.2478130951442,0.5718860332694975,493.29338192070884,1811.2022442695798,Iran
892,7ITAzbW7,ZAF_S_010,2022,-26.560432289116985,29.16951288359514,,,,,South Africa
893,7ITAzbW7,ZAF_S_010,2023,-26.560432289116985,29.16951288359514,,,,,South Africa
894,7ITAzbW7,ZAF_S_010,2024,-26.560432289116985,29.16951288359514,368.891129893642,0.8546457348556245,53.61989910396875,684.1623606833152,South Africa
895,7ITAzbW7,ZAF_S_010,2025,-26.560432289116985,29.16951288359514,662.6486979680894,0.7379222333528931,173.66549083509017,1151.6319051010887,South Africa
896,7IkpQBmK,,2022,28.943468554200777,33.19883275936733,,,,,Egypt
897,7IkpQBmK,,2023,28.943468554200777,33.19883275936733,,,,,Egypt
898,7IkpQBmK,,2024,28.943468554200777,33.19883275936733,,,,,Egypt
899,7IkpQBmK,,2025,28.943468554200777,33.19883275936733,380.42357281931703,0.6534952387199783,131.81857928505042,629.0285663535836,Egypt
900,7K5nIHBP,DZA_S_058,2022,31.164306980836308,5.964630960321671,158.77445384811713,0.6430027114921819,56.682049508087516,260.86685818814675,Algeria
901,7K5nIHBP,DZA_S_058,2023,31.164306980836308,5.964630960321671,442.7266951026208,0.6399313401462133,159.41200778709668,726.0413824181448,Algeria
902,7K5nIHBP,DZA_S_058,2024,31.164306980836308,5.964630960321671,,,,,Algeria
903,7K5nIHBP,DZA_S_058,2025,31.164306980836308,5.964630960321671,,,,,Algeria
904,7N9uCiVk,UZB_S_003,2022,38.47495246831626,65.9560316988721,570.0518896046677,0.4694044278072478,302.4670085443483,837.6367706649871,Uzbekistan
905,7N9uCiVk,UZB_S_003,2023,38.47495246831626,65.9560316988721,963.6769968369308,0.7921759200537044,200.27528523304431,1727.0787084408173,Uzbekistan
906,7N9uCiVk,UZB_S_003,2024,38.47495246831626,65.9560316988721,,,,,Uzbekistan
907,7N9uCiVk,UZB_S_003,2025,38.47495246831626,65.9560316988721,,,,,Uzbekistan
908,7Pv6NRQC,USA_S_296,2022,31.776853876611437,-101.75625260219776,,,,,United States of America
909,7Pv6NRQC,USA_S_296,2023,31.776853876611437,-101.75625260219776,,,,,United States of America
910,7Pv6NRQC,USA_S_296,2024,31.776853876611437,-101.75625260219776,140.53725199855387,0.794593414926875,28.867277008584168,252.2072269885236,United States of America
911,7Pv6NRQC,USA_S_296,2025,31.776853876611437,-101.75625260219776,805.0615341189783,0.58531591907868,333.84620236123646,1276.2768658767202,United States of America
912,7RfzIVSH,IRN_S_156,2022,30.98722474229643,49.5728418303547,,,,,Iran
913,7RfzIVSH,IRN_S_156,2023,30.98722474229643,49.5728418303547,,,,,Iran
914,7RfzIVSH,IRN_S_156,2024,30.98722474229643,49.5728418303547,,,,,Iran
915,7RfzIVSH,IRN_S_156,2025,30.98722474229643,49.5728418303547,1216.8761082630976,0.4723423033685472,642.0940443719525,1791.658172154243,Iran
916,7S5DRi4I,USA_S_025,2022,32.05841912333972,-103.72094185278274,,,,,United States of America
917,7S5DRi4I,USA_S_025,2023,32.05841912333972,-103.72094185278274,,,,,United States of America
918,7S5DRi4I,USA_S_025,2024,32.05841912333972,-103.72094185278274,41.890662945764184,0.9124257632235082,3.668542835536563,80.1127830559918,United States of America
919,7S5DRi4I,USA_S_025,2025,32.05841912333972,-103.72094185278274,,,,,United States of America
920,7TOdozmq,,2022,35.50608667103623,-98.18121287016612,,,,,United States of America
921,7TOdozmq,,2023,35.50608667103623,-98.18121287016612,,,,,United States of America
922,7TOdozmq,,2024,35.50608667103623,-98.18121287016612,,,,,United States of America
923,7TOdozmq,,2025,35.50608667103623,-98.18121287016612,205.9126167741485,0.7266439239931489,56.28746492168372,355.53776862661323,United States of America
924,7UEt3PcX,TKM_S_142,2022,36.47222288275869,61.7583817558464,,,,,Turkmenistan
925,7UEt3PcX,TKM_S_142,2023,36.47222288275869,61.7583817558464,731.1086099762588,0.913290395781706,63.3941382116285,1398.823081740889,Turkmenistan
926,7UEt3PcX,TKM_S_142,2024,36.47222288275869,61.7583817558464,,,,,Turkmenistan
927,7UEt3PcX,TKM_S_142,2025,36.47222288275869,61.7583817558464,,,,,Turkmenistan
928,7VbIIOmq,ARG_S_054,2022,-38.76115499019067,-68.83604226203767,,,,,Argentina
929,7VbIIOmq,ARG_S_054,2023,-38.76115499019067,-68.83604226203767,,,,,Argentina
930,7VbIIOmq,ARG_S_054,2024,-38.76115499019067,-68.83604226203767,,,,,Argentina
931,7VbIIOmq,ARG_S_054,2025,-38.76115499019067,-68.83604226203767,2894.7021449917315,0.4893409482798156,1478.2058523738613,4311.198437609602,Argentina
932,7XotQXzn,,2022,39.335916733023495,54.15655832358307,,,,,Turkmenistan
933,7XotQXzn,,2023,39.335916733023495,54.15655832358307,,,,,Turkmenistan
934,7XotQXzn,,2024,39.335916733023495,54.15655832358307,,,,,Turkmenistan
935,7XotQXzn,,2025,39.335916733023495,54.15655832358307,749.3367057085957,0.586823061735927,309.6086457935643,1189.064765623627,Turkmenistan
936,7Z2QdSTL,,2022,28.051886806292117,9.81171564631396,,,,,Libya
937,7Z2QdSTL,,2023,28.051886806292117,9.81171564631396,,,,,Libya
938,7Z2QdSTL,,2024,28.051886806292117,9.81171564631396,,,,,Libya
939,7Z2QdSTL,,2025,28.051886806292117,9.81171564631396,549.622151219823,0.6093548950608096,214.70720294017127,884.5370994994746,Libya
940,7aBhk97h,KWT_S_019,2022,29.621699437175103,47.91121652733849,,,,,Kuwait
941,7aBhk97h,KWT_S_019,2023,29.621699437175103,47.91121652733849,,,,,Kuwait
942,7aBhk97h,KWT_S_019,2024,29.621699437175103,47.91121652733849,329.0566807580647,0.910093397107054,29.584368326186222,628.5289931899432,Kuwait
943,7aBhk97h,KWT_S_019,2025,29.621699437175103,47.91121652733849,,,,,Kuwait
944,7axmbPdU,LBY_S_082,2022,28.16067750257227,21.22418341073024,,,,,Libya
945,7axmbPdU,LBY_S_082,2023,28.16067750257227,21.22418341073024,,,,,Libya
946,7axmbPdU,LBY_S_082,2024,28.16067750257227,21.22418341073024,,,,,Libya
947,7axmbPdU,LBY_S_082,2025,28.16067750257227,21.22418341073024,304.2419516922295,0.6647518270434915,101.99655844154228,506.48734494291676,Libya
948,7jEQRg3x,USA_S_202,2022,32.23863772971752,-103.51320469855308,,,,,United States of America
949,7jEQRg3x,USA_S_202,2023,32.23863772971752,-103.51320469855308,,,,,United States of America
950,7jEQRg3x,USA_S_202,2024,32.23863772971752,-103.51320469855308,81.80179672506351,0.7328631821692367,21.852271669972417,141.7513217801546,United States of America
951,7jEQRg3x,USA_S_202,2025,32.23863772971752,-103.51320469855308,292.30563716401593,0.5870072336390597,120.7201137152642,463.89116061276764,United States of America
952,7mGH4vhA,,2022,31.798334270779108,-103.93045376456362,,,,,United States of America
953,7mGH4vhA,,2023,31.798334270779108,-103.93045376456362,,,,,United States of America
954,7mGH4vhA,,2024,31.798334270779108,-103.93045376456362,,,,,United States of America
955,7mGH4vhA,,2025,31.798334270779108,-103.93045376456362,232.25772188246117,0.7017029686421103,69.28178894748453,395.2336548174378,United States of America
956,7r0xQPD0,UZB_S_100,2022,38.462307219512454,65.8155107608092,,,,,Uzbekistan
957,7r0xQPD0,UZB_S_100,2023,38.462307219512454,65.8155107608092,,,,,Uzbekistan
958,7r0xQPD0,UZB_S_100,2024,38.462307219512454,65.8155107608092,,,,,Uzbekistan
959,7r0xQPD0,UZB_S_100,2025,38.462307219512454,65.8155107608092,1234.376861025946,0.5473339252409785,558.7605284539773,1909.9931935979148,Uzbekistan
960,7rwsRDxu,DZA_S_087,2022,31.602317021435063,6.051877232280339,,,,,Algeria
961,7rwsRDxu,DZA_S_087,2023,31.602317021435063,6.051877232280339,,,,,Algeria
962,7rwsRDxu,DZA_S_087,2024,31.602317021435063,6.051877232280339,47.83829876923722,0.8193330089416512,8.642801495988401,87.03379604248605,Algeria
963,7rwsRDxu,DZA_S_087,2025,31.602317021435063,6.051877232280339,79.27031297071154,0.9209530903082296,6.266073270634209,152.27455267078886,Algeria
964,7stdeE3O,USA_S_310,2022,32.21879350248936,-103.5302146935664,,,,,United States of America
965,7stdeE3O,USA_S_310,2023,32.21879350248936,-103.5302146935664,,,,,United States of America
966,7stdeE3O,USA_S_310,2024,32.21879350248936,-103.5302146935664,462.35533744405194,0.5429563858444456,211.31655444954043,713.3941204385635,United States of America
967,7stdeE3O,USA_S_310,2025,32.21879350248936,-103.5302146935664,,,,,United States of America
968,7svksaDh,DZA_S_335,2022,31.81249231820054,6.02245359456251,,,,,Algeria
969,7svksaDh,DZA_S_335,2023,31.81249231820054,6.02245359456251,,,,,Algeria
970,7svksaDh,DZA_S_335,2024,31.81249231820054,6.02245359456251,,,,,Algeria
971,7svksaDh,DZA_S_335,2025,31.81249231820054,6.02245359456251,136.77355644842848,0.938786259875001,8.372420940405988,265.17469195645094,Algeria
972,7uVfjD2H,TKM_S_281,2022,39.48342167339021,53.68508116302157,,,,,Turkmenistan
973,7uVfjD2H,TKM_S_281,2023,39.48342167339021,53.68508116302157,2338.632771005259,0.5510881584361136,1049.8399439736256,3627.4255980368926,Turkmenistan
974,7uVfjD2H,TKM_S_281,2024,39.48342167339021,53.68508116302157,755.3184010092283,0.6795697811033384,242.0268405720634,1268.6099614463933,Turkmenistan
975,7uVfjD2H,TKM_S_281,2025,39.48342167339021,53.68508116302157,,,,,Turkmenistan
976,7vX8lPGa,TKM_S_374,2022,38.58339632557056,54.2088016231757,,,,,Turkmenistan
977,7vX8lPGa,TKM_S_374,2023,38.58339632557056,54.2088016231757,,,,,Turkmenistan
978,7vX8lPGa,TKM_S_374,2024,38.58339632557056,54.2088016231757,,,,,Turkmenistan
979,7vX8lPGa,TKM_S_374,2025,38.58339632557056,54.2088016231757,674.7105805379116,0.7302723427114893,181.9881042362619,1167.4330568395612,Turkmenistan
980,7wpRonVS,KAZ_S_100,2022,43.29228706180812,52.865712694740466,,,,,Kazakhstan
981,7wpRonVS,KAZ_S_100,2023,43.29228706180812,52.865712694740466,,,,,Kazakhstan
982,7wpRonVS,KAZ_S_100,2024,43.29228706180812,52.865712694740466,,,,,Kazakhstan
983,7wpRonVS,KAZ_S_100,2025,43.29228706180812,52.865712694740466,509.2884189828697,0.614116717177585,196.52588702054732,822.0509509451921,Kazakhstan
984,7z9GsIlU,,2022,31.929519476808935,-103.62870239934384,,,,,United States of America
985,7z9GsIlU,,2023,31.929519476808935,-103.62870239934384,,,,,United States of America
986,7z9GsIlU,,2024,31.929519476808935,-103.62870239934384,,,,,United States of America
987,7z9GsIlU,,2025,31.929519476808935,-103.62870239934384,165.70574247942918,0.8169623525996718,30.33038926415935,301.081095694699,United States of America
988,7zb2b9qm,,2022,31.581758747943816,-103.24461855864102,,,,,United States of America
989,7zb2b9qm,,2023,31.581758747943816,-103.24461855864102,,,,,United States of America
990,7zb2b9qm,,2024,31.581758747943816,-103.24461855864102,,,,,United States of America
991,7zb2b9qm,,2025,31.581758747943816,-103.24461855864102,316.56944804677073,0.6900524146721917,98.11993601065365,535.0189600828878,United States of America
992,80xpBxJx,QAT_S_008,2022,25.909275675710425,51.48328104378885,,,,,Qatar
993,80xpBxJx,QAT_S_008,2023,25.909275675710425,51.48328104378885,,,,,Qatar
994,80xpBxJx,QAT_S_008,2024,25.909275675710425,51.48328104378885,,,,,Qatar
995,80xpBxJx,QAT_S_008,2025,25.909275675710425,51.48328104378885,940.3095854321596,0.6378986360945595,340.48738337834425,1540.1317874859749,Qatar
996,82u4bymj,,2022,32.95867694905454,3.481052171085006,,,,,Algeria
997,82u4bymj,,2023,32.95867694905454,3.481052171085006,,,,,Algeria
998,82u4bymj,,2024,32.95867694905454,3.481052171085006,,,,,Algeria
999,82u4bymj,,2025,32.95867694905454,3.481052171085006,101.5830192374632,0.7900383028242864,21.32854312333093,181.83749535159546,Algeria
1000,83tPbIiG,USA_S_247,2022,31.80593154650155,-102.03420966637368,,,,,United States of America
1001,83tPbIiG,USA_S_247,2023,31.80593154650155,-102.03420966637368,,,,,United States of America
1002,83tPbIiG,USA_S_247,2024,31.80593154650155,-102.03420966637368,,,,,United States of America
1003,83tPbIiG,USA_S_247,2025,31.80593154650155,-102.03420966637368,552.2536652281573,0.6615291859296302,186.9217476431199,917.5855828131946,United States of America
1004,85YB4PsY,TKM_S_256,2022,40.453359757878985,62.13811441269493,,,,,Turkmenistan
1005,85YB4PsY,TKM_S_256,2023,40.453359757878985,62.13811441269493,996.1669877408792,0.5380649100313354,460.1644871058967,1532.1694883758619,Turkmenistan
1006,85YB4PsY,TKM_S_256,2024,40.453359757878985,62.13811441269493,,,,,Turkmenistan
1007,85YB4PsY,TKM_S_256,2025,40.453359757878985,62.13811441269493,1703.0615958490528,0.516265228970314,823.8301111174932,2582.2930805806122,Turkmenistan
1008,87jVx78R,IRQ_S_050,2022,30.4184941005421,47.60918710951975,,,,,Iraq
1009,87jVx78R,IRQ_S_050,2023,30.4184941005421,47.60918710951975,884.809015428938,0.5914167406334343,361.51815144087743,1408.0998794169986,Iraq
1010,87jVx78R,IRQ_S_050,2024,30.4184941005421,47.60918710951975,,,,,Iraq
1011,87jVx78R,IRQ_S_050,2025,30.4184941005421,47.60918710951975,681.4365641303747,0.5736800222950929,290.5100208273699,1072.3631074333794,Iraq
1012,889xk5gq,,2022,35.81013131767993,-0.2601330551808303,,,,,Algeria
1013,889xk5gq,,2023,35.81013131767993,-0.2601330551808303,,,,,Algeria
1014,889xk5gq,,2024,35.81013131767993,-0.2601330551808303,,,,,Algeria
1015,889xk5gq,,2025,35.81013131767993,-0.2601330551808303,373.52544924419607,0.6974686122197549,113.00317253108614,634.047725957306,Algeria
1016,88yonwRT,SYR_S_039,2022,34.895635666186955,40.9136774868463,,,,,Syria
1017,88yonwRT,SYR_S_039,2023,34.895635666186955,40.9136774868463,,,,,Syria
1018,88yonwRT,SYR_S_039,2024,34.895635666186955,40.9136774868463,,,,,Syria
1019,88yonwRT,SYR_S_039,2025,34.895635666186955,40.9136774868463,755.3143244259827,0.6616598721514293,255.55314509214378,1255.0755037598217,Syria
1020,8Bu5FbHG,USA_S_151,2022,32.06638164068942,-104.13612633576554,,,,,United States of America
1021,8Bu5FbHG,USA_S_151,2023,32.06638164068942,-104.13612633576554,,,,,United States of America
1022,8Bu5FbHG,USA_S_151,2024,32.06638164068942,-104.13612633576554,,,,,United States of America
1023,8Bu5FbHG,USA_S_151,2025,32.06638164068942,-104.13612633576554,1473.0099349481595,0.5113268402705662,719.8204192239649,2226.199450672354,United States of America
1024,8CNR1xcP,SAU_S_015,2022,24.830837837182564,49.23789914266483,,,,,Saudi Arabia
1025,8CNR1xcP,SAU_S_015,2023,24.830837837182564,49.23789914266483,,,,,Saudi Arabia
1026,8CNR1xcP,SAU_S_015,2024,24.830837837182564,49.23789914266483,,,,,Saudi Arabia
1027,8CNR1xcP,SAU_S_015,2025,24.830837837182564,49.23789914266483,49.00644302344469,0.8366333414163095,8.006018845812171,90.0068672010772,Saudi Arabia
1028,8DZS5aMS,YEM_S_028,2022,15.145028063117843,45.92747909153985,,,,,Yemen
1029,8DZS5aMS,YEM_S_028,2023,15.145028063117843,45.92747909153985,,,,,Yemen
1030,8DZS5aMS,YEM_S_028,2024,15.145028063117843,45.92747909153985,,,,,Yemen
1031,8DZS5aMS,YEM_S_028,2025,15.145028063117843,45.92747909153985,213.71801276513384,0.8354084593033809,35.176176995633085,392.25984853463456,Yemen
1032,8EjlyBX2,USA_S_106,2022,31.92850241982696,-103.35768663244627,,,,,United States of America
1033,8EjlyBX2,USA_S_106,2023,31.92850241982696,-103.35768663244627,,,,,United States of America
1034,8EjlyBX2,USA_S_106,2024,31.92850241982696,-103.35768663244627,139.76231675272945,0.9588166419952148,5.755881526405858,273.76875197905304,United States of America
1035,8EjlyBX2,USA_S_106,2025,31.92850241982696,-103.35768663244627,,,,,United States of America
1036,8HcyyXqA,,2022,35.103314478410994,-119.45844840916024,,,,,United States of America
1037,8HcyyXqA,,2023,35.103314478410994,-119.45844840916024,,,,,United States of America
1038,8HcyyXqA,,2024,35.103314478410994,-119.45844840916024,,,,,United States of America
1039,8HcyyXqA,,2025,35.103314478410994,-119.45844840916024,130.19271231167704,0.7669294513858336,30.344086884048906,230.04133773930516,United States of America
1040,8HyhulJG,MEX_S_061,2022,17.657059018303794,-93.36260526570932,,,,,Mexico
1041,8HyhulJG,MEX_S_061,2023,17.657059018303794,-93.36260526570932,,,,,Mexico
1042,8HyhulJG,MEX_S_061,2024,17.657059018303794,-93.36260526570932,,,,,Mexico
1043,8HyhulJG,MEX_S_061,2025,17.657059018303794,-93.36260526570932,164.9621284155043,0.6524957477212018,57.325041089348915,272.5992157416597,Mexico
1044,8IphNpnb,CHN_S_858,2022,45.19874293436622,85.13737959287828,,,,,China
1045,8IphNpnb,CHN_S_858,2023,45.19874293436622,85.13737959287828,,,,,China
1046,8IphNpnb,CHN_S_858,2024,45.19874293436622,85.13737959287828,,,,,China
1047,8IphNpnb,CHN_S_858,2025,45.19874293436622,85.13737959287828,108.32692528072488,0.929110217740847,7.679272145954116,208.97457841549564,China
1048,8JRfNt7B,,2022,37.97603661918816,53.88625664045719,,,,,Turkmenistan
1049,8JRfNt7B,,2023,37.97603661918816,53.88625664045719,,,,,Turkmenistan
1050,8JRfNt7B,,2024,37.97603661918816,53.88625664045719,,,,,Turkmenistan
1051,8JRfNt7B,,2025,37.97603661918816,53.88625664045719,205.46315310670388,0.7737171997146578,46.49277764044095,364.4335285729668,Turkmenistan
1052,8KdtHDjb,DZA_S_073,2022,32.97650258190364,3.2510682971948626,,,,,Algeria
1053,8KdtHDjb,DZA_S_073,2023,32.97650258190364,3.2510682971948626,941.6026778637944,0.5234376953049461,448.73234226980424,1434.4730134577844,Algeria
1054,8KdtHDjb,DZA_S_073,2024,32.97650258190364,3.2510682971948626,150.92931947928838,0.8001924650793659,30.156815272405453,271.70182368617134,Algeria
1055,8KdtHDjb,DZA_S_073,2025,32.97650258190364,3.2510682971948626,752.6546294163098,0.5594967012098432,331.5468471075675,1173.762411725052,Algeria
1056,8LZN0JE3,DZA_S_055,2022,30.201362063864337,6.681826525469256,92.50600862807362,0.8255767878620333,16.135195166971073,168.87682208917616,Algeria
1057,8LZN0JE3,DZA_S_055,2023,30.201362063864337,6.681826525469256,958.3422045043088,0.6025396156836305,380.9030609088794,1535.7813480997384,Algeria
1058,8LZN0JE3,DZA_S_055,2024,30.201362063864337,6.681826525469256,,,,,Algeria
1059,8LZN0JE3,DZA_S_055,2025,30.201362063864337,6.681826525469256,,,,,Algeria
1060,8MPqIkfJ,DZA_S_274,2022,31.73646627822797,6.011750905689629,,,,,Algeria
1061,8MPqIkfJ,DZA_S_274,2023,31.73646627822797,6.011750905689629,,,,,Algeria
1062,8MPqIkfJ,DZA_S_274,2024,31.73646627822797,6.011750905689629,127.451970987396,0.949839321671117,6.393077319080902,248.5108646557111,Algeria
1063,8MPqIkfJ,DZA_S_274,2025,31.73646627822797,6.011750905689629,103.7417617311186,0.8488209007234265,15.683586095875413,191.7999373663618,Algeria
1064,8PTiD9NJ,VEN_S_051,2022,9.217198045143618,-63.65255360475175,,,,,Venezuela
1065,8PTiD9NJ,VEN_S_051,2023,9.217198045143618,-63.65255360475175,,,,,Venezuela
1066,8PTiD9NJ,VEN_S_051,2024,9.217198045143618,-63.65255360475175,,,,,Venezuela
1067,8PTiD9NJ,VEN_S_051,2025,9.217198045143618,-63.65255360475175,18.512709330750393,0.8398481564804946,2.964844527860425,34.06057413364036,Venezuela
1068,8QETSPYK,TKM_S_421,2022,36.48497410536807,61.64884203593053,,,,,Turkmenistan
1069,8QETSPYK,TKM_S_421,2023,36.48497410536807,61.64884203593053,1307.2065595454228,0.6998140715832216,392.40501470964546,2222.0081043812,Turkmenistan
1070,8QETSPYK,TKM_S_421,2024,36.48497410536807,61.64884203593053,211.64168385374683,0.8228379816835849,37.494867871414414,385.78849983607927,Turkmenistan
1071,8QETSPYK,TKM_S_421,2025,36.48497410536807,61.64884203593053,331.5406863963805,0.869800827970596,43.16632286286904,619.915049929892,Turkmenistan
1072,8SMWPNz4,RUS_S_020,2022,44.70603786054984,46.58652047860014,,,,,Russia
1073,8SMWPNz4,RUS_S_020,2023,44.70603786054984,46.58652047860014,,,,,Russia
1074,8SMWPNz4,RUS_S_020,2024,44.70603786054984,46.58652047860014,,,,,Russia
1075,8SMWPNz4,RUS_S_020,2025,44.70603786054984,46.58652047860014,1536.1857874305415,0.5068628363802302,757.5503020064998,2314.821272854583,Russia
1076,8ZqU1xi0,IRN_S_036,2022,30.93368623132941,49.8434245780331,,,,,Iran
1077,8ZqU1xi0,IRN_S_036,2023,30.93368623132941,49.8434245780331,488.977926450975,0.6459702093621904,173.11275292794892,804.8430999740011,Iran
1078,8ZqU1xi0,IRN_S_036,2024,30.93368623132941,49.8434245780331,623.2219127803381,0.7398420701685143,162.1361226545515,1084.3077029061246,Iran
1079,8ZqU1xi0,IRN_S_036,2025,30.93368623132941,49.8434245780331,844.9365720423787,0.5763382335894531,357.96732061634646,1331.9058234684107,Iran
1080,8aDNMJ0W,KAZ_S_067,2022,43.41527670036008,52.85378359279988,,,,,Kazakhstan
1081,8aDNMJ0W,KAZ_S_067,2023,43.41527670036008,52.85378359279988,,,,,Kazakhstan
1082,8aDNMJ0W,KAZ_S_067,2024,43.41527670036008,52.85378359279988,,,,,Kazakhstan
1083,8aDNMJ0W,KAZ_S_067,2025,43.41527670036008,52.85378359279988,404.9650861939896,0.5116972828415104,197.74555194284704,612.1846204451322,Kazakhstan
1084,8hq72Z8u,IRN_S_032,2022,30.393977936332742,49.86776422041682,,,,,Iran
1085,8hq72Z8u,IRN_S_032,2023,30.393977936332742,49.86776422041682,1142.0440382233817,0.580443470163026,479.1520335980065,1804.9360428487569,Iran
1086,8hq72Z8u,IRN_S_032,2024,30.393977936332742,49.86776422041682,,,,,Iran
1087,8hq72Z8u,IRN_S_032,2025,30.393977936332742,49.86776422041682,,,,,Iran
1088,8ibeTLOS,TKM_S_039,2022,39.45642113840477,53.69692097658776,,,,,Turkmenistan
1089,8ibeTLOS,TKM_S_039,2023,39.45642113840477,53.69692097658776,497.640878582557,0.4257930812607963,285.7488355295602,709.5329216355537,Turkmenistan
1090,8ibeTLOS,TKM_S_039,2024,39.45642113840477,53.69692097658776,198.2145298229622,0.5986100768038922,79.56131490199141,316.867744743933,Turkmenistan
1091,8ibeTLOS,TKM_S_039,2025,39.45642113840477,53.69692097658776,243.28427015175745,0.6742070419505592,79.26030201964033,407.3082382838746,Turkmenistan
1092,8jWw7fFu,IRN_S_105,2022,29.03676010371074,53.321469983604295,,,,,Iran
1093,8jWw7fFu,IRN_S_105,2023,29.03676010371074,53.321469983604295,650.5965274411146,0.5821477569945609,271.85321828281945,1029.3398365994099,Iran
1094,8jWw7fFu,IRN_S_105,2024,29.03676010371074,53.321469983604295,1401.1763941989864,0.4575612490634674,760.0523731110528,2042.3004152869198,Iran
1095,8jWw7fFu,IRN_S_105,2025,29.03676010371074,53.321469983604295,584.3759078692012,0.6615388988594499,197.78851325741846,970.963302480984,Iran
1096,8jhCLOaM,CHN_S_692,2022,36.03879079206921,107.98669854474896,,,,,China
1097,8jhCLOaM,CHN_S_692,2023,36.03879079206921,107.98669854474896,,,,,China
1098,8jhCLOaM,CHN_S_692,2024,36.03879079206921,107.98669854474896,,,,,China
1099,8jhCLOaM,CHN_S_692,2025,36.03879079206921,107.98669854474896,382.8780386193643,0.8855129948669094,43.834559972762804,721.9215172659658,China
1100,8lbB2Lda,,2022,40.04495750105369,61.0417568844162,,,,,Turkmenistan
1101,8lbB2Lda,,2023,40.04495750105369,61.0417568844162,,,,,Turkmenistan
1102,8lbB2Lda,,2024,40.04495750105369,61.0417568844162,,,,,Turkmenistan
1103,8lbB2Lda,,2025,40.04495750105369,61.0417568844162,187.3919162817308,0.8082328855079126,35.93560706449031,338.84822549897126,Turkmenistan
1104,8mdaX8cw,,2022,17.825784047066435,-93.25791542489875,,,,,Mexico
1105,8mdaX8cw,,2023,17.825784047066435,-93.25791542489875,,,,,Mexico
1106,8mdaX8cw,,2024,17.825784047066435,-93.25791542489875,,,,,Mexico
1107,8mdaX8cw,,2025,17.825784047066435,-93.25791542489875,36.342250589366664,0.7749260832023547,8.17969268539029,64.50480849334303,Mexico
1108,8oNpiwBG,RUS_S_026,2022,61.20382829476403,62.78507171558478,,,,,Russia
1109,8oNpiwBG,RUS_S_026,2023,61.20382829476403,62.78507171558478,,,,,Russia
1110,8oNpiwBG,RUS_S_026,2024,61.20382829476403,62.78507171558478,,,,,Russia
1111,8oNpiwBG,RUS_S_026,2025,61.20382829476403,62.78507171558478,2449.0207393687538,0.5383906941387385,1130.4907635398438,3767.5507151976635,Russia
1112,8pGR3FLb,SYR_S_059,2022,35.29784609855643,40.470198317819914,,,,,Syria
1113,8pGR3FLb,SYR_S_059,2023,35.29784609855643,40.470198317819914,,,,,Syria
1114,8pGR3FLb,SYR_S_059,2024,35.29784609855643,40.470198317819914,,,,,Syria
1115,8pGR3FLb,SYR_S_059,2025,35.29784609855643,40.470198317819914,3596.1996507641206,0.3862660334245066,2207.109876260868,4985.289425267373,Syria
1116,8pPVSCJS,,2022,27.448471875062452,95.1918948584212,,,,,India
1117,8pPVSCJS,,2023,27.448471875062452,95.1918948584212,,,,,India
1118,8pPVSCJS,,2024,27.448471875062452,95.1918948584212,,,,,India
1119,8pPVSCJS,,2025,27.448471875062452,95.1918948584212,146.57171032006622,0.6292906055380796,54.33550997799976,238.80791066213266,India
1120,8qswBsjS,SYR_S_001,2022,34.68943494622478,38.61755691200953,,,,,Syria
1121,8qswBsjS,SYR_S_001,2023,34.68943494622478,38.61755691200953,618.1790875430817,0.5691633691287058,266.33419535215216,970.0239797340112,Syria
1122,8qswBsjS,SYR_S_001,2024,34.68943494622478,38.61755691200953,958.99161169822,0.4140451363380057,561.9257990856267,1356.0574243108133,Syria
1123,8qswBsjS,SYR_S_001,2025,34.68943494622478,38.61755691200953,1437.4602566478195,0.3828531239508492,887.1241068350124,1987.7964064606267,Syria
1124,8v4F1IPc,UKR_S_001,2022,48.38693522040291,24.71664398048749,,,,,Ukraine
1125,8v4F1IPc,UKR_S_001,2023,48.38693522040291,24.71664398048749,,,,,Ukraine
1126,8v4F1IPc,UKR_S_001,2024,48.38693522040291,24.71664398048749,621.9722893761808,0.6110078059550197,241.94236547961998,1002.0022132727416,Ukraine
1127,8v4F1IPc,UKR_S_001,2025,48.38693522040291,24.71664398048749,242.4398742819906,0.8095364932536617,46.17594863088931,438.7037999330919,Ukraine
1128,8vDyUjpX,,2022,32.02508266862762,-103.68342664623285,,,,,United States of America
1129,8vDyUjpX,,2023,32.02508266862762,-103.68342664623285,,,,,United States of America
1130,8vDyUjpX,,2024,32.02508266862762,-103.68342664623285,,,,,United States of America
1131,8vDyUjpX,,2025,32.02508266862762,-103.68342664623285,180.0909154436852,0.7453399434870271,45.8619627043619,314.31986818300845,United States of America
1132,8wLVYAbe,MEX_S_077,2022,20.46338146539317,-97.54956462431883,,,,,Mexico
1133,8wLVYAbe,MEX_S_077,2023,20.46338146539317,-97.54956462431883,,,,,Mexico
1134,8wLVYAbe,MEX_S_077,2024,20.46338146539317,-97.54956462431883,,,,,Mexico
1135,8wLVYAbe,MEX_S_077,2025,20.46338146539317,-97.54956462431883,275.6561084264806,0.8247922193126827,48.29709499030619,503.01512186265506,Mexico
1136,8xXpQu5P,UZB_S_025,2022,38.5052014331754,65.97647361949628,,,,,Uzbekistan
1137,8xXpQu5P,UZB_S_025,2023,38.5052014331754,65.97647361949628,,,,,Uzbekistan
1138,8xXpQu5P,UZB_S_025,2024,38.5052014331754,65.97647361949628,593.8283903898304,0.6538570501499207,205.54951075426038,982.1072700254003,Uzbekistan
1139,8xXpQu5P,UZB_S_025,2025,38.5052014331754,65.97647361949628,622.817490779892,0.4945274433398405,314.8171493971773,930.8178321626067,Uzbekistan
1140,8xt9etqs,TKM_S_337,2022,39.04150216938126,54.57976482144457,,,,,Turkmenistan
1141,8xt9etqs,TKM_S_337,2023,39.04150216938126,54.57976482144457,290.98283019645885,0.9363979004710404,18.50711892737354,563.4585414655442,Turkmenistan
1142,8xt9etqs,TKM_S_337,2024,39.04150216938126,54.57976482144457,1065.7485822971917,0.8057052180414549,207.0693884200614,1924.427776174322,Turkmenistan
1143,8xt9etqs,TKM_S_337,2025,39.04150216938126,54.57976482144457,311.24496907618175,0.6655309875442394,104.10179743873425,518.3881407136292,Turkmenistan
1144,8yJQNPRi,TKM_S_037,2022,40.25344058889166,58.43853662155232,320.9453711086174,0.755634361679653,78.42802047691794,563.4627217403169,Turkmenistan
1145,8yJQNPRi,TKM_S_037,2023,40.25344058889166,58.43853662155232,279.01498882240554,0.4231974084619443,160.93656863072516,397.0934090140859,Turkmenistan
1146,8yJQNPRi,TKM_S_037,2024,40.25344058889166,58.43853662155232,222.72921996451964,0.7820108117688699,48.552561855418446,396.90587807362084,Turkmenistan
1147,8yJQNPRi,TKM_S_037,2025,40.25344058889166,58.43853662155232,386.69461386751544,0.6787870501269431,124.21131762040733,649.1779101146235,Turkmenistan
1148,8zXQ8qrk,USA_S_989,2022,31.334036964752183,-101.6872445586702,,,,,United States of America
1149,8zXQ8qrk,USA_S_989,2023,31.334036964752183,-101.6872445586702,,,,,United States of America
1150,8zXQ8qrk,USA_S_989,2024,31.334036964752183,-101.6872445586702,,,,,United States of America
1151,8zXQ8qrk,USA_S_989,2025,31.334036964752183,-101.6872445586702,1126.6246305404716,0.5911924943128392,460.57260505696934,1792.676656023974,United States of America
1152,8zaXodQ7,YEM_S_010,2022,15.637918866368109,46.000993634344866,,,,,Yemen
1153,8zaXodQ7,YEM_S_010,2023,15.637918866368109,46.000993634344866,,,,,Yemen
1154,8zaXodQ7,YEM_S_010,2024,15.637918866368109,46.000993634344866,,,,,Yemen
1155,8zaXodQ7,YEM_S_010,2025,15.637918866368109,46.000993634344866,178.402150562614,0.5376927631243187,82.47660527928136,274.32769584594666,Yemen
1156,90UiR5Ss,VEN_S_091,2022,8.89251163677123,-62.7915191875417,,,,,Venezuela
1157,90UiR5Ss,VEN_S_091,2023,8.89251163677123,-62.7915191875417,,,,,Venezuela
1158,90UiR5Ss,VEN_S_091,2024,8.89251163677123,-62.7915191875417,,,,,Venezuela
1159,90UiR5Ss,VEN_S_091,2025,8.89251163677123,-62.7915191875417,428.7502083232416,0.5858025844037149,177.58722822385553,679.9131884226277,Venezuela
1160,91aOVQz1,UZB_S_087,2022,38.80888441819125,64.62841788683563,,,,,Uzbekistan
1161,91aOVQz1,UZB_S_087,2023,38.80888441819125,64.62841788683563,656.0794948744083,0.7087738280760668,191.06751977006166,1121.091469978755,Uzbekistan
1162,91aOVQz1,UZB_S_087,2024,38.80888441819125,64.62841788683563,1294.950275264629,0.5319783204055242,606.0648028206805,1983.8357477085774,Uzbekistan
1163,91aOVQz1,UZB_S_087,2025,38.80888441819125,64.62841788683563,,,,,Uzbekistan
1164,95zTpb98,IND_S_014,2022,23.480570941735365,72.28019368844716,,,,,India
1165,95zTpb98,IND_S_014,2023,23.480570941735365,72.28019368844716,881.5482575101785,0.664252955272712,295.97722224353265,1467.1192927768243,India
1166,95zTpb98,IND_S_014,2024,23.480570941735365,72.28019368844716,703.7137604042246,0.67900883513124,225.88589968632755,1181.5416211221216,India
1167,95zTpb98,IND_S_014,2025,23.480570941735365,72.28019368844716,628.6229491141153,0.6613102402846438,212.9081555870183,1044.3377426412121,India
1168,96fnXHoV,,2022,36.430342723100864,61.55194714566581,,,,,Turkmenistan
1169,96fnXHoV,,2023,36.430342723100864,61.55194714566581,,,,,Turkmenistan
1170,96fnXHoV,,2024,36.430342723100864,61.55194714566581,,,,,Turkmenistan
1171,96fnXHoV,,2025,36.430342723100864,61.55194714566581,231.86407945377337,0.7488760671537658,58.22661951820331,405.5015393893434,Turkmenistan
1172,98iAd8gj,,2022,27.689282623162512,52.25540203734712,,,,,Iran
1173,98iAd8gj,,2023,27.689282623162512,52.25540203734712,,,,,Iran
1174,98iAd8gj,,2024,27.689282623162512,52.25540203734712,,,,,Iran
1175,98iAd8gj,,2025,27.689282623162512,52.25540203734712,262.5553280072495,0.6894189812447832,81.54470125210167,443.5659547623973,Iran
1176,9C9c8F1w,TKM_S_071,2022,37.93751675813926,63.4902718268175,,,,,Turkmenistan
1177,9C9c8F1w,TKM_S_071,2023,37.93751675813926,63.4902718268175,428.77083035893946,0.5315253027362881,200.86828494791456,656.6733757699644,Turkmenistan
1178,9C9c8F1w,TKM_S_071,2024,37.93751675813926,63.4902718268175,430.5946533528493,0.4597494593813849,232.628994261362,628.5603124443367,Turkmenistan
1179,9C9c8F1w,TKM_S_071,2025,37.93751675813926,63.4902718268175,95.4358744806996,0.7423678977837035,24.587344969313236,166.28440399208597,Turkmenistan
1180,9CWI8VMt,USA_S_317,2022,31.577338191330025,-102.01496398026316,,,,,United States of America
1181,9CWI8VMt,USA_S_317,2023,31.577338191330025,-102.01496398026316,,,,,United States of America
1182,9CWI8VMt,USA_S_317,2024,31.577338191330025,-102.01496398026316,52.37830736907988,0.9368085444839744,3.309861480117924,101.44675325804184,United States of America
1183,9CWI8VMt,USA_S_317,2025,31.577338191330025,-102.01496398026316,,,,,United States of America
1184,9EsxY1Fr,IRQ_S_032,2022,33.613873938490116,42.58930956780412,,,,,Iraq
1185,9EsxY1Fr,IRQ_S_032,2023,33.613873938490116,42.58930956780412,1386.0707557794929,0.4990480777413957,694.3548094941734,2077.7867020648123,Iraq
1186,9EsxY1Fr,IRQ_S_032,2024,33.613873938490116,42.58930956780412,413.7962976970338,0.6346415624589887,151.18396878684342,676.4086266072243,Iraq
1187,9EsxY1Fr,IRQ_S_032,2025,33.613873938490116,42.58930956780412,,,,,Iraq
1188,9FOuZuku,,2022,31.858750430669776,-101.86146682527703,,,,,United States of America
1189,9FOuZuku,,2023,31.858750430669776,-101.86146682527703,,,,,United States of America
1190,9FOuZuku,,2024,31.858750430669776,-101.86146682527703,,,,,United States of America
1191,9FOuZuku,,2025,31.858750430669776,-101.86146682527703,213.38448937955815,0.7816942647699333,46.583057840696796,380.18592091841947,United States of America
1192,9G7IZn5H,IRN_S_126,2022,31.310350895566007,48.77787685470144,,,,,Iran
1193,9G7IZn5H,IRN_S_126,2023,31.310350895566007,48.77787685470144,,,,,Iran
1194,9G7IZn5H,IRN_S_126,2024,31.310350895566007,48.77787685470144,624.7625327489972,0.7142197662814628,178.5447826275937,1070.9802828704005,Iran
1195,9G7IZn5H,IRN_S_126,2025,31.310350895566007,48.77787685470144,,,,,Iran
1196,9KV9kDUd,TKM_S_290,2022,40.78477972200547,61.27362528400948,,,,,Turkmenistan
1197,9KV9kDUd,TKM_S_290,2023,40.78477972200547,61.27362528400948,966.401746710946,0.5870976270006079,399.0295744877071,1533.7739189341848,Turkmenistan
1198,9KV9kDUd,TKM_S_290,2024,40.78477972200547,61.27362528400948,,,,,Turkmenistan
1199,9KV9kDUd,TKM_S_290,2025,40.78477972200547,61.27362528400948,,,,,Turkmenistan
1200,9L4Gp18F,,2022,31.783042815038357,-103.64801101095247,,,,,United States of America
1201,9L4Gp18F,,2023,31.783042815038357,-103.64801101095247,,,,,United States of America
1202,9L4Gp18F,,2024,31.783042815038357,-103.64801101095247,,,,,United States of America
1203,9L4Gp18F,,2025,31.783042815038357,-103.64801101095247,302.7317406806696,0.6910931977910966,93.51589394080065,511.9475874205385,United States of America
1204,9N5u8HPA,,2022,31.67350126296209,-101.98599613811176,,,,,United States of America
1205,9N5u8HPA,,2023,31.67350126296209,-101.98599613811176,,,,,United States of America
1206,9N5u8HPA,,2024,31.67350126296209,-101.98599613811176,,,,,United States of America
1207,9N5u8HPA,,2025,31.67350126296209,-101.98599613811176,522.0500001934507,0.6668663812000724,173.91240575894716,870.1875946279542,United States of America
1208,9O5ANTS2,,2022,31.91946806314431,-104.05270078642548,,,,,United States of America
1209,9O5ANTS2,,2023,31.91946806314431,-104.05270078642548,,,,,United States of America
1210,9O5ANTS2,,2024,31.91946806314431,-104.05270078642548,,,,,United States of America
1211,9O5ANTS2,,2025,31.91946806314431,-104.05270078642548,114.83187648793366,0.7695622704310765,26.461596900018478,203.20215607584885,United States of America
1212,9T2J2U0Z,DZA_S_098,2022,28.65124621155718,7.684893681225677,,,,,Algeria
1213,9T2J2U0Z,DZA_S_098,2023,28.65124621155718,7.684893681225677,651.8984182054636,0.6528063179700061,226.33501212628374,1077.4618242846434,Algeria
1214,9T2J2U0Z,DZA_S_098,2024,28.65124621155718,7.684893681225677,635.2070255035869,0.9496359234291896,31.991615270779334,1238.4224357363946,Algeria
1215,9T2J2U0Z,DZA_S_098,2025,28.65124621155718,7.684893681225677,713.5023870109493,0.6869372360477801,223.37102936415425,1203.6337446577443,Algeria
1216,9aoF1kyS,,2022,38.56643938092026,54.21721204910267,,,,,Turkmenistan
1217,9aoF1kyS,,2023,38.56643938092026,54.21721204910267,,,,,Turkmenistan
1218,9aoF1kyS,,2024,38.56643938092026,54.21721204910267,,,,,Turkmenistan
1219,9aoF1kyS,,2025,38.56643938092026,54.21721204910267,297.58819605564867,0.7060038404711824,87.48978676146953,507.6866053498278,Turkmenistan
1220,9dek52Vm,,2022,36.63422871653062,10.744823478177738,,,,,Tunisia
1221,9dek52Vm,,2023,36.63422871653062,10.744823478177738,,,,,Tunisia
1222,9dek52Vm,,2024,36.63422871653062,10.744823478177738,,,,,Tunisia
1223,9dek52Vm,,2025,36.63422871653062,10.744823478177738,220.95073629467709,0.7285920704948575,59.967781860375055,381.9336907289791,Tunisia
1224,9h6VDE8z,USA_S_980,2022,31.414694552209948,-102.00349177033245,,,,,United States of America
1225,9h6VDE8z,USA_S_980,2023,31.414694552209948,-102.00349177033245,,,,,United States of America
1226,9h6VDE8z,USA_S_980,2024,31.414694552209948,-102.00349177033245,,,,,United States of America
1227,9h6VDE8z,USA_S_980,2025,31.414694552209948,-102.00349177033245,1137.1524171567198,0.5707711192031224,488.0986593116429,1786.2061750017967,United States of America
1228,9hVbDRPi,UZB_S_064,2022,40.116733232393045,62.470504883017185,,,,,Uzbekistan
1229,9hVbDRPi,UZB_S_064,2023,40.116733232393045,62.470504883017185,,,,,Uzbekistan
1230,9hVbDRPi,UZB_S_064,2024,40.116733232393045,62.470504883017185,,,,,Uzbekistan
1231,9hVbDRPi,UZB_S_064,2025,40.116733232393045,62.470504883017185,708.6728394000247,0.5993462298523938,283.93244490682895,1133.4132338932204,Uzbekistan
1232,9km27BHT,,2022,35.941293155574215,-98.14852552615582,,,,,United States of America
1233,9km27BHT,,2023,35.941293155574215,-98.14852552615582,,,,,United States of America
1234,9km27BHT,,2024,35.941293155574215,-98.14852552615582,,,,,United States of America
1235,9km27BHT,,2025,35.941293155574215,-98.14852552615582,139.99431169314644,0.8378526424708612,22.699707710154314,257.2889156761386,United States of America
1236,9lkDWynv,USA_S_030,2022,32.38678190705082,-101.60984929168714,,,,,United States of America
1237,9lkDWynv,USA_S_030,2023,32.38678190705082,-101.60984929168714,,,,,United States of America
1238,9lkDWynv,USA_S_030,2024,32.38678190705082,-101.60984929168714,79.52518493511074,0.8478222266575354,12.10196556807287,146.94840430214862,United States of America
1239,9lkDWynv,USA_S_030,2025,32.38678190705082,-101.60984929168714,,,,,United States of America
1240,9uUmhZHN,DZA_S_345,2022,31.77430432645732,5.969853261585939,,,,,Algeria
1241,9uUmhZHN,DZA_S_345,2023,31.77430432645732,5.969853261585939,,,,,Algeria
1242,9uUmhZHN,DZA_S_345,2024,31.77430432645732,5.969853261585939,,,,,Algeria
1243,9uUmhZHN,DZA_S_345,2025,31.77430432645732,5.969853261585939,2384.395314374048,0.8739156775138919,300.6348677519027,4468.155760996194,Algeria
1244,9vW8jdfF,,2022,31.426321466766854,-103.16094492167596,,,,,United States of America
1245,9vW8jdfF,,2023,31.426321466766854,-103.16094492167596,,,,,United States of America
1246,9vW8jdfF,,2024,31.426321466766854,-103.16094492167596,,,,,United States of America
1247,9vW8jdfF,,2025,31.426321466766854,-103.16094492167596,35.35389404131157,0.6777181423207919,11.393918647827778,59.313869434795365,United States of America
1248,9y53otF8,,2022,31.994911028498404,-103.59249357521988,,,,,United States of America
1249,9y53otF8,,2023,31.994911028498404,-103.59249357521988,,,,,United States of America
1250,9y53otF8,,2024,31.994911028498404,-103.59249357521988,,,,,United States of America
1251,9y53otF8,,2025,31.994911028498404,-103.59249357521988,256.2543394102961,0.7488456697943786,64.35938697687689,448.14929184371533,United States of America
1252,A2BctsP0,,2022,31.80647069729366,-101.78442305928333,,,,,United States of America
1253,A2BctsP0,,2023,31.80647069729366,-101.78442305928333,,,,,United States of America
1254,A2BctsP0,,2024,31.80647069729366,-101.78442305928333,,,,,United States of America
1255,A2BctsP0,,2025,31.80647069729366,-101.78442305928333,277.05076177071885,0.7012411058616618,82.77137920680417,471.33014433463353,United States of America
1256,A31RBXwc,LBY_S_084,2022,29.07779672443418,19.068714209634972,,,,,Libya
1257,A31RBXwc,LBY_S_084,2023,29.07779672443418,19.068714209634972,,,,,Libya
1258,A31RBXwc,LBY_S_084,2024,29.07779672443418,19.068714209634972,,,,,Libya
1259,A31RBXwc,LBY_S_084,2025,29.07779672443418,19.068714209634972,638.8017937539921,0.4828324483187847,330.36755968532077,947.2360278226635,Libya
1260,A3LGbJ1e,,2022,35.455667511989084,-119.0502491362188,,,,,United States of America
1261,A3LGbJ1e,,2023,35.455667511989084,-119.0502491362188,,,,,United States of America
1262,A3LGbJ1e,,2024,35.455667511989084,-119.0502491362188,,,,,United States of America
1263,A3LGbJ1e,,2025,35.455667511989084,-119.0502491362188,67.71412053936628,0.8420665299564214,10.694326027731272,124.73391505100128,United States of America
1264,A4gmAXOi,,2022,32.03634227026527,-103.6461930700682,,,,,United States of America
1265,A4gmAXOi,,2023,32.03634227026527,-103.6461930700682,,,,,United States of America
1266,A4gmAXOi,,2024,32.03634227026527,-103.6461930700682,,,,,United States of America
1267,A4gmAXOi,,2025,32.03634227026527,-103.6461930700682,172.06362420114982,0.7944013495184579,35.37604893271961,308.75119946958,United States of America
1268,A5sNDwQg,USA_S_107,2022,32.05700507595903,-103.53415362027148,,,,,United States of America
1269,A5sNDwQg,USA_S_107,2023,32.05700507595903,-103.53415362027148,1721.5580523624735,0.6598391678670871,585.6066196567358,2857.5094850682112,United States of America
1270,A5sNDwQg,USA_S_107,2024,32.05700507595903,-103.53415362027148,950.3470307139,0.5916827672440014,388.04306973897974,1512.6509916888203,United States of America
1271,A5sNDwQg,USA_S_107,2025,32.05700507595903,-103.53415362027148,110.29404383421216,0.646376967301379,39.00251426924875,181.5855733991756,United States of America
1272,A8AoOK6F,RUS_S_201,2022,51.42872663946934,46.91408863165741,,,,,Russia
1273,A8AoOK6F,RUS_S_201,2023,51.42872663946934,46.91408863165741,,,,,Russia
1274,A8AoOK6F,RUS_S_201,2024,51.42872663946934,46.91408863165741,,,,,Russia
1275,A8AoOK6F,RUS_S_201,2025,51.42872663946934,46.91408863165741,755.8466184867993,0.6394469571917437,272.52279819174674,1239.170438781852,Russia
1276,ABKDgxXA,,2022,38.420685172064736,54.01327895048399,,,,,Turkmenistan
1277,ABKDgxXA,,2023,38.420685172064736,54.01327895048399,,,,,Turkmenistan
1278,ABKDgxXA,,2024,38.420685172064736,54.01327895048399,,,,,Turkmenistan
1279,ABKDgxXA,,2025,38.420685172064736,54.01327895048399,326.90045154417595,0.6672990547023729,108.76008924696848,545.0408138413834,Turkmenistan
1280,AEcHTMia,USA_S_564,2022,31.84240645870953,-103.75385190204128,,,,,United States of America
1281,AEcHTMia,USA_S_564,2023,31.84240645870953,-103.75385190204128,,,,,United States of America
1282,AEcHTMia,USA_S_564,2024,31.84240645870953,-103.75385190204128,,,,,United States of America
1283,AEcHTMia,USA_S_564,2025,31.84240645870953,-103.75385190204128,184.87520541002908,0.8616882956862592,25.57040474561404,344.1800060744441,United States of America
1284,AG2UQTAD,DZA_S_313,2022,31.196554897990957,5.927933558973808,,,,,Algeria
1285,AG2UQTAD,DZA_S_313,2023,31.196554897990957,5.927933558973808,,,,,Algeria
1286,AG2UQTAD,DZA_S_313,2024,31.196554897990957,5.927933558973808,,,,,Algeria
1287,AG2UQTAD,DZA_S_313,2025,31.196554897990957,5.927933558973808,512.3275440242396,0.5973737530978913,206.27651623505443,818.3785718134247,Algeria
1288,AHTuAeDf,DZA_S_119,2022,31.67390172778122,5.983414515073443,,,,,Algeria
1289,AHTuAeDf,DZA_S_119,2023,31.67390172778122,5.983414515073443,743.9139133010957,0.5435406943763366,339.5664283092003,1148.261398292991,Algeria
1290,AHTuAeDf,DZA_S_119,2024,31.67390172778122,5.983414515073443,250.3996061368611,0.6507073051494993,87.4627532170482,413.336459056674,Algeria
1291,AHTuAeDf,DZA_S_119,2025,31.67390172778122,5.983414515073443,362.94593368328975,0.6259625938588445,135.75535560437757,590.136511762202,Algeria
1292,AI33Kbn9,,2022,36.31044322506918,61.84147764808023,,,,,Turkmenistan
1293,AI33Kbn9,,2023,36.31044322506918,61.84147764808023,,,,,Turkmenistan
1294,AI33Kbn9,,2024,36.31044322506918,61.84147764808023,,,,,Turkmenistan
1295,AI33Kbn9,,2025,36.31044322506918,61.84147764808023,197.5394347788587,0.7551533448465173,48.3668698665131,346.71199969120426,Turkmenistan
1296,AK1fIW5P,SAU_S_001,2022,23.808021745298888,48.401567485643554,,,,,Saudi Arabia
1297,AK1fIW5P,SAU_S_001,2023,23.808021745298888,48.401567485643554,445.7006188893876,0.6347314196825045,162.80043230835577,728.6008054704195,Saudi Arabia
1298,AK1fIW5P,SAU_S_001,2024,23.808021745298888,48.401567485643554,,,,,Saudi Arabia
1299,AK1fIW5P,SAU_S_001,2025,23.808021745298888,48.401567485643554,,,,,Saudi Arabia
1300,AQxCHIzp,LBY_S_110,2022,28.75261090296675,19.640612726408403,,,,,Libya
1301,AQxCHIzp,LBY_S_110,2023,28.75261090296675,19.640612726408403,,,,,Libya
1302,AQxCHIzp,LBY_S_110,2024,28.75261090296675,19.640612726408403,,,,,Libya
1303,AQxCHIzp,LBY_S_110,2025,28.75261090296675,19.640612726408403,2993.0320486070113,0.484957329771738,1541.5392183933204,4444.524878820703,Libya
1304,ARh7FROD,,2022,31.84999527460497,-103.6421903212963,,,,,United States of America
1305,ARh7FROD,,2023,31.84999527460497,-103.6421903212963,,,,,United States of America
1306,ARh7FROD,,2024,31.84999527460497,-103.6421903212963,,,,,United States of America
1307,ARh7FROD,,2025,31.84999527460497,-103.6421903212963,160.1257813338144,0.7523371777270947,39.657202923786556,280.59435974384223,United States of America
1308,AWMhGM5p,USA_S_178,2022,31.498495725858287,-103.52907119488674,,,,,United States of America
1309,AWMhGM5p,USA_S_178,2023,31.498495725858287,-103.52907119488674,,,,,United States of America
1310,AWMhGM5p,USA_S_178,2024,31.498495725858287,-103.52907119488674,,,,,United States of America
1311,AWMhGM5p,USA_S_178,2025,31.498495725858287,-103.52907119488674,341.35471125030386,0.7793023735383405,75.33617455444721,607.3732479461605,United States of America
1312,AXUUzJSu,,2022,31.7690997687613,6.0839182687130915,,,,,Algeria
1313,AXUUzJSu,,2023,31.7690997687613,6.0839182687130915,,,,,Algeria
1314,AXUUzJSu,,2024,31.7690997687613,6.0839182687130915,,,,,Algeria
1315,AXUUzJSu,,2025,31.7690997687613,6.0839182687130915,203.2861562599879,0.6964525729883706,61.70698967980337,344.86532284017244,Algeria
1316,AeAvFYUL,DZA_S_306,2022,28.24953909842436,9.26938091589961,,,,,Algeria
1317,AeAvFYUL,DZA_S_306,2023,28.24953909842436,9.26938091589961,,,,,Algeria
1318,AeAvFYUL,DZA_S_306,2024,28.24953909842436,9.26938091589961,,,,,Algeria
1319,AeAvFYUL,DZA_S_306,2025,28.24953909842436,9.26938091589961,800.6373083557589,0.5815076618193584,335.0605792084569,1266.214037503061,Algeria
1320,AgwD2aqJ,,2022,28.54479883455132,32.92444489755858,,,,,
1321,AgwD2aqJ,,2023,28.54479883455132,32.92444489755858,,,,,
1322,AgwD2aqJ,,2024,28.54479883455132,32.92444489755858,,,,,
1323,AgwD2aqJ,,2025,28.54479883455132,32.92444489755858,785.4116914313748,0.5965755638972973,316.85426872417236,1253.9691141385774,
1324,AhCxtF3q,USA_S_187,2022,31.857677182762252,-101.74099596121678,,,,,United States of America
1325,AhCxtF3q,USA_S_187,2023,31.857677182762252,-101.74099596121678,725.4097851723974,0.5241057025793878,345.2183800566553,1105.6011902881396,United States of America
1326,AhCxtF3q,USA_S_187,2024,31.857677182762252,-101.74099596121678,390.2214762919862,0.6262789806237288,145.83396790235454,634.6089846816179,United States of America
1327,AhCxtF3q,USA_S_187,2025,31.857677182762252,-101.74099596121678,,,,,United States of America
1328,AiejgyJT,CHN_S_874,2022,44.66766305498668,124.02569107326424,,,,,China
1329,AiejgyJT,CHN_S_874,2023,44.66766305498668,124.02569107326424,,,,,China
1330,AiejgyJT,CHN_S_874,2024,44.66766305498668,124.02569107326424,,,,,China
1331,AiejgyJT,CHN_S_874,2025,44.66766305498668,124.02569107326424,790.5631630932397,0.69002335709827,245.05611529741532,1336.0702108890641,China
1332,AjpTSExy,LBY_S_073,2022,29.213691525375975,19.70086743177782,,,,,Libya
1333,AjpTSExy,LBY_S_073,2023,29.213691525375975,19.70086743177782,,,,,Libya
1334,AjpTSExy,LBY_S_073,2024,29.213691525375975,19.70086743177782,,,,,Libya
1335,AjpTSExy,LBY_S_073,2025,29.213691525375975,19.70086743177782,706.9863871721012,0.5860670268546123,292.64497721546405,1121.3277971287384,Libya
1336,AlLWvR0V,,2022,58.08968637725514,106.56744921526672,,,,,Russia
1337,AlLWvR0V,,2023,58.08968637725514,106.56744921526672,,,,,Russia
1338,AlLWvR0V,,2024,58.08968637725514,106.56744921526672,,,,,Russia
1339,AlLWvR0V,,2025,58.08968637725514,106.56744921526672,1311.1858493133716,0.4861589650754347,673.7410937896279,1948.6306048371152,Russia
1340,Ang4Z2dZ,,2022,32.226785819995236,-101.75652396742964,,,,,United States of America
1341,Ang4Z2dZ,,2023,32.226785819995236,-101.75652396742964,,,,,United States of America
1342,Ang4Z2dZ,,2024,32.226785819995236,-101.75652396742964,,,,,United States of America
1343,Ang4Z2dZ,,2025,32.226785819995236,-101.75652396742964,146.59333362265608,0.8562619679643041,21.071037284472794,272.1156299608393,United States of America
1344,AnlIHyIS,CHN_S_022,2022,36.145438278692026,108.03955345856076,,,,,China
1345,AnlIHyIS,CHN_S_022,2023,36.145438278692026,108.03955345856076,1178.2571182536774,0.6026571602651427,468.1720293047257,1888.3422072026292,China
1346,AnlIHyIS,CHN_S_022,2024,36.145438278692026,108.03955345856076,,,,,China
1347,AnlIHyIS,CHN_S_022,2025,36.145438278692026,108.03955345856076,621.7574963634522,0.928451252064338,44.48597038441699,1199.0290223424875,China
1348,AseQFRxx,CHN_S_002,2022,37.30062643933688,94.3140027117693,,,,,China
1349,AseQFRxx,CHN_S_002,2023,37.30062643933688,94.3140027117693,863.8361859403411,0.7046202725849893,255.15969713428046,1472.512674746402,China
1350,AseQFRxx,CHN_S_002,2024,37.30062643933688,94.3140027117693,374.85690019013185,0.7167352117789901,106.1837604455419,643.5300399347218,China
1351,AseQFRxx,CHN_S_002,2025,37.30062643933688,94.3140027117693,202.87216279230373,0.6992521690460763,61.013362920716645,344.7309626638908,China
1352,AtvtEvM3,IRN_S_069,2022,30.91289445821808,49.67201828060426,,,,,Iran
1353,AtvtEvM3,IRN_S_069,2023,30.91289445821808,49.67201828060426,1158.0140346075912,0.4819952757549047,599.8567406688555,1716.1713285463268,Iran
1354,AtvtEvM3,IRN_S_069,2024,30.91289445821808,49.67201828060426,231.44675882248748,0.6093873812414061,90.40602456684053,372.48749307813443,Iran
1355,AtvtEvM3,IRN_S_069,2025,30.91289445821808,49.67201828060426,449.1266403688289,0.5274537574672298,212.23310632765688,686.0201744100009,Iran
1356,AvhJeD8m,,2022,17.99658853212022,-93.10270368499624,,,,,Mexico
1357,AvhJeD8m,,2023,17.99658853212022,-93.10270368499624,,,,,Mexico
1358,AvhJeD8m,,2024,17.99658853212022,-93.10270368499624,,,,,Mexico
1359,AvhJeD8m,,2025,17.99658853212022,-93.10270368499624,412.7691704398164,0.5897664992214177,169.3317418029972,656.2065990766356,Mexico
1360,B4wbYHDq,USA_S_084,2022,27.790360384577873,-99.59647219117308,,,,,United States of America
1361,B4wbYHDq,USA_S_084,2023,27.790360384577873,-99.59647219117308,,,,,United States of America
1362,B4wbYHDq,USA_S_084,2024,27.790360384577873,-99.59647219117308,129.3510032355655,0.6865641531874058,40.54324123519808,218.15876523593295,United States of America
1363,B4wbYHDq,USA_S_084,2025,27.790360384577873,-99.59647219117308,,,,,United States of America
1364,B835BbZR,USA_S_357,2022,32.056462843438794,-103.87304894543172,,,,,United States of America
1365,B835BbZR,USA_S_357,2023,32.056462843438794,-103.87304894543172,345.5059979428092,0.7469418081450083,87.43312311446175,603.5788727711566,United States of America
1366,B835BbZR,USA_S_357,2024,32.056462843438794,-103.87304894543172,,,,,United States of America
1367,B835BbZR,USA_S_357,2025,32.056462843438794,-103.87304894543172,,,,,United States of America
1368,B8yI4GBC,,2022,31.638827708953595,5.825431149831985,,,,,Algeria
1369,B8yI4GBC,,2023,31.638827708953595,5.825431149831985,,,,,Algeria
1370,B8yI4GBC,,2024,31.638827708953595,5.825431149831985,,,,,Algeria
1371,B8yI4GBC,,2025,31.638827708953595,5.825431149831985,151.88462407035252,0.8376628560837732,24.65651607637082,279.1127320643342,Algeria
1372,BBu8I1sl,,2022,-21.888303872026757,147.99522622950508,,,,,Australia
1373,BBu8I1sl,,2023,-21.888303872026757,147.99522622950508,,,,,Australia
1374,BBu8I1sl,,2024,-21.888303872026757,147.99522622950508,,,,,Australia
1375,BBu8I1sl,,2025,-21.888303872026757,147.99522622950508,260.76659142306545,0.6522078777489565,90.69256624319868,430.8406166029322,Australia
1376,BDdVZ4x2,USA_S_040,2022,31.94150954914444,-101.73014602537827,,,,,United States of America
1377,BDdVZ4x2,USA_S_040,2023,31.94150954914444,-101.73014602537827,423.3854320228154,0.6874277482294543,132.33853785421672,714.4323261914141,United States of America
1378,BDdVZ4x2,USA_S_040,2024,31.94150954914444,-101.73014602537827,155.39182216780375,0.8992816684920111,15.650805058727315,295.1328392768802,United States of America
1379,BDdVZ4x2,USA_S_040,2025,31.94150954914444,-101.73014602537827,129.35876753548854,0.8004132190748607,25.818299996851565,232.8992350741255,United States of America
1380,BDuDjbNs,,2022,27.590955994413676,95.43583948827944,,,,,India
1381,BDuDjbNs,,2023,27.590955994413676,95.43583948827944,,,,,India
1382,BDuDjbNs,,2024,27.590955994413676,95.43583948827944,,,,,India
1383,BDuDjbNs,,2025,27.590955994413676,95.43583948827944,164.6285830976252,0.723497129185824,45.5202758445635,283.7368903506869,India
1384,BEg84AIU,,2022,39.47776446152571,53.73554172344269,,,,,Turkmenistan
1385,BEg84AIU,,2023,39.47776446152571,53.73554172344269,,,,,Turkmenistan
1386,BEg84AIU,,2024,39.47776446152571,53.73554172344269,,,,,Turkmenistan
1387,BEg84AIU,,2025,39.47776446152571,53.73554172344269,880.6636547986697,0.5822683184636908,367.88110938696,1393.4462002103792,Turkmenistan
1388,BItNjDgw,IRQ_S_054,2022,30.54763101036038,47.40690914522064,,,,,Iraq
1389,BItNjDgw,IRQ_S_054,2023,30.54763101036038,47.40690914522064,,,,,Iraq
1390,BItNjDgw,IRQ_S_054,2024,30.54763101036038,47.40690914522064,,,,,Iraq
1391,BItNjDgw,IRQ_S_054,2025,30.54763101036038,47.40690914522064,1125.531788333394,0.7889719899461577,237.5187335443386,2013.5448431224493,Iraq
1392,BM72oCus,TKM_S_097,2022,38.64908690880834,54.26561843634762,,,,,Turkmenistan
1393,BM72oCus,TKM_S_097,2023,38.64908690880834,54.26561843634762,,,,,Turkmenistan
1394,BM72oCus,TKM_S_097,2024,38.64908690880834,54.26561843634762,,,,,Turkmenistan
1395,BM72oCus,TKM_S_097,2025,38.64908690880834,54.26561843634762,1850.961949876932,0.6440444263805573,658.8602226162056,3043.0636771376585,Turkmenistan
1396,BNWfgnwA,TKM_S_276,2022,39.48484306276432,53.71937259838098,,,,,Turkmenistan
1397,BNWfgnwA,TKM_S_276,2023,39.48484306276432,53.71937259838098,,,,,Turkmenistan
1398,BNWfgnwA,TKM_S_276,2024,39.48484306276432,53.71937259838098,,,,,Turkmenistan
1399,BNWfgnwA,TKM_S_276,2025,39.48484306276432,53.71937259838098,286.49903614276377,0.7679452992626798,66.48344809363971,506.51462419188783,Turkmenistan
1400,BZVEnChf,,2022,31.790805309086068,-103.5498065852551,,,,,United States of America
1401,BZVEnChf,,2023,31.790805309086068,-103.5498065852551,,,,,United States of America
1402,BZVEnChf,,2024,31.790805309086068,-103.5498065852551,,,,,United States of America
1403,BZVEnChf,,2025,31.790805309086068,-103.5498065852551,142.1749680556312,0.8392232574705513,22.85842823321282,261.4915078780496,United States of America
1404,Bb6NAHqR,LBY_S_140,2022,27.98695050893812,19.906022968382825,,,,,Libya
1405,Bb6NAHqR,LBY_S_140,2023,27.98695050893812,19.906022968382825,,,,,Libya
1406,Bb6NAHqR,LBY_S_140,2024,27.98695050893812,19.906022968382825,,,,,Libya
1407,Bb6NAHqR,LBY_S_140,2025,27.98695050893812,19.906022968382825,235.3348398981476,0.6277558386715538,87.6020201092501,383.0676596870451,Libya
1408,BcJ96PMg,DZA_S_296,2022,28.63327677489671,9.784819009670606,,,,,Algeria
1409,BcJ96PMg,DZA_S_296,2023,28.63327677489671,9.784819009670606,,,,,Algeria
1410,BcJ96PMg,DZA_S_296,2024,28.63327677489671,9.784819009670606,985.384485978882,0.6650163973089424,330.08764514908194,1640.6813268086821,Algeria
1411,BcJ96PMg,DZA_S_296,2025,28.63327677489671,9.784819009670606,357.5407641210034,0.7390669618792024,93.29419783412487,621.7873304078819,Algeria
1412,BcOWmkNK,IRN_S_063,2022,31.779975929606113,51.82597816675837,,,,,Iran
1413,BcOWmkNK,IRN_S_063,2023,31.779975929606113,51.82597816675837,,,,,Iran
1414,BcOWmkNK,IRN_S_063,2024,31.779975929606113,51.82597816675837,1532.361560263789,0.4749604495475384,804.5504247315324,2260.1726957960454,Iran
1415,BcOWmkNK,IRN_S_063,2025,31.779975929606113,51.82597816675837,,,,,Iran
1416,BdOk66cN,DZA_S_287,2022,33.008372387575754,3.5196047661952345,,,,,Algeria
1417,BdOk66cN,DZA_S_287,2023,33.008372387575754,3.5196047661952345,,,,,Algeria
1418,BdOk66cN,DZA_S_287,2024,33.008372387575754,3.5196047661952345,,,,,Algeria
1419,BdOk66cN,DZA_S_287,2025,33.008372387575754,3.5196047661952345,1311.4677981852149,0.4653543741535536,701.1705217381952,1921.7650746322345,Algeria
1420,BducAyOv,,2022,54.52277291010906,86.15071373788783,,,,,Russia
1421,BducAyOv,,2023,54.52277291010906,86.15071373788783,,,,,Russia
1422,BducAyOv,,2024,54.52277291010906,86.15071373788783,,,,,Russia
1423,BducAyOv,,2025,54.52277291010906,86.15071373788783,437.806976504824,0.615383586244925,168.38774922023782,707.2262037894102,Russia
1424,BfljgyXC,,2022,31.284209963748825,-103.09005943403552,,,,,United States of America
1425,BfljgyXC,,2023,31.284209963748825,-103.09005943403552,,,,,United States of America
1426,BfljgyXC,,2024,31.284209963748825,-103.09005943403552,,,,,United States of America
1427,BfljgyXC,,2025,31.284209963748825,-103.09005943403552,326.77534941595434,0.7171501622812475,92.42835455279132,561.1223442791173,United States of America
1428,BgzNPXGG,USA_S_241,2022,32.2917647309254,-104.0282557986598,,,,,United States of America
1429,BgzNPXGG,USA_S_241,2023,32.2917647309254,-104.0282557986598,,,,,United States of America
1430,BgzNPXGG,USA_S_241,2024,32.2917647309254,-104.0282557986598,,,,,United States of America
1431,BgzNPXGG,USA_S_241,2025,32.2917647309254,-104.0282557986598,268.5957397264359,0.6435809371763083,95.73264183173251,441.4588376211393,United States of America
1432,BhGAz1oF,,2022,35.831749688794346,-99.47264879935344,,,,,United States of America
1433,BhGAz1oF,,2023,35.831749688794346,-99.47264879935344,,,,,United States of America
1434,BhGAz1oF,,2024,35.831749688794346,-99.47264879935344,,,,,United States of America
1435,BhGAz1oF,,2025,35.831749688794346,-99.47264879935344,278.8228641995645,0.7824643894790156,60.65390199086178,496.99182640826723,United States of America
1436,BhcBdcVy,IRN_S_144,2022,28.48718081501409,51.46527610322783,,,,,Iran
1437,BhcBdcVy,IRN_S_144,2023,28.48718081501409,51.46527610322783,650.1941320318979,0.7060211656358131,191.14331304517157,1109.2449510186243,Iran
1438,BhcBdcVy,IRN_S_144,2024,28.48718081501409,51.46527610322783,,,,,Iran
1439,BhcBdcVy,IRN_S_144,2025,28.48718081501409,51.46527610322783,1042.2095509444985,0.5983931492172815,418.55849561049126,1665.8606062785057,Iran
1440,BkhSPJQ7,CHN_S_288,2022,45.59681683759634,85.11369772370368,,,,,China
1441,BkhSPJQ7,CHN_S_288,2023,45.59681683759634,85.11369772370368,,,,,China
1442,BkhSPJQ7,CHN_S_288,2024,45.59681683759634,85.11369772370368,,,,,China
1443,BkhSPJQ7,CHN_S_288,2025,45.59681683759634,85.11369772370368,266.3026718888641,0.7716091435568098,60.821095305807546,471.78424847192065,China
1444,Bksy3uxK,VEN_S_104,2022,9.624973114754622,-63.70746261152372,,,,,Venezuela
1445,Bksy3uxK,VEN_S_104,2023,9.624973114754622,-63.70746261152372,,,,,Venezuela
1446,Bksy3uxK,VEN_S_104,2024,9.624973114754622,-63.70746261152372,,,,,Venezuela
1447,Bksy3uxK,VEN_S_104,2025,9.624973114754622,-63.70746261152372,103.66283413645073,0.8436673470502982,16.205885872836248,191.11978240006522,Venezuela
1448,BlceoXEg,,2022,35.32362748013734,-119.68403122246944,,,,,United States of America
1449,BlceoXEg,,2023,35.32362748013734,-119.68403122246944,,,,,United States of America
1450,BlceoXEg,,2024,35.32362748013734,-119.68403122246944,,,,,United States of America
1451,BlceoXEg,,2025,35.32362748013734,-119.68403122246944,64.98080560845409,0.8350615316676027,10.71783454806367,119.2437766688445,United States of America
1452,BnsUs9ha,,2022,45.53137641482509,85.15921902367432,,,,,China
1453,BnsUs9ha,,2023,45.53137641482509,85.15921902367432,,,,,China
1454,BnsUs9ha,,2024,45.53137641482509,85.15921902367432,,,,,China
1455,BnsUs9ha,,2025,45.53137641482509,85.15921902367432,114.54830722260984,0.8626456329018113,15.73371024073046,213.3629042044892,China
1456,Bo7XqXna,ARG_S_004,2022,-38.74368827877344,-68.19627183637543,,,,,Argentina
1457,Bo7XqXna,ARG_S_004,2023,-38.74368827877344,-68.19627183637543,1016.627183869875,0.7454089576486647,258.8241744241342,1774.4301933156157,Argentina
1458,Bo7XqXna,ARG_S_004,2024,-38.74368827877344,-68.19627183637543,,,,,Argentina
1459,Bo7XqXna,ARG_S_004,2025,-38.74368827877344,-68.19627183637543,,,,,Argentina
1460,BqTt7tUS,LBY_S_040,2022,29.482495095033737,17.9377239306114,,,,,Libya
1461,BqTt7tUS,LBY_S_040,2023,29.482495095033737,17.9377239306114,,,,,Libya
1462,BqTt7tUS,LBY_S_040,2024,29.482495095033737,17.9377239306114,294.40526485942826,0.6686629496929709,97.54737205338262,491.2631576654739,Libya
1463,BqTt7tUS,LBY_S_040,2025,29.482495095033737,17.9377239306114,,,,,Libya
1464,BrwqJZdX,,2022,40.01956633234181,58.38023998440353,,,,,Turkmenistan
1465,BrwqJZdX,,2023,40.01956633234181,58.38023998440353,,,,,Turkmenistan
1466,BrwqJZdX,,2024,40.01956633234181,58.38023998440353,,,,,Turkmenistan
1467,BrwqJZdX,,2025,40.01956633234181,58.38023998440353,924.2270566666176,0.5997602695210341,369.91238806161493,1478.5417252716202,Turkmenistan
1468,BtQKXu5H,DZA_S_266,2022,31.75774685929376,6.224164836634802,,,,,Algeria
1469,BtQKXu5H,DZA_S_266,2023,31.75774685929376,6.224164836634802,,,,,Algeria
1470,BtQKXu5H,DZA_S_266,2024,31.75774685929376,6.224164836634802,,,,,Algeria
1471,BtQKXu5H,DZA_S_266,2025,31.75774685929376,6.224164836634802,672.4095843283702,0.7140305282106203,192.2886136565004,1152.53055500024,Algeria
1472,Bv1qzLoz,LBY_S_051,2022,28.75810720763821,22.796701205396506,,,,,Libya
1473,Bv1qzLoz,LBY_S_051,2023,28.75810720763821,22.796701205396506,,,,,Libya
1474,Bv1qzLoz,LBY_S_051,2024,28.75810720763821,22.796701205396506,457.9758158016575,0.5366702372979122,212.19382605867705,703.757805544638,Libya
1475,Bv1qzLoz,LBY_S_051,2025,28.75810720763821,22.796701205396506,,,,,Libya
1476,BxYTbfZP,USA_S_143,2022,35.533836693950335,-98.09994699249371,,,,,United States of America
1477,BxYTbfZP,USA_S_143,2023,35.533836693950335,-98.09994699249371,,,,,United States of America
1478,BxYTbfZP,USA_S_143,2024,35.533836693950335,-98.09994699249371,1181.6894556384868,0.6503017824668642,413.2346963144804,1950.1442149624932,United States of America
1479,BxYTbfZP,USA_S_143,2025,35.533836693950335,-98.09994699249371,,,,,United States of America
1480,BxqcRJ4q,NGA_S_002,2022,5.482697765294412,6.656374726921592,,,,,Nigeria
1481,BxqcRJ4q,NGA_S_002,2023,5.482697765294412,6.656374726921592,,,,,Nigeria
1482,BxqcRJ4q,NGA_S_002,2024,5.482697765294412,6.656374726921592,530.9000251718774,0.5609678166912401,233.08219716988492,828.7178531738698,Nigeria
1483,BxqcRJ4q,NGA_S_002,2025,5.482697765294412,6.656374726921592,,,,,Nigeria
1484,C00MNUDp,USA_S_322,2022,31.875232865882893,-101.7575647521096,,,,,United States of America
1485,C00MNUDp,USA_S_322,2023,31.875232865882893,-101.7575647521096,,,,,United States of America
1486,C00MNUDp,USA_S_322,2024,31.875232865882893,-101.7575647521096,1659.02760403259,0.6013499655071523,661.3714115721785,2656.6837964930014,United States of America
1487,C00MNUDp,USA_S_322,2025,31.875232865882893,-101.7575647521096,,,,,United States of America
1488,C7Iao0pw,,2022,37.89999966882795,53.91909776304579,,,,,Turkmenistan
1489,C7Iao0pw,,2023,37.89999966882795,53.91909776304579,,,,,Turkmenistan
1490,C7Iao0pw,,2024,37.89999966882795,53.91909776304579,,,,,Turkmenistan
1491,C7Iao0pw,,2025,37.89999966882795,53.91909776304579,263.03211304751073,0.7552420018815253,64.37921343038104,461.68501266464045,Turkmenistan
1492,C7ei0XcE,,2022,35.27793583907827,-119.60074101259306,,,,,United States of America
1493,C7ei0XcE,,2023,35.27793583907827,-119.60074101259306,,,,,United States of America
1494,C7ei0XcE,,2024,35.27793583907827,-119.60074101259306,,,,,United States of America
1495,C7ei0XcE,,2025,35.27793583907827,-119.60074101259306,63.560071382689635,0.7132870068034637,18.22349831391646,108.8966444514628,United States of America
1496,C9QPljr4,DZA_S_035,2022,28.64202466338437,7.612126149358349,,,,,Algeria
1497,C9QPljr4,DZA_S_035,2023,28.64202466338437,7.612126149358349,,,,,Algeria
1498,C9QPljr4,DZA_S_035,2024,28.64202466338437,7.612126149358349,,,,,Algeria
1499,C9QPljr4,DZA_S_035,2025,28.64202466338437,7.612126149358349,307.15487808758894,0.6884388122998899,95.69753862485175,518.6122175503261,Algeria
1500,CBiJa6V1,VEN_S_118,2022,9.4725406221742,-64.39098224183037,,,,,Venezuela
1501,CBiJa6V1,VEN_S_118,2023,9.4725406221742,-64.39098224183037,,,,,Venezuela
1502,CBiJa6V1,VEN_S_118,2024,9.4725406221742,-64.39098224183037,,,,,Venezuela
1503,CBiJa6V1,VEN_S_118,2025,9.4725406221742,-64.39098224183037,1111.3335474951496,0.5593918240250019,489.66264726166185,1733.0044477286374,Venezuela
1504,CEDtUWLB,LBY_S_102,2022,28.782462886130812,19.805308832363263,,,,,Libya
1505,CEDtUWLB,LBY_S_102,2023,28.782462886130812,19.805308832363263,737.8290530884523,0.7163951582940904,209.25189180717166,1266.4062143697329,Libya
1506,CEDtUWLB,LBY_S_102,2024,28.782462886130812,19.805308832363263,,,,,Libya
1507,CEDtUWLB,LBY_S_102,2025,28.782462886130812,19.805308832363263,,,,,Libya
1508,CG3IJUYk,DZA_S_141,2022,30.36512533309311,6.533869877937239,,,,,Algeria
1509,CG3IJUYk,DZA_S_141,2023,30.36512533309311,6.533869877937239,,,,,Algeria
1510,CG3IJUYk,DZA_S_141,2024,30.36512533309311,6.533869877937239,,,,,Algeria
1511,CG3IJUYk,DZA_S_141,2025,30.36512533309311,6.533869877937239,408.1430751246602,0.5507203082301946,183.37039498998786,632.9157552593325,Algeria
1512,CJKTAPHF,,2022,23.564139335684025,72.28145312583044,,,,,India
1513,CJKTAPHF,,2023,23.564139335684025,72.28145312583044,,,,,India
1514,CJKTAPHF,,2024,23.564139335684025,72.28145312583044,,,,,India
1515,CJKTAPHF,,2025,23.564139335684025,72.28145312583044,131.43860605874718,0.7757128768303773,29.479986826341758,233.3972252911526,India
1516,CKBLFQQe,,2022,36.30854410654815,61.34688887886125,,,,,Turkmenistan
1517,CKBLFQQe,,2023,36.30854410654815,61.34688887886125,,,,,Turkmenistan
1518,CKBLFQQe,,2024,36.30854410654815,61.34688887886125,,,,,Turkmenistan
1519,CKBLFQQe,,2025,36.30854410654815,61.34688887886125,367.2667372283952,0.6853098141547505,115.57523779318211,618.9582366636082,Turkmenistan
1520,COKBQOMK,,2022,37.90890311823648,53.90917854806312,,,,,Turkmenistan
1521,COKBQOMK,,2023,37.90890311823648,53.90917854806312,,,,,Turkmenistan
1522,COKBQOMK,,2024,37.90890311823648,53.90917854806312,,,,,Turkmenistan
1523,COKBQOMK,,2025,37.90890311823648,53.90917854806312,422.1997515784588,0.5807262051835586,177.0172920148593,667.3822111420583,Turkmenistan
1524,CTCpyNnK,DZA_S_319,2022,31.684087275747665,5.315394599266928,,,,,Algeria
1525,CTCpyNnK,DZA_S_319,2023,31.684087275747665,5.315394599266928,,,,,Algeria
1526,CTCpyNnK,DZA_S_319,2024,31.684087275747665,5.315394599266928,,,,,Algeria
1527,CTCpyNnK,DZA_S_319,2025,31.684087275747665,5.315394599266928,504.6737777214998,0.8143893632171605,93.67282125048877,915.6747341925109,Algeria
1528,CZ2EgK4s,TKM_S_336,2022,36.394865238009935,61.56643084494783,,,,,Turkmenistan
1529,CZ2EgK4s,TKM_S_336,2023,36.394865238009935,61.56643084494783,,,,,Turkmenistan
1530,CZ2EgK4s,TKM_S_336,2024,36.394865238009935,61.56643084494783,219.59059624880132,0.5302377503383333,103.15537249838366,336.025819999219,Turkmenistan
1531,CZ2EgK4s,TKM_S_336,2025,36.394865238009935,61.56643084494783,,,,,Turkmenistan
1532,Cc2a4hVf,TKM_S_096,2022,38.679643367554824,54.29288826371464,,,,,Turkmenistan
1533,Cc2a4hVf,TKM_S_096,2023,38.679643367554824,54.29288826371464,,,,,Turkmenistan
1534,Cc2a4hVf,TKM_S_096,2024,38.679643367554824,54.29288826371464,,,,,Turkmenistan
1535,Cc2a4hVf,TKM_S_096,2025,38.679643367554824,54.29288826371464,5143.486927933084,0.5849785796231404,2134.657250520599,8152.31660534557,Turkmenistan
1536,CeMYlBoy,,2022,36.40995997955579,-108.07739708966577,,,,,United States of America
1537,CeMYlBoy,,2023,36.40995997955579,-108.07739708966577,,,,,United States of America
1538,CeMYlBoy,,2024,36.40995997955579,-108.07739708966577,,,,,United States of America
1539,CeMYlBoy,,2025,36.40995997955579,-108.07739708966577,161.03146830546578,0.7983236838759119,32.47623330789918,289.5867033030324,United States of America
1540,CfLPquwJ,IRN_S_189,2022,32.48877402064481,47.55725446423325,,,,,Iran
1541,CfLPquwJ,IRN_S_189,2023,32.48877402064481,47.55725446423325,,,,,Iran
1542,CfLPquwJ,IRN_S_189,2024,32.48877402064481,47.55725446423325,,,,,Iran
1543,CfLPquwJ,IRN_S_189,2025,32.48877402064481,47.55725446423325,927.7227280107574,0.4598173128501538,501.13975614683676,1354.3056998746779,Iran
1544,ChrZATf2,,2022,43.29586652170108,52.77586531428776,,,,,Kazakhstan
1545,ChrZATf2,,2023,43.29586652170108,52.77586531428776,,,,,Kazakhstan
1546,ChrZATf2,,2024,43.29586652170108,52.77586531428776,,,,,Kazakhstan
1547,ChrZATf2,,2025,43.29586652170108,52.77586531428776,446.21537254070535,0.6378727329538395,161.58675337214999,730.8439917092608,Kazakhstan
1548,Ciwi8uS4,,2022,31.590776975176112,-103.69353718484146,,,,,United States of America
1549,Ciwi8uS4,,2023,31.590776975176112,-103.69353718484146,,,,,United States of America
1550,Ciwi8uS4,,2024,31.590776975176112,-103.69353718484146,,,,,United States of America
1551,Ciwi8uS4,,2025,31.590776975176112,-103.69353718484146,181.0465500665892,0.7929738969279428,37.481361734926054,324.6117383982523,United States of America
1552,Ck3CdSWg,USA_S_043,2022,31.97127523296234,-101.89069759186826,,,,,United States of America
1553,Ck3CdSWg,USA_S_043,2023,31.97127523296234,-101.89069759186826,,,,,United States of America
1554,Ck3CdSWg,USA_S_043,2024,31.97127523296234,-101.89069759186826,58.09214434060173,0.9027361607488869,5.650264988896751,110.5340236923067,United States of America
1555,Ck3CdSWg,USA_S_043,2025,31.97127523296234,-101.89069759186826,,,,,United States of America
1556,CmCtRPmN,USA_S_321,2022,31.92361587597593,-103.66971175033596,,,,,United States of America
1557,CmCtRPmN,USA_S_321,2023,31.92361587597593,-103.66971175033596,,,,,United States of America
1558,CmCtRPmN,USA_S_321,2024,31.92361587597593,-103.66971175033596,537.6887389495157,0.7995896015645003,107.7584144071538,967.6190634918776,United States of America
1559,CmCtRPmN,USA_S_321,2025,31.92361587597593,-103.66971175033596,,,,,United States of America
1560,Cqti3KEC,CHN_S_236,2022,46.095947257916585,125.24567579133512,,,,,China
1561,Cqti3KEC,CHN_S_236,2023,46.095947257916585,125.24567579133512,1067.5580227126477,0.5604388856719169,469.25699407345644,1665.8590513518388,China
1562,Cqti3KEC,CHN_S_236,2024,46.095947257916585,125.24567579133512,,,,,China
1563,Cqti3KEC,CHN_S_236,2025,46.095947257916585,125.24567579133512,,,,,China
1564,CrFcJQxi,,2022,51.55737015221962,-109.2300916396134,,,,,Canada
1565,CrFcJQxi,,2023,51.55737015221962,-109.2300916396134,,,,,Canada
1566,CrFcJQxi,,2024,51.55737015221962,-109.2300916396134,,,,,Canada
1567,CrFcJQxi,,2025,51.55737015221962,-109.2300916396134,191.88533863843503,0.7491155268257291,48.141052094170334,335.6296251826997,Canada
1568,CtLJipcz,,2022,38.49029323076587,54.14875332212932,,,,,Turkmenistan
1569,CtLJipcz,,2023,38.49029323076587,54.14875332212932,,,,,Turkmenistan
1570,CtLJipcz,,2024,38.49029323076587,54.14875332212932,,,,,Turkmenistan
1571,CtLJipcz,,2025,38.49029323076587,54.14875332212932,242.0771891794396,0.7499189700426561,60.53891279917306,423.6154655597062,Turkmenistan
1572,CtWCKEBy,,2022,31.834241595840705,-101.67741727096558,,,,,United States of America
1573,CtWCKEBy,,2023,31.834241595840705,-101.67741727096558,,,,,United States of America
1574,CtWCKEBy,,2024,31.834241595840705,-101.67741727096558,,,,,United States of America
1575,CtWCKEBy,,2025,31.834241595840705,-101.67741727096558,172.07949739430393,0.7854968079232756,36.91160148203659,307.24739330657127,United States of America
1576,CxZ9ThVo,,2022,31.350062758830987,-103.17278718326504,,,,,United States of America
1577,CxZ9ThVo,,2023,31.350062758830987,-103.17278718326504,,,,,United States of America
1578,CxZ9ThVo,,2024,31.350062758830987,-103.17278718326504,,,,,United States of America
1579,CxZ9ThVo,,2025,31.350062758830987,-103.17278718326504,493.5189449579492,0.6206375884043646,187.22253712738126,799.8153527885172,United States of America
1580,Cxx2VZgU,USA_S_138,2022,31.89781039850117,-102.11691800732387,,,,,United States of America
1581,Cxx2VZgU,USA_S_138,2023,31.89781039850117,-102.11691800732387,,,,,United States of America
1582,Cxx2VZgU,USA_S_138,2024,31.89781039850117,-102.11691800732387,608.5395814017614,0.9269658167477144,44.444191304365404,1172.6349714991575,United States of America
1583,Cxx2VZgU,USA_S_138,2025,31.89781039850117,-102.11691800732387,,,,,United States of America
1584,Cz6ZkYwM,USA_S_091,2022,37.07428258589115,-101.57072966442362,,,,,United States of America
1585,Cz6ZkYwM,USA_S_091,2023,37.07428258589115,-101.57072966442362,,,,,United States of America
1586,Cz6ZkYwM,USA_S_091,2024,37.07428258589115,-101.57072966442362,824.97926474652,0.7253867267734401,226.55025623608265,1423.4082732569573,United States of America
1587,Cz6ZkYwM,USA_S_091,2025,37.07428258589115,-101.57072966442362,,,,,United States of America
1588,D2BirkRj,,2022,31.912257967734423,-103.6916192042685,,,,,United States of America
1589,D2BirkRj,,2023,31.912257967734423,-103.6916192042685,,,,,United States of America
1590,D2BirkRj,,2024,31.912257967734423,-103.6916192042685,,,,,United States of America
1591,D2BirkRj,,2025,31.912257967734423,-103.6916192042685,284.10378355306824,0.6779768022559763,91.48800887093498,476.7195582352015,United States of America
1592,D47ZosQu,VEN_S_053,2022,9.65002125783583,-63.509301245824325,,,,,Venezuela
1593,D47ZosQu,VEN_S_053,2023,9.65002125783583,-63.509301245824325,,,,,Venezuela
1594,D47ZosQu,VEN_S_053,2024,9.65002125783583,-63.509301245824325,,,,,Venezuela
1595,D47ZosQu,VEN_S_053,2025,9.65002125783583,-63.509301245824325,25.410658515481792,0.9102868020059252,2.279671438559241,48.54164559240434,Venezuela
1596,D4Hs2N2q,USA_S_003,2022,31.77381711731649,-103.2561990758704,,,,,United States of America
1597,D4Hs2N2q,USA_S_003,2023,31.77381711731649,-103.2561990758704,111.47641330484988,0.92404304364736,8.467409059745336,214.48541754995443,United States of America
1598,D4Hs2N2q,USA_S_003,2024,31.77381711731649,-103.2561990758704,,,,,United States of America
1599,D4Hs2N2q,USA_S_003,2025,31.77381711731649,-103.2561990758704,,,,,United States of America
1600,D5RfDl1F,,2022,38.86304244100008,54.25537712047515,,,,,Turkmenistan
1601,D5RfDl1F,,2023,38.86304244100008,54.25537712047515,,,,,Turkmenistan
1602,D5RfDl1F,,2024,38.86304244100008,54.25537712047515,,,,,Turkmenistan
1603,D5RfDl1F,,2025,38.86304244100008,54.25537712047515,120.59396066484872,0.8868149208921479,13.649436977780113,227.53848435191733,Turkmenistan
1604,D81QLmj5,USA_S_120,2022,32.18818732705179,-101.39843242084902,,,,,United States of America
1605,D81QLmj5,USA_S_120,2023,32.18818732705179,-101.39843242084902,,,,,United States of America
1606,D81QLmj5,USA_S_120,2024,32.18818732705179,-101.39843242084902,,,,,United States of America
1607,D81QLmj5,USA_S_120,2025,32.18818732705179,-101.39843242084902,418.71843639727695,0.8525545739324341,61.738118256941505,775.6987545376123,United States of America
1608,DC7i228m,USA_S_199,2022,31.78294574582701,-104.17005974102594,,,,,United States of America
1609,DC7i228m,USA_S_199,2023,31.78294574582701,-104.17005974102594,,,,,United States of America
1610,DC7i228m,USA_S_199,2024,31.78294574582701,-104.17005974102594,,,,,United States of America
1611,DC7i228m,USA_S_199,2025,31.78294574582701,-104.17005974102594,268.67375066581866,0.876242258553758,33.25045656829246,504.09704476334485,United States of America
1612,DCm54xSI,MEX_S_010,2022,18.24595210810483,-93.0573407367929,,,,,Mexico
1613,DCm54xSI,MEX_S_010,2023,18.24595210810483,-93.0573407367929,,,,,Mexico
1614,DCm54xSI,MEX_S_010,2024,18.24595210810483,-93.0573407367929,,,,,Mexico
1615,DCm54xSI,MEX_S_010,2025,18.24595210810483,-93.0573407367929,902.1715671128358,0.5532740985646899,403.0234065677879,1401.3197276578835,Mexico
1616,DDJdpXh2,,2022,38.45811743237604,54.11869315491484,,,,,Turkmenistan
1617,DDJdpXh2,,2023,38.45811743237604,54.11869315491484,,,,,Turkmenistan
1618,DDJdpXh2,,2024,38.45811743237604,54.11869315491484,,,,,Turkmenistan
1619,DDJdpXh2,,2025,38.45811743237604,54.11869315491484,43.71896403117585,0.7878955331559929,9.272987556804878,78.16494050554682,Turkmenistan
1620,DE9IozHk,LBY_S_141,2022,28.621494813712225,19.882006666906584,,,,,Libya
1621,DE9IozHk,LBY_S_141,2023,28.621494813712225,19.882006666906584,,,,,Libya
1622,DE9IozHk,LBY_S_141,2024,28.621494813712225,19.882006666906584,,,,,Libya
1623,DE9IozHk,LBY_S_141,2025,28.621494813712225,19.882006666906584,204.8136653607385,0.825091150232509,35.82372262491057,373.80360809656645,Libya
1624,DHngBtQr,,2022,31.79272515121702,-101.74631258693115,,,,,United States of America
1625,DHngBtQr,,2023,31.79272515121702,-101.74631258693115,,,,,United States of America
1626,DHngBtQr,,2024,31.79272515121702,-101.74631258693115,,,,,United States of America
1627,DHngBtQr,,2025,31.79272515121702,-101.74631258693115,159.8864803967434,0.8046077994828246,31.240571237665932,288.5323895558208,United States of America
1628,DNjVBIFt,ARE_S_004,2022,25.33069097824479,55.66025714470193,,,,,United Arab Emirates
1629,DNjVBIFt,ARE_S_004,2023,25.33069097824479,55.66025714470193,,,,,United Arab Emirates
1630,DNjVBIFt,ARE_S_004,2024,25.33069097824479,55.66025714470193,241.82891362121785,0.7009344839327976,72.32268885210044,411.33513839033526,United Arab Emirates
1631,DNjVBIFt,ARE_S_004,2025,25.33069097824479,55.66025714470193,1015.0261805111808,0.5692772084570907,437.1949099589127,1592.857451063449,United Arab Emirates
1632,DPXZD6ri,UZB_S_024,2022,40.212332533882,63.46912340138048,,,,,Uzbekistan
1633,DPXZD6ri,UZB_S_024,2023,40.212332533882,63.46912340138048,341.48553934468333,0.5812912085841507,142.9829974650018,539.9880812243648,Uzbekistan
1634,DPXZD6ri,UZB_S_024,2024,40.212332533882,63.46912340138048,248.2176117698612,0.5847370066069071,103.07558847643719,393.3596350632852,Uzbekistan
1635,DPXZD6ri,UZB_S_024,2025,40.212332533882,63.46912340138048,,,,,Uzbekistan
1636,DQgFJ34o,LBY_S_118,2022,28.827086257512153,20.874182096232484,,,,,Libya
1637,DQgFJ34o,LBY_S_118,2023,28.827086257512153,20.874182096232484,,,,,Libya
1638,DQgFJ34o,LBY_S_118,2024,28.827086257512153,20.874182096232484,,,,,Libya
1639,DQgFJ34o,LBY_S_118,2025,28.827086257512153,20.874182096232484,384.93795004616095,0.6237984690657593,144.81424612205402,625.0616539702679,Libya
1640,DTDPRkd8,,2022,31.461672381377667,-103.70675744817272,,,,,United States of America
1641,DTDPRkd8,,2023,31.461672381377667,-103.70675744817272,,,,,United States of America
1642,DTDPRkd8,,2024,31.461672381377667,-103.70675744817272,,,,,United States of America
1643,DTDPRkd8,,2025,31.461672381377667,-103.70675744817272,181.03086793673157,0.8286784824174823,31.014483024201184,331.04725284926195,United States of America
1644,DUjpc67U,LBY_S_049,2022,28.989774731381196,19.781020387798613,,,,,Libya
1645,DUjpc67U,LBY_S_049,2023,28.989774731381196,19.781020387798613,,,,,Libya
1646,DUjpc67U,LBY_S_049,2024,28.989774731381196,19.781020387798613,,,,,Libya
1647,DUjpc67U,LBY_S_049,2025,28.989774731381196,19.781020387798613,657.1020214707859,0.5936164261061619,267.03546789816346,1047.1685750434083,Libya
1648,DVcYYkQQ,IRN_S_033,2022,30.185760648554275,50.37041376669447,,,,,Iran
1649,DVcYYkQQ,IRN_S_033,2023,30.185760648554275,50.37041376669447,588.0105305655942,0.8304935772187743,99.67156159386445,1076.349499537324,Iran
1650,DVcYYkQQ,IRN_S_033,2024,30.185760648554275,50.37041376669447,133.120682791478,0.7958534110749258,27.17613330725706,239.06523227569895,Iran
1651,DVcYYkQQ,IRN_S_033,2025,30.185760648554275,50.37041376669447,,,,,Iran
1652,DXhsfr0u,KWT_S_033,2022,29.825250438253786,47.71139025332637,,,,,Kuwait
1653,DXhsfr0u,KWT_S_033,2023,29.825250438253786,47.71139025332637,,,,,Kuwait
1654,DXhsfr0u,KWT_S_033,2024,29.825250438253786,47.71139025332637,688.8419045277894,0.7945219570452091,141.5418864476211,1236.141922607958,Kuwait
1655,DXhsfr0u,KWT_S_033,2025,29.825250438253786,47.71139025332637,103.12062549972843,0.8049982954762264,20.108697744004758,186.1325532554521,Kuwait
1656,DYATxo6n,SAU_S_002,2022,25.13226639824828,47.36212600155823,,,,,Saudi Arabia
1657,DYATxo6n,SAU_S_002,2023,25.13226639824828,47.36212600155823,702.2264322596546,0.5978968867053249,282.3674346494194,1122.0854298698898,Saudi Arabia
1658,DYATxo6n,SAU_S_002,2024,25.13226639824828,47.36212600155823,413.88663771577006,0.6886583618949771,128.86014377620802,698.9131316553321,Saudi Arabia
1659,DYATxo6n,SAU_S_002,2025,25.13226639824828,47.36212600155823,,,,,Saudi Arabia
1660,DYBwhXLl,USA_S_1019,2022,28.188914389521123,-99.61501544308577,,,,,United States of America
1661,DYBwhXLl,USA_S_1019,2023,28.188914389521123,-99.61501544308577,,,,,United States of America
1662,DYBwhXLl,USA_S_1019,2024,28.188914389521123,-99.61501544308577,,,,,United States of America
1663,DYBwhXLl,USA_S_1019,2025,28.188914389521123,-99.61501544308577,763.5455723700843,0.6735286801474206,249.27573077925456,1277.8154139609142,United States of America
1664,DZ83lgE7,AZE_S_005,2022,39.93757377733586,49.2564267563704,,,,,Azerbaijan
1665,DZ83lgE7,AZE_S_005,2023,39.93757377733586,49.2564267563704,,,,,Azerbaijan
1666,DZ83lgE7,AZE_S_005,2024,39.93757377733586,49.2564267563704,1975.843785594996,0.4527140999097309,1081.351444637122,2870.33612655287,Azerbaijan
1667,DZ83lgE7,AZE_S_005,2025,39.93757377733586,49.2564267563704,764.1966239199438,0.7310037152201379,205.56605267577845,1322.827195164109,Azerbaijan
1668,DbQOiMWD,CHN_S_746,2022,38.39333804254437,91.41879954459051,,,,,China
1669,DbQOiMWD,CHN_S_746,2023,38.39333804254437,91.41879954459051,,,,,China
1670,DbQOiMWD,CHN_S_746,2024,38.39333804254437,91.41879954459051,,,,,China
1671,DbQOiMWD,CHN_S_746,2025,38.39333804254437,91.41879954459051,136.65504649783955,0.5321393056371291,63.93552494266963,209.37456805300945,China
1672,DdkQcPiL,DZA_S_105,2022,31.65362828801649,5.923391235555796,,,,,Algeria
1673,DdkQcPiL,DZA_S_105,2023,31.65362828801649,5.923391235555796,,,,,Algeria
1674,DdkQcPiL,DZA_S_105,2024,31.65362828801649,5.923391235555796,101.95657698687644,0.824540616024926,17.889238190324548,186.02391578342832,Algeria
1675,DdkQcPiL,DZA_S_105,2025,31.65362828801649,5.923391235555796,,,,,Algeria
1676,Ddz7aMoo,DZA_S_209,2022,31.71237201642728,5.836803601008866,,,,,Algeria
1677,Ddz7aMoo,DZA_S_209,2023,31.71237201642728,5.836803601008866,,,,,Algeria
1678,Ddz7aMoo,DZA_S_209,2024,31.71237201642728,5.836803601008866,,,,,Algeria
1679,Ddz7aMoo,DZA_S_209,2025,31.71237201642728,5.836803601008866,354.1555206989896,0.6282219347160413,131.66725429510336,576.6437871028759,Algeria
1680,DeZgr1qu,USA_S_012,2022,31.951676755377452,-101.97186677411538,,,,,United States of America
1681,DeZgr1qu,USA_S_012,2023,31.951676755377452,-101.97186677411538,65.9584522073925,0.9437182817410028,3.7122550239359953,128.204649390849,United States of America
1682,DeZgr1qu,USA_S_012,2024,31.951676755377452,-101.97186677411538,,,,,United States of America
1683,DeZgr1qu,USA_S_012,2025,31.951676755377452,-101.97186677411538,696.2317847417276,0.8832092641487059,81.3134224630461,1311.150147020409,United States of America
1684,Dgl45B0e,,2022,31.464033959893776,-103.23559005064511,,,,,United States of America
1685,Dgl45B0e,,2023,31.464033959893776,-103.23559005064511,,,,,United States of America
1686,Dgl45B0e,,2024,31.464033959893776,-103.23559005064511,,,,,United States of America
1687,Dgl45B0e,,2025,31.464033959893776,-103.23559005064511,195.8236680575743,0.7952267333540877,40.09945219473428,351.54788392041434,United States of America
1688,DhaOk8fl,YEM_S_003,2022,15.542479615495187,45.95592346086323,,,,,Yemen
1689,DhaOk8fl,YEM_S_003,2023,15.542479615495187,45.95592346086323,,,,,Yemen
1690,DhaOk8fl,YEM_S_003,2024,15.542479615495187,45.95592346086323,,,,,Yemen
1691,DhaOk8fl,YEM_S_003,2025,15.542479615495187,45.95592346086323,27.53898110634217,0.9155604565619856,2.3253789913676393,52.7525832213167,Yemen
1692,DlIdfO4K,USA_S_395,2022,32.1304788513337,-103.97849938074944,,,,,United States of America
1693,DlIdfO4K,USA_S_395,2023,32.1304788513337,-103.97849938074944,,,,,United States of America
1694,DlIdfO4K,USA_S_395,2024,32.1304788513337,-103.97849938074944,971.5873494403216,0.4738739895907618,511.1773759251228,1431.9973229555205,United States of America
1695,DlIdfO4K,USA_S_395,2025,32.1304788513337,-103.97849938074944,924.27567031198,0.5774080197359832,390.5914858269912,1457.9598547969688,United States of America
1696,DrGZn85o,VEN_S_012,2022,9.184478763425227,-64.8689826342969,,,,,Venezuela
1697,DrGZn85o,VEN_S_012,2023,9.184478763425227,-64.8689826342969,,,,,Venezuela
1698,DrGZn85o,VEN_S_012,2024,9.184478763425227,-64.8689826342969,1363.2914665207036,0.4800999833682288,708.7752561180656,2017.8076769233417,Venezuela
1699,DrGZn85o,VEN_S_012,2025,9.184478763425227,-64.8689826342969,257.3393765445207,0.5146152963203701,124.90859702916288,389.7701560598785,Venezuela
1700,DsxRAz5i,USA_S_985,2022,31.277308462690577,-102.0667876758418,,,,,United States of America
1701,DsxRAz5i,USA_S_985,2023,31.277308462690577,-102.0667876758418,,,,,United States of America
1702,DsxRAz5i,USA_S_985,2024,31.277308462690577,-102.0667876758418,,,,,United States of America
1703,DsxRAz5i,USA_S_985,2025,31.277308462690577,-102.0667876758418,619.8814148890011,0.7702639045755072,142.40913588280915,1097.3536938951931,United States of America
1704,Dtazq8pR,LBY_S_012,2022,29.711775051610537,19.713299548736916,,,,,Libya
1705,Dtazq8pR,LBY_S_012,2023,29.711775051610537,19.713299548736916,694.9689051991286,0.5803174069121327,291.6663522494065,1098.2714581488508,Libya
1706,Dtazq8pR,LBY_S_012,2024,29.711775051610537,19.713299548736916,739.2959947667163,0.6365066687215252,268.7291639385876,1209.862825594845,Libya
1707,Dtazq8pR,LBY_S_012,2025,29.711775051610537,19.713299548736916,,,,,Libya
1708,DtwzU7aY,,2022,31.984953694460895,-103.70287273224956,,,,,United States of America
1709,DtwzU7aY,,2023,31.984953694460895,-103.70287273224956,,,,,United States of America
1710,DtwzU7aY,,2024,31.984953694460895,-103.70287273224956,,,,,United States of America
1711,DtwzU7aY,,2025,31.984953694460895,-103.70287273224956,140.70474321468657,0.8002680926746282,28.103226731996017,253.30625969737713,United States of America
1712,DuyL8pqf,,2022,28.923817811400795,47.9619027161992,,,,,Kuwait
1713,DuyL8pqf,,2023,28.923817811400795,47.9619027161992,,,,,Kuwait
1714,DuyL8pqf,,2024,28.923817811400795,47.9619027161992,,,,,Kuwait
1715,DuyL8pqf,,2025,28.923817811400795,47.9619027161992,147.50233539643236,0.720477225506889,41.2302620342242,253.7744087586405,Kuwait
1716,DvLca4oN,,2022,27.396467422599773,95.46049429200092,,,,,India
1717,DvLca4oN,,2023,27.396467422599773,95.46049429200092,,,,,India
1718,DvLca4oN,,2024,27.396467422599773,95.46049429200092,,,,,India
1719,DvLca4oN,,2025,27.396467422599773,95.46049429200092,164.05327929048087,0.6951390427932175,50.013439757407625,278.0931188235541,India
1720,DzbQ6vlN,TKM_S_324,2022,40.032703216409885,60.99817116371919,,,,,Turkmenistan
1721,DzbQ6vlN,TKM_S_324,2023,40.032703216409885,60.99817116371919,326.10312221949863,0.7542402088602411,80.14303520668724,572.06320923231,Turkmenistan
1722,DzbQ6vlN,TKM_S_324,2024,40.032703216409885,60.99817116371919,,,,,Turkmenistan
1723,DzbQ6vlN,TKM_S_324,2025,40.032703216409885,60.99817116371919,,,,,Turkmenistan
1724,E0OpvV8M,NGA_S_001,2022,5.713107875611416,6.422718746200533,,,,,Nigeria
1725,E0OpvV8M,NGA_S_001,2023,5.713107875611416,6.422718746200533,,,,,Nigeria
1726,E0OpvV8M,NGA_S_001,2024,5.713107875611416,6.422718746200533,269.72504613645367,0.8769535281241042,33.18871530365385,506.2613769692535,Nigeria
1727,E0OpvV8M,NGA_S_001,2025,5.713107875611416,6.422718746200533,,,,,Nigeria
1728,E4p5vbj6,NGA_S_014,2022,5.390744247721472,6.6470622929740255,,,,,Nigeria
1729,E4p5vbj6,NGA_S_014,2023,5.390744247721472,6.6470622929740255,,,,,Nigeria
1730,E4p5vbj6,NGA_S_014,2024,5.390744247721472,6.6470622929740255,513.8138999821919,0.7611913105898389,122.70322405547086,904.9245759089129,Nigeria
1731,E4p5vbj6,NGA_S_014,2025,5.390744247721472,6.6470622929740255,,,,,Nigeria
1732,ECupv9BW,TKM_S_174,2022,39.37280623925792,53.760993715857495,,,,,Turkmenistan
1733,ECupv9BW,TKM_S_174,2023,39.37280623925792,53.760993715857495,,,,,Turkmenistan
1734,ECupv9BW,TKM_S_174,2024,39.37280623925792,53.760993715857495,,,,,Turkmenistan
1735,ECupv9BW,TKM_S_174,2025,39.37280623925792,53.760993715857495,70.30154449253298,0.93097460836417,4.852591641200817,135.75049734386516,Turkmenistan
1736,EKaif6pY,DZA_S_023,2022,28.637649994204057,7.536583780749475,,,,,Algeria
1737,EKaif6pY,DZA_S_023,2023,28.637649994204057,7.536583780749475,,,,,Algeria
1738,EKaif6pY,DZA_S_023,2024,28.637649994204057,7.536583780749475,511.9785735512232,0.6356109750306919,186.55937322150743,837.397773880939,Algeria
1739,EKaif6pY,DZA_S_023,2025,28.637649994204057,7.536583780749475,659.1564765575831,0.6490111122885337,231.35659853475534,1086.9563545804108,Algeria
1740,EPIItKPa,,2022,32.332980140611,-102.02428734865912,,,,,United States of America
1741,EPIItKPa,,2023,32.332980140611,-102.02428734865912,,,,,United States of America
1742,EPIItKPa,,2024,32.332980140611,-102.02428734865912,,,,,United States of America
1743,EPIItKPa,,2025,32.332980140611,-102.02428734865912,317.4391210273478,0.7252535892727612,87.21525912667337,547.6629829280223,United States of America
1744,EQQlQydU,DZA_S_061,2022,32.92357201793106,3.302983421485133,,,,,Algeria
1745,EQQlQydU,DZA_S_061,2023,32.92357201793106,3.302983421485133,89.22282985587835,0.5540492628623042,39.78898674374017,138.65667296801652,Algeria
1746,EQQlQydU,DZA_S_061,2024,32.92357201793106,3.302983421485133,,,,,Algeria
1747,EQQlQydU,DZA_S_061,2025,32.92357201793106,3.302983421485133,,,,,Algeria
1748,EQkF7XDa,MEX_S_011,2022,18.00284756450756,-93.08698767093324,,,,,Mexico
1749,EQkF7XDa,MEX_S_011,2023,18.00284756450756,-93.08698767093324,,,,,Mexico
1750,EQkF7XDa,MEX_S_011,2024,18.00284756450756,-93.08698767093324,667.9546532601795,0.6749248393312145,217.1354662280158,1118.7738402923433,Mexico
1751,EQkF7XDa,MEX_S_011,2025,18.00284756450756,-93.08698767093324,1073.1033649192595,0.6845465465264361,338.5141623978825,1807.6925674406366,Mexico
1752,EUg96r5V,IRN_S_006,2022,31.158516286019005,49.299312492108825,,,,,Iran
1753,EUg96r5V,IRN_S_006,2023,31.158516286019005,49.299312492108825,2156.0624228635065,0.4850294794996392,1110.308588133289,3201.816257593724,Iran
1754,EUg96r5V,IRN_S_006,2024,31.158516286019005,49.299312492108825,1754.8974350621163,0.5589302431676354,774.032184948588,2735.7626851756445,Iran
1755,EUg96r5V,IRN_S_006,2025,31.158516286019005,49.299312492108825,,,,,Iran
1756,EYVjZ1ch,,2022,31.637452641968935,5.847960140100355,,,,,Algeria
1757,EYVjZ1ch,,2023,31.637452641968935,5.847960140100355,,,,,Algeria
1758,EYVjZ1ch,,2024,31.637452641968935,5.847960140100355,,,,,Algeria
1759,EYVjZ1ch,,2025,31.637452641968935,5.847960140100355,149.89982507986878,0.8311959872302581,25.30369198696424,274.4959581727733,Algeria
1760,EYhcefL0,,2022,41.884869998514745,-110.09342948146627,,,,,United States of America
1761,EYhcefL0,,2023,41.884869998514745,-110.09342948146627,,,,,United States of America
1762,EYhcefL0,,2024,41.884869998514745,-110.09342948146627,,,,,United States of America
1763,EYhcefL0,,2025,41.884869998514745,-110.09342948146627,113.92184614797124,0.8178414692943076,20.751836109594393,207.09185618634808,United States of America
1764,EZVEobCB,VEN_S_005,2022,9.224099330828292,-63.64325001897488,,,,,Venezuela
1765,EZVEobCB,VEN_S_005,2023,9.224099330828292,-63.64325001897488,,,,,Venezuela
1766,EZVEobCB,VEN_S_005,2024,9.224099330828292,-63.64325001897488,175.69382319847668,0.9736165296272242,4.635412779036727,346.75223361791666,Venezuela
1767,EZVEobCB,VEN_S_005,2025,9.224099330828292,-63.64325001897488,63.65591655577836,0.8824730947766043,7.481282871959351,119.83055023959737,Venezuela
1768,Eac1Uwre,,2022,38.66531411968914,54.3667067466606,,,,,Turkmenistan
1769,Eac1Uwre,,2023,38.66531411968914,54.3667067466606,,,,,Turkmenistan
1770,Eac1Uwre,,2024,38.66531411968914,54.3667067466606,,,,,Turkmenistan
1771,Eac1Uwre,,2025,38.66531411968914,54.3667067466606,327.9134901837753,0.5611283863381964,143.91192257842746,511.9150577891231,Turkmenistan
1772,EadRUHoZ,TKM_S_070,2022,39.46453592378674,53.757889926329185,,,,,Turkmenistan
1773,EadRUHoZ,TKM_S_070,2023,39.46453592378674,53.757889926329185,,,,,Turkmenistan
1774,EadRUHoZ,TKM_S_070,2024,39.46453592378674,53.757889926329185,,,,,Turkmenistan
1775,EadRUHoZ,TKM_S_070,2025,39.46453592378674,53.757889926329185,2170.5865135650947,0.5388255008233274,1001.0191483130225,3340.153878817167,Turkmenistan
1776,EauFGzdt,AZE_S_021,2022,40.1181439864412,49.46811016440848,,,,,Azerbaijan
1777,EauFGzdt,AZE_S_021,2023,40.1181439864412,49.46811016440848,,,,,Azerbaijan
1778,EauFGzdt,AZE_S_021,2024,40.1181439864412,49.46811016440848,1958.853365073517,0.6227513899202646,738.9747093239969,3178.7320208230367,Azerbaijan
1779,EauFGzdt,AZE_S_021,2025,40.1181439864412,49.46811016440848,778.0525109067062,0.7068023309451475,228.12318260012137,1327.981839213291,Azerbaijan
1780,EeE2AeDG,IRN_S_196,2022,30.279024642038397,50.80962210810208,,,,,Iran
1781,EeE2AeDG,IRN_S_196,2023,30.279024642038397,50.80962210810208,,,,,Iran
1782,EeE2AeDG,IRN_S_196,2024,30.279024642038397,50.80962210810208,594.1208459574138,0.501448791818732,296.1996655577457,892.042026357082,Iran
1783,EeE2AeDG,IRN_S_196,2025,30.279024642038397,50.80962210810208,640.840988801834,0.6007936458763317,255.8277947125867,1025.8541828910813,Iran
1784,EgWSY6PA,,2022,31.520401150054138,-101.75366010665088,,,,,United States of America
1785,EgWSY6PA,,2023,31.520401150054138,-101.75366010665088,,,,,United States of America
1786,EgWSY6PA,,2024,31.520401150054138,-101.75366010665088,,,,,United States of America
1787,EgWSY6PA,,2025,31.520401150054138,-101.75366010665088,217.93590873718975,0.839667462780854,34.94221719899389,400.9296002753856,United States of America
1788,EhuZoCDu,DZA_S_010,2022,28.432208456820163,7.514399625834089,91.067052966014,0.8004229399568197,18.174894697753658,163.95921123427433,Algeria
1789,EhuZoCDu,DZA_S_010,2023,28.432208456820163,7.514399625834089,807.4788847326577,0.991548847759976,6.824126985480461,1608.1336424798349,Algeria
1790,EhuZoCDu,DZA_S_010,2024,28.432208456820163,7.514399625834089,497.78276647379687,0.5527268518880303,222.64486503662056,772.9206679109732,Algeria
1791,EhuZoCDu,DZA_S_010,2025,28.432208456820163,7.514399625834089,283.2956444733929,0.6436165661899746,100.9618745608519,465.62941438593384,Algeria
1792,EmxYG4wS,TKM_S_221,2022,39.447278640448694,53.820049157191946,,,,,Turkmenistan
1793,EmxYG4wS,TKM_S_221,2023,39.447278640448694,53.820049157191946,,,,,Turkmenistan
1794,EmxYG4wS,TKM_S_221,2024,39.447278640448694,53.820049157191946,932.4423018125204,0.5960082503868012,376.69899692259855,1488.1856067024423,Turkmenistan
1795,EmxYG4wS,TKM_S_221,2025,39.447278640448694,53.820049157191946,203.53026105851177,0.9395734478547096,12.298631932996727,394.7618901840268,Turkmenistan
1796,Er9q1xii,,2022,32.20746082133741,-103.58381040062282,,,,,United States of America
1797,Er9q1xii,,2023,32.20746082133741,-103.58381040062282,,,,,United States of America
1798,Er9q1xii,,2024,32.20746082133741,-103.58381040062282,,,,,United States of America
1799,Er9q1xii,,2025,32.20746082133741,-103.58381040062282,333.79702815079554,0.6543360427026268,115.38160168470668,552.2124546168844,United States of America
1800,ErW0mrqU,LBY_S_014,2022,28.89190204488201,20.96133377007417,177.99763615991492,0.7249248837829612,48.962720453046785,307.032551866783,Libya
1801,ErW0mrqU,LBY_S_014,2023,28.89190204488201,20.96133377007417,680.5915591314458,0.5159531230774765,329.4382186574073,1031.7448996054843,Libya
1802,ErW0mrqU,LBY_S_014,2024,28.89190204488201,20.96133377007417,642.7379035784263,0.5196292489268279,308.7524894851647,976.7233176716879,Libya
1803,ErW0mrqU,LBY_S_014,2025,28.89190204488201,20.96133377007417,478.4211148830354,0.6171947257146222,183.1421261067166,773.7001036593542,Libya
1804,EsSBekgj,IND_S_011,2022,22.79501741545718,72.60286080538279,,,,,India
1805,EsSBekgj,IND_S_011,2023,22.79501741545718,72.60286080538279,251.40408029494623,0.9650341576162672,8.790555446220395,494.0176051436721,India
1806,EsSBekgj,IND_S_011,2024,22.79501741545718,72.60286080538279,432.7597334253256,0.7431921224515263,111.13610862940112,754.3833582212501,India
1807,EsSBekgj,IND_S_011,2025,22.79501741545718,72.60286080538279,404.8876922965932,0.721435260953057,112.78743434791943,696.9879502452669,India
1808,EtKAFFwv,USA_S_320,2022,31.965187701850073,-103.6462966337136,,,,,United States of America
1809,EtKAFFwv,USA_S_320,2023,31.965187701850073,-103.6462966337136,47.363006141234294,0.8898115341894618,5.218856982877703,89.50715529959089,United States of America
1810,EtKAFFwv,USA_S_320,2024,31.965187701850073,-103.6462966337136,,,,,United States of America
1811,EtKAFFwv,USA_S_320,2025,31.965187701850073,-103.6462966337136,,,,,United States of America
1812,EveiKqHj,EGY_S_013,2022,29.52773735552797,28.43912133373274,298.9701649464201,0.7431712829807006,76.7841238902374,521.1562060026027,Egypt
1813,EveiKqHj,EGY_S_013,2023,29.52773735552797,28.43912133373274,1442.4215576939127,0.5534779900993121,644.072973065567,2240.7701423222584,Egypt
1814,EveiKqHj,EGY_S_013,2024,29.52773735552797,28.43912133373274,278.7877329329373,0.5450989114488755,126.82084318589335,430.7546226799812,Egypt
1815,EveiKqHj,EGY_S_013,2025,29.52773735552797,28.43912133373274,275.4932720839271,0.6122834512954977,106.81330064369064,444.1732435241635,Egypt
1816,EwRUHpCD,USA_S_380,2022,32.5600764418574,-103.51114972202043,,,,,United States of America
1817,EwRUHpCD,USA_S_380,2023,32.5600764418574,-103.51114972202043,,,,,United States of America
1818,EwRUHpCD,USA_S_380,2024,32.5600764418574,-103.51114972202043,149.99794217320886,0.9036087821761556,14.458484317146201,285.5374000292715,United States of America
1819,EwRUHpCD,USA_S_380,2025,32.5600764418574,-103.51114972202043,,,,,United States of America
1820,Ewgz4nxW,USA_S_351,2022,41.10578137399726,-108.64415289116758,,,,,United States of America
1821,Ewgz4nxW,USA_S_351,2023,41.10578137399726,-108.64415289116758,1081.844889468336,0.5862135642778509,447.65274081732514,1716.037038119347,United States of America
1822,Ewgz4nxW,USA_S_351,2024,41.10578137399726,-108.64415289116758,,,,,United States of America
1823,Ewgz4nxW,USA_S_351,2025,41.10578137399726,-108.64415289116758,,,,,United States of America
1824,Ex79jZfU,,2022,31.933559762433397,-103.79890360006996,,,,,United States of America
1825,Ex79jZfU,,2023,31.933559762433397,-103.79890360006996,,,,,United States of America
1826,Ex79jZfU,,2024,31.933559762433397,-103.79890360006996,,,,,United States of America
1827,Ex79jZfU,,2025,31.933559762433397,-103.79890360006996,169.86917634178488,0.8499934146974831,25.48149509118224,314.2568575923875,United States of America
1828,ExcO9uwC,TKM_S_040,2022,39.97729910646952,61.679413257764544,3187.9709248357563,0.5344314056735932,1484.2191422292383,4891.722707442274,Turkmenistan
1829,ExcO9uwC,TKM_S_040,2023,39.97729910646952,61.679413257764544,1359.4719518085533,0.3796668986163242,843.3254521095189,1875.6184515075877,Turkmenistan
1830,ExcO9uwC,TKM_S_040,2024,39.97729910646952,61.679413257764544,79.61982689650259,0.8710602632662836,10.266159518819109,148.97349427418607,Turkmenistan
1831,ExcO9uwC,TKM_S_040,2025,39.97729910646952,61.679413257764544,134.78925685278543,0.680657386702273,43.04395352782704,226.5345601777438,Turkmenistan
1832,F00zFMCU,,2022,45.51327250278817,85.14668808405656,,,,,China
1833,F00zFMCU,,2023,45.51327250278817,85.14668808405656,,,,,China
1834,F00zFMCU,,2024,45.51327250278817,85.14668808405656,,,,,China
1835,F00zFMCU,,2025,45.51327250278817,85.14668808405656,153.33345395710853,0.8542743975771049,22.3446099494829,284.32229796473416,China
1836,F2eckQ5f,KAZ_S_036,2022,43.42496117071644,52.41744904174218,,,,,Kazakhstan
1837,F2eckQ5f,KAZ_S_036,2023,43.42496117071644,52.41744904174218,333.8961537607617,0.5810034632539052,139.90133205860073,527.8909754629227,Kazakhstan
1838,F2eckQ5f,KAZ_S_036,2024,43.42496117071644,52.41744904174218,,,,,Kazakhstan
1839,F2eckQ5f,KAZ_S_036,2025,43.42496117071644,52.41744904174218,,,,,Kazakhstan
1840,F2pHE576,USA_S_299,2022,31.315728101896234,-101.82032963469575,,,,,United States of America
1841,F2pHE576,USA_S_299,2023,31.315728101896234,-101.82032963469575,,,,,United States of America
1842,F2pHE576,USA_S_299,2024,31.315728101896234,-101.82032963469575,57.13492107774934,0.905460335619622,5.401516263089803,108.86832589240888,United States of America
1843,F2pHE576,USA_S_299,2025,31.315728101896234,-101.82032963469575,,,,,United States of America
1844,F4HjZ1yP,DZA_S_353,2022,30.220941866752806,7.801653955066538,,,,,Algeria
1845,F4HjZ1yP,DZA_S_353,2023,30.220941866752806,7.801653955066538,,,,,Algeria
1846,F4HjZ1yP,DZA_S_353,2024,30.220941866752806,7.801653955066538,,,,,Algeria
1847,F4HjZ1yP,DZA_S_353,2025,30.220941866752806,7.801653955066538,1298.110074383123,0.7372174408154419,341.12068744965404,2255.099461316592,Algeria
1848,F72wpInB,,2022,28.913341691017425,33.195764225855164,,,,,Egypt
1849,F72wpInB,,2023,28.913341691017425,33.195764225855164,,,,,Egypt
1850,F72wpInB,,2024,28.913341691017425,33.195764225855164,,,,,Egypt
1851,F72wpInB,,2025,28.913341691017425,33.195764225855164,437.5863171328846,0.576229247563183,185.43628286745815,689.736351398311,Egypt
1852,F79RLHxg,CHN_S_005,2022,46.755478813528704,124.9371990282896,,,,,China
1853,F79RLHxg,CHN_S_005,2023,46.755478813528704,124.9371990282896,,,,,China
1854,F79RLHxg,CHN_S_005,2024,46.755478813528704,124.9371990282896,116.53524493580665,0.8481762375714291,17.69281934168923,215.37767052992405,China
1855,F79RLHxg,CHN_S_005,2025,46.755478813528704,124.9371990282896,18.66000805521526,0.926393216161948,1.373503179336538,35.946512931093984,China
1856,F8G0kowf,USA_S_217,2022,31.371522183862957,-101.69547025320828,,,,,United States of America
1857,F8G0kowf,USA_S_217,2023,31.371522183862957,-101.69547025320828,,,,,United States of America
1858,F8G0kowf,USA_S_217,2024,31.371522183862957,-101.69547025320828,,,,,United States of America
1859,F8G0kowf,USA_S_217,2025,31.371522183862957,-101.69547025320828,2000.4571281120195,0.7309157835620081,538.2914388358183,3462.622817388221,United States of America
1860,F8L7OnId,,2022,31.649829940693785,-103.77719969066275,,,,,United States of America
1861,F8L7OnId,,2023,31.649829940693785,-103.77719969066275,,,,,United States of America
1862,F8L7OnId,,2024,31.649829940693785,-103.77719969066275,,,,,United States of America
1863,F8L7OnId,,2025,31.649829940693785,-103.77719969066275,242.691602784849,0.7008780231349364,72.59439199355481,412.7888135761432,United States of America
1864,F8tpvsPw,TKM_S_162,2022,38.50666421869721,54.167764281660794,,,,,Turkmenistan
1865,F8tpvsPw,TKM_S_162,2023,38.50666421869721,54.167764281660794,1613.5132882533774,0.7170523447085053,456.5398016929628,2770.486774813792,Turkmenistan
1866,F8tpvsPw,TKM_S_162,2024,38.50666421869721,54.167764281660794,649.3282156163558,0.7497585971047683,162.48880361529433,1136.1676276174173,Turkmenistan
1867,F8tpvsPw,TKM_S_162,2025,38.50666421869721,54.167764281660794,1271.3072335969484,0.6839871084424245,401.7494749470337,2140.864992246863,Turkmenistan
1868,FFfFNgng,IRQ_S_059,2022,35.41613553894724,44.19330089593389,,,,,Iraq
1869,FFfFNgng,IRQ_S_059,2023,35.41613553894724,44.19330089593389,926.4936359106104,0.4634083982053394,497.1487041458335,1355.8385676753871,Iraq
1870,FFfFNgng,IRQ_S_059,2024,35.41613553894724,44.19330089593389,,,,,Iraq
1871,FFfFNgng,IRQ_S_059,2025,35.41613553894724,44.19330089593389,,,,,Iraq
1872,FGcELtdx,TKM_S_314,2022,39.3738907042984,53.831483943490866,686.7883862885435,0.464711191148142,367.6301372296842,1005.9466353474029,Turkmenistan
1873,FGcELtdx,TKM_S_314,2023,39.3738907042984,53.831483943490866,1044.109575987795,0.4522470873488471,571.914061374275,1516.3050906013152,Turkmenistan
1874,FGcELtdx,TKM_S_314,2024,39.3738907042984,53.831483943490866,531.1756976998838,0.4958836920156739,267.77433161546395,794.5770637843036,Turkmenistan
1875,FGcELtdx,TKM_S_314,2025,39.3738907042984,53.831483943490866,1848.3965903414448,0.8291608419135063,315.77851730387806,3381.014663379012,Turkmenistan
1876,FGhodh4V,USA_S_093,2022,31.897686999881113,-103.841935412726,,,,,United States of America
1877,FGhodh4V,USA_S_093,2023,31.897686999881113,-103.841935412726,231.27171234857192,0.9153719485702868,19.572074366872783,442.9713503302711,United States of America
1878,FGhodh4V,USA_S_093,2024,31.897686999881113,-103.841935412726,275.55291720775756,0.5501368048420144,123.96111577018567,427.1447186453295,United States of America
1879,FGhodh4V,USA_S_093,2025,31.897686999881113,-103.841935412726,,,,,United States of America
1880,FIql0us0,,2022,31.35684775088089,-103.28928572005248,,,,,United States of America
1881,FIql0us0,,2023,31.35684775088089,-103.28928572005248,,,,,United States of America
1882,FIql0us0,,2024,31.35684775088089,-103.28928572005248,,,,,United States of America
1883,FIql0us0,,2025,31.35684775088089,-103.28928572005248,299.4930608751524,0.6524265233392589,104.09584440414372,494.89027734616116,United States of America
1884,FJEyN0le,UZB_S_040,2022,38.51364478545722,65.90898949706639,,,,,Uzbekistan
1885,FJEyN0le,UZB_S_040,2023,38.51364478545722,65.90898949706639,,,,,Uzbekistan
1886,FJEyN0le,UZB_S_040,2024,38.51364478545722,65.90898949706639,34.76563336815705,0.910781491247699,3.1017379649362056,66.42952877137789,Uzbekistan
1887,FJEyN0le,UZB_S_040,2025,38.51364478545722,65.90898949706639,1308.5444816664344,0.639026791200647,472.349500403819,2144.7394629290498,Uzbekistan
1888,FKDtnioU,LBY_S_113,2022,29.537528437798994,19.642364926632375,,,,,Libya
1889,FKDtnioU,LBY_S_113,2023,29.537528437798994,19.642364926632375,,,,,Libya
1890,FKDtnioU,LBY_S_113,2024,29.537528437798994,19.642364926632375,,,,,Libya
1891,FKDtnioU,LBY_S_113,2025,29.537528437798994,19.642364926632375,1398.5209029403998,0.6109533065750976,544.0899329745714,2252.9518729062283,Libya
1892,FKQfP8ly,USA_S_593,2022,32.11346793466875,-101.88738866937295,,,,,United States of America
1893,FKQfP8ly,USA_S_593,2023,32.11346793466875,-101.88738866937295,,,,,United States of America
1894,FKQfP8ly,USA_S_593,2024,32.11346793466875,-101.88738866937295,,,,,United States of America
1895,FKQfP8ly,USA_S_593,2025,32.11346793466875,-101.88738866937295,117.91419537431688,0.8401122612300242,18.85303406728066,216.9753566813531,United States of America
1896,FO0ZMTft,IND_S_023,2022,23.545184921137356,72.40799772975302,,,,,India
1897,FO0ZMTft,IND_S_023,2023,23.545184921137356,72.40799772975302,991.1629126116017,0.6685031164902338,328.5674165812087,1653.7584086419947,India
1898,FO0ZMTft,IND_S_023,2024,23.545184921137356,72.40799772975302,192.697277160386,0.9263030740626396,14.201196963219985,371.19335735755203,India
1899,FO0ZMTft,IND_S_023,2025,23.545184921137356,72.40799772975302,105.15720492107565,0.7859766042884184,22.50610208074724,187.80830776140405,India
1900,FPH6jJXA,USA_S_374,2022,31.450246885792097,-103.05102444472296,,,,,United States of America
1901,FPH6jJXA,USA_S_374,2023,31.450246885792097,-103.05102444472296,327.6096543330298,0.7650522142288371,76.97116288280142,578.2481457832582,United States of America
1902,FPH6jJXA,USA_S_374,2024,31.450246885792097,-103.05102444472296,,,,,United States of America
1903,FPH6jJXA,USA_S_374,2025,31.450246885792097,-103.05102444472296,2060.3220920953613,0.5496835740968854,927.7968807216109,3192.8473034691115,United States of America
1904,FQ2e0Mjr,,2022,31.798878753280732,-102.09056745692456,,,,,United States of America
1905,FQ2e0Mjr,,2023,31.798878753280732,-102.09056745692456,,,,,United States of America
1906,FQ2e0Mjr,,2024,31.798878753280732,-102.09056745692456,,,,,United States of America
1907,FQ2e0Mjr,,2025,31.798878753280732,-102.09056745692456,369.344373775332,0.6861400374705439,115.92241131359114,622.7663362370728,United States of America
1908,FRDQHEFe,DZA_S_121,2022,28.127382593763553,9.732082913101427,,,,,Libya
1909,FRDQHEFe,DZA_S_121,2023,28.127382593763553,9.732082913101427,,,,,Libya
1910,FRDQHEFe,DZA_S_121,2024,28.127382593763553,9.732082913101427,238.00859467469795,0.9455169395652502,12.967436647651454,463.0497527017444,Libya
1911,FRDQHEFe,DZA_S_121,2025,28.127382593763553,9.732082913101427,,,,,Libya
1912,FSVEE3Tv,SYR_S_061,2022,34.9359761526517,40.81083664532343,,,,,Syria
1913,FSVEE3Tv,SYR_S_061,2023,34.9359761526517,40.81083664532343,,,,,Syria
1914,FSVEE3Tv,SYR_S_061,2024,34.9359761526517,40.81083664532343,,,,,Syria
1915,FSVEE3Tv,SYR_S_061,2025,34.9359761526517,40.81083664532343,2233.760213913372,0.5468352082989962,1012.2614820480428,3455.2589457787008,Syria
1916,FUiNguuK,ARG_S_033,2022,-46.565552936677555,-67.97283618571295,,,,,Argentina
1917,FUiNguuK,ARG_S_033,2023,-46.565552936677555,-67.97283618571295,,,,,Argentina
1918,FUiNguuK,ARG_S_033,2024,-46.565552936677555,-67.97283618571295,,,,,Argentina
1919,FUiNguuK,ARG_S_033,2025,-46.565552936677555,-67.97283618571295,333.5288644999378,0.9088486040025884,30.401621604600848,636.6561073952748,Argentina
1920,FVoLTiIz,,2022,31.292469608470157,-103.1557494044337,,,,,United States of America
1921,FVoLTiIz,,2023,31.292469608470157,-103.1557494044337,,,,,United States of America
1922,FVoLTiIz,,2024,31.292469608470157,-103.1557494044337,,,,,United States of America
1923,FVoLTiIz,,2025,31.292469608470157,-103.1557494044337,128.96384557432282,0.8178235464796665,23.49417601907409,234.43351512957156,United States of America
1924,FWoTozai,UZB_S_074,2022,40.104274597249706,62.46496968886481,,,,,Uzbekistan
1925,FWoTozai,UZB_S_074,2023,40.104274597249706,62.46496968886481,,,,,Uzbekistan
1926,FWoTozai,UZB_S_074,2024,40.104274597249706,62.46496968886481,,,,,Uzbekistan
1927,FWoTozai,UZB_S_074,2025,40.104274597249706,62.46496968886481,1002.31989568192,0.75634427776706,244.22097809082322,1760.418813273017,Uzbekistan
1928,FXjt6mG6,,2022,39.9127482315124,49.25698165740833,,,,,Azerbaijan
1929,FXjt6mG6,,2023,39.9127482315124,49.25698165740833,,,,,Azerbaijan
1930,FXjt6mG6,,2024,39.9127482315124,49.25698165740833,,,,,Azerbaijan
1931,FXjt6mG6,,2025,39.9127482315124,49.25698165740833,192.61741509779108,0.8023583857634592,38.069216849997275,347.1656133455849,Azerbaijan
1932,FYEh4wSR,DZA_S_052,2022,27.692762763370855,9.88663225573245,,,,,Libya
1933,FYEh4wSR,DZA_S_052,2023,27.692762763370855,9.88663225573245,318.3960837077264,0.9543327424056818,14.54027597170284,622.25189144375,Libya
1934,FYEh4wSR,DZA_S_052,2024,27.692762763370855,9.88663225573245,,,,,Libya
1935,FYEh4wSR,DZA_S_052,2025,27.692762763370855,9.88663225573245,,,,,Libya
1936,FYLodOR2,VEN_S_060,2022,9.616296879541874,-63.684178010114955,,,,,Venezuela
1937,FYLodOR2,VEN_S_060,2023,9.616296879541874,-63.684178010114955,,,,,Venezuela
1938,FYLodOR2,VEN_S_060,2024,9.616296879541874,-63.684178010114955,,,,,Venezuela
1939,FYLodOR2,VEN_S_060,2025,9.616296879541874,-63.684178010114955,21.180279675100305,0.8954378737115438,2.214655078212658,40.14590427198795,Venezuela
1940,FbFzW4mr,USA_S_027,2022,32.280957566764684,-101.78099953741498,,,,,United States of America
1941,FbFzW4mr,USA_S_027,2023,32.280957566764684,-101.78099953741498,713.1322623463285,0.5101704176547136,349.3132782220513,1076.9512464706058,United States of America
1942,FbFzW4mr,USA_S_027,2024,32.280957566764684,-101.78099953741498,1053.8463415595072,0.5600101362922514,463.6817081916771,1644.0109749273374,United States of America
1943,FbFzW4mr,USA_S_027,2025,32.280957566764684,-101.78099953741498,279.783210854114,0.826153497735082,48.63933259943576,510.9270891087922,United States of America
1944,FdMAHUXc,LBY_S_052,2022,29.215521157689217,21.64286119278317,,,,,Libya
1945,FdMAHUXc,LBY_S_052,2023,29.215521157689217,21.64286119278317,424.9967202522008,0.7195306957107555,119.19853445434546,730.7949060500562,Libya
1946,FdMAHUXc,LBY_S_052,2024,29.215521157689217,21.64286119278317,818.9321520768822,0.4579779627817814,443.8792734122117,1193.9850307415527,Libya
1947,FdMAHUXc,LBY_S_052,2025,29.215521157689217,21.64286119278317,639.9691413647129,0.5477175694354989,289.4467987427092,990.4914839867165,Libya
1948,Ff76oBi2,,2022,32.21303943932903,-103.59451569725763,,,,,United States of America
1949,Ff76oBi2,,2023,32.21303943932903,-103.59451569725763,,,,,United States of America
1950,Ff76oBi2,,2024,32.21303943932903,-103.59451569725763,,,,,United States of America
1951,Ff76oBi2,,2025,32.21303943932903,-103.59451569725763,216.83108733973484,0.7925622681312959,44.97894895637947,388.68322572309023,United States of America
1952,Ff8hsDET,EGY_S_022,2022,29.7398507249572,28.77935844454757,,,,,Egypt
1953,Ff8hsDET,EGY_S_022,2023,29.7398507249572,28.77935844454757,,,,,Egypt
1954,Ff8hsDET,EGY_S_022,2024,29.7398507249572,28.77935844454757,514.5770569725652,0.8176371177983992,93.83975522433434,935.314358720796,Egypt
1955,Ff8hsDET,EGY_S_022,2025,29.7398507249572,28.77935844454757,509.01921239380874,0.7576574288134644,123.35702471486087,894.6814000727566,Egypt
1956,Fg5XuBCS,DZA_S_320,2022,30.41646335975761,6.5157479066311215,,,,,Algeria
1957,Fg5XuBCS,DZA_S_320,2023,30.41646335975761,6.5157479066311215,,,,,Algeria
1958,Fg5XuBCS,DZA_S_320,2024,30.41646335975761,6.5157479066311215,,,,,Algeria
1959,Fg5XuBCS,DZA_S_320,2025,30.41646335975761,6.5157479066311215,460.97014423255695,0.8570559626397408,65.89293351914267,856.0473549459712,Algeria
1960,FgbfOJeP,DZA_S_340,2022,31.527848086431376,6.144340187400416,,,,,Algeria
1961,FgbfOJeP,DZA_S_340,2023,31.527848086431376,6.144340187400416,,,,,Algeria
1962,FgbfOJeP,DZA_S_340,2024,31.527848086431376,6.144340187400416,,,,,Algeria
1963,FgbfOJeP,DZA_S_340,2025,31.527848086431376,6.144340187400416,577.050819117676,0.5204785221913057,276.7082615540255,877.3933766813266,Algeria
1964,FlZAFHIR,UZB_S_011,2022,38.495474021483126,65.18908631278072,,,,,Uzbekistan
1965,FlZAFHIR,UZB_S_011,2023,38.495474021483126,65.18908631278072,,,,,Uzbekistan
1966,FlZAFHIR,UZB_S_011,2024,38.495474021483126,65.18908631278072,246.89720885515987,0.5471642848423468,111.8038741423548,381.99054356796495,Uzbekistan
1967,FlZAFHIR,UZB_S_011,2025,38.495474021483126,65.18908631278072,,,,,Uzbekistan
1968,FlgVCXOP,TKM_S_168,2022,38.36008957893359,54.03150504956728,,,,,Turkmenistan
1969,FlgVCXOP,TKM_S_168,2023,38.36008957893359,54.03150504956728,,,,,Turkmenistan
1970,FlgVCXOP,TKM_S_168,2024,38.36008957893359,54.03150504956728,,,,,Turkmenistan
1971,FlgVCXOP,TKM_S_168,2025,38.36008957893359,54.03150504956728,210.17004942662072,0.8161164447785684,38.64681588963103,381.6932829636104,Turkmenistan
1972,Fll52JC4,,2022,38.61014284383657,54.323070521746544,,,,,Turkmenistan
1973,Fll52JC4,,2023,38.61014284383657,54.323070521746544,,,,,Turkmenistan
1974,Fll52JC4,,2024,38.61014284383657,54.323070521746544,,,,,Turkmenistan
1975,Fll52JC4,,2025,38.61014284383657,54.323070521746544,208.59767806007235,0.7418853769225453,53.84211104730781,363.3532450728369,Turkmenistan
1976,FnUSqu8G,IRN_S_075,2022,30.945604910990323,49.88142225791747,,,,,Iran
1977,FnUSqu8G,IRN_S_075,2023,30.945604910990323,49.88142225791747,1191.7009697871629,0.4855245852474987,613.1008506922086,1770.3010888821173,Iran
1978,FnUSqu8G,IRN_S_075,2024,30.945604910990323,49.88142225791747,7020.81058338335,0.6383581664433108,2539.0188124289634,11502.602354337736,Iran
1979,FnUSqu8G,IRN_S_075,2025,30.945604910990323,49.88142225791747,6677.739480646368,0.483586165838259,3448.477048733824,9907.001912558911,Iran
1980,FrlvW7hm,,2022,38.52009516575855,54.19101264867654,,,,,Turkmenistan
1981,FrlvW7hm,,2023,38.52009516575855,54.19101264867654,,,,,Turkmenistan
1982,FrlvW7hm,,2024,38.52009516575855,54.19101264867654,,,,,Turkmenistan
1983,FrlvW7hm,,2025,38.52009516575855,54.19101264867654,233.0678702602228,0.7729585223157512,52.916073664601754,413.21966685584385,Turkmenistan
1984,FwY9Xswc,,2022,32.198477440515965,-103.567310192449,,,,,United States of America
1985,FwY9Xswc,,2023,32.198477440515965,-103.567310192449,,,,,United States of America
1986,FwY9Xswc,,2024,32.198477440515965,-103.567310192449,,,,,United States of America
1987,FwY9Xswc,,2025,32.198477440515965,-103.567310192449,302.7837386210101,0.6826509372718707,96.08813566069645,509.47934158132375,United States of America
1988,G0089WGu,,2022,31.687757703316255,-101.89050277438956,,,,,United States of America
1989,G0089WGu,,2023,31.687757703316255,-101.89050277438956,,,,,United States of America
1990,G0089WGu,,2024,31.687757703316255,-101.89050277438956,,,,,United States of America
1991,G0089WGu,,2025,31.687757703316255,-101.89050277438956,343.463977650041,0.7261674406642112,94.05162003956087,592.876335260521,United States of America
1992,G2wVGW0l,IRN_S_054,2022,30.232271264071368,50.86557485466576,,,,,Iran
1993,G2wVGW0l,IRN_S_054,2023,30.232271264071368,50.86557485466576,,,,,Iran
1994,G2wVGW0l,IRN_S_054,2024,30.232271264071368,50.86557485466576,387.2953240213936,0.5426790248305595,177.11827526002813,597.4723727827591,Iran
1995,G2wVGW0l,IRN_S_054,2025,30.232271264071368,50.86557485466576,,,,,Iran
1996,G9KpobIw,RUS_S_028,2022,51.68738588928413,54.87485879405223,,,,,Russia
1997,G9KpobIw,RUS_S_028,2023,51.68738588928413,54.87485879405223,,,,,Russia
1998,G9KpobIw,RUS_S_028,2024,51.68738588928413,54.87485879405223,,,,,Russia
1999,G9KpobIw,RUS_S_028,2025,51.68738588928413,54.87485879405223,1062.788178368134,0.518145213739131,512.1095705281555,1613.4667862081124,Russia
2000,G9Zms0yn,IRN_S_117,2022,28.481746282104098,53.41438336450808,,,,,Iran
2001,G9Zms0yn,IRN_S_117,2023,28.481746282104098,53.41438336450808,,,,,Iran
2002,G9Zms0yn,IRN_S_117,2024,28.481746282104098,53.41438336450808,555.5616581283999,0.7010969524436936,166.05907272001355,945.0642435367863,Iran
2003,G9Zms0yn,IRN_S_117,2025,28.481746282104098,53.41438336450808,,,,,Iran
2004,G9uHUgE5,LBY_S_009,2022,28.052617913865745,19.91375533641454,,,,,Libya
2005,G9uHUgE5,LBY_S_009,2023,28.052617913865745,19.91375533641454,,,,,Libya
2006,G9uHUgE5,LBY_S_009,2024,28.052617913865745,19.91375533641454,508.0213647716734,0.6702929396317432,167.49823078313835,848.5444987602084,Libya
2007,G9uHUgE5,LBY_S_009,2025,28.052617913865745,19.91375533641454,266.98256701977823,0.6294693552769535,98.9252226876524,435.03991135190404,Libya
2008,GBLD3Pc6,,2022,35.21596745026671,-119.52935491851672,,,,,United States of America
2009,GBLD3Pc6,,2023,35.21596745026671,-119.52935491851672,,,,,United States of America
2010,GBLD3Pc6,,2024,35.21596745026671,-119.52935491851672,,,,,United States of America
2011,GBLD3Pc6,,2025,35.21596745026671,-119.52935491851672,81.25698442573918,0.8199502636945225,14.630298618832626,147.88367023264573,United States of America
2012,GF4DHE5W,UZB_S_019,2022,40.211113046899854,63.49233501305624,,,,,Uzbekistan
2013,GF4DHE5W,UZB_S_019,2023,40.211113046899854,63.49233501305624,1078.579445231724,0.4799064892023592,560.9621703447391,1596.196720118709,Uzbekistan
2014,GF4DHE5W,UZB_S_019,2024,40.211113046899854,63.49233501305624,246.68120504616772,0.5577444884809738,109.0961225198227,384.26628757251274,Uzbekistan
2015,GF4DHE5W,UZB_S_019,2025,40.211113046899854,63.49233501305624,1353.47579216322,0.7544092628794942,332.40111747212575,2374.550466854314,Uzbekistan
2016,GLdYMcxs,CHN_S_743,2022,46.7576558650285,124.99361670643026,,,,,China
2017,GLdYMcxs,CHN_S_743,2023,46.7576558650285,124.99361670643026,,,,,China
2018,GLdYMcxs,CHN_S_743,2024,46.7576558650285,124.99361670643026,,,,,China
2019,GLdYMcxs,CHN_S_743,2025,46.7576558650285,124.99361670643026,289.7178541122714,0.9111079620254008,25.753610489667437,553.6820977348755,China
2020,GNowigRG,USA_S_008,2022,31.978304960512013,-103.75741286965396,,,,,United States of America
2021,GNowigRG,USA_S_008,2023,31.978304960512013,-103.75741286965396,553.430030388634,0.7235716062665216,152.98377434420024,953.8762864330678,United States of America
2022,GNowigRG,USA_S_008,2024,31.978304960512013,-103.75741286965396,,,,,United States of America
2023,GNowigRG,USA_S_008,2025,31.978304960512013,-103.75741286965396,,,,,United States of America
2024,GNqouk8a,KWT_S_002,2022,29.041650030813333,48.040440627152826,,,,,Kuwait
2025,GNqouk8a,KWT_S_002,2023,29.041650030813333,48.040440627152826,,,,,Kuwait
2026,GNqouk8a,KWT_S_002,2024,29.041650030813333,48.040440627152826,153.32727265220598,0.5590347551466642,67.61199832777419,239.04254697663777,Kuwait
2027,GNqouk8a,KWT_S_002,2025,29.041650030813333,48.040440627152826,,,,,Kuwait
2028,GQUUz70J,TKM_S_435,2022,38.26736200105568,62.61666102828368,,,,,Turkmenistan
2029,GQUUz70J,TKM_S_435,2023,38.26736200105568,62.61666102828368,590.8507872220199,0.7317883771091562,158.47304852715058,1023.2285259168892,Turkmenistan
2030,GQUUz70J,TKM_S_435,2024,38.26736200105568,62.61666102828368,1193.958037365241,0.5310845270250782,559.8653978033312,1828.0506769271506,Turkmenistan
2031,GQUUz70J,TKM_S_435,2025,38.26736200105568,62.61666102828368,448.6133559679061,0.82105650019275,80.27644397717279,816.9502679586394,Turkmenistan
2032,GRLcdsty,VEN_S_067,2022,9.464319483583,-64.41199686511821,,,,,Venezuela
2033,GRLcdsty,VEN_S_067,2023,9.464319483583,-64.41199686511821,,,,,Venezuela
2034,GRLcdsty,VEN_S_067,2024,9.464319483583,-64.41199686511821,1014.8544807542596,0.8233126168050678,179.3119825281218,1850.3969789803973,Venezuela
2035,GRLcdsty,VEN_S_067,2025,9.464319483583,-64.41199686511821,535.299097491392,0.4911431629587883,272.39060562048496,798.207589362299,Venezuela
2036,GRPtBpeJ,TKM_S_073,2022,39.4829155971798,53.665148210601615,,,,,Turkmenistan
2037,GRPtBpeJ,TKM_S_073,2023,39.4829155971798,53.665148210601615,2861.411399180045,0.5622570688082743,1252.56261322249,4470.2601851376,Turkmenistan
2038,GRPtBpeJ,TKM_S_073,2024,39.4829155971798,53.665148210601615,1271.8186129904118,0.4960102130989349,640.9835917378458,1902.6536342429777,Turkmenistan
2039,GRPtBpeJ,TKM_S_073,2025,39.4829155971798,53.665148210601615,2648.5872397233343,0.5621310577981065,1159.7340929870893,4137.440386459579,Turkmenistan
2040,GSI87Wx9,,2022,27.101646711274743,94.74172522130274,,,,,India
2041,GSI87Wx9,,2023,27.101646711274743,94.74172522130274,,,,,India
2042,GSI87Wx9,,2024,27.101646711274743,94.74172522130274,,,,,India
2043,GSI87Wx9,,2025,27.101646711274743,94.74172522130274,157.49078685762652,0.7092462181553212,45.791041884549145,269.1905318307039,India
2044,GWZ4OXSg,USA_S_180,2022,31.850154203070257,-101.80067310461516,,,,,United States of America
2045,GWZ4OXSg,USA_S_180,2023,31.850154203070257,-101.80067310461516,,,,,United States of America
2046,GWZ4OXSg,USA_S_180,2024,31.850154203070257,-101.80067310461516,168.10564597386357,0.8295442767829889,28.65456946133773,307.5567224863894,United States of America
2047,GWZ4OXSg,USA_S_180,2025,31.850154203070257,-101.80067310461516,,,,,United States of America
2048,GcRVQ0DU,PAK_S_016,2022,25.42062126054136,68.56177258877526,,,,,Pakistan
2049,GcRVQ0DU,PAK_S_016,2023,25.42062126054136,68.56177258877526,900.0747821021386,0.527025962410942,425.71200382294006,1374.437560381337,Pakistan
2050,GcRVQ0DU,PAK_S_016,2024,25.42062126054136,68.56177258877526,,,,,Pakistan
2051,GcRVQ0DU,PAK_S_016,2025,25.42062126054136,68.56177258877526,,,,,Pakistan
2052,GdzFiJcm,DZA_S_276,2022,28.894677142262093,9.095853819370248,,,,,Algeria
2053,GdzFiJcm,DZA_S_276,2023,28.894677142262093,9.095853819370248,,,,,Algeria
2054,GdzFiJcm,DZA_S_276,2024,28.894677142262093,9.095853819370248,,,,,Algeria
2055,GdzFiJcm,DZA_S_276,2025,28.894677142262093,9.095853819370248,236.28766319438657,0.9194215247034336,19.03969963159227,453.53562675718086,Algeria
2056,GfhvrmgM,USA_S_181,2022,31.83276768862916,-101.78444490412764,,,,,United States of America
2057,GfhvrmgM,USA_S_181,2023,31.83276768862916,-101.78444490412764,304.35790472388135,0.865815813491133,40.84001785291724,567.8757915948454,United States of America
2058,GfhvrmgM,USA_S_181,2024,31.83276768862916,-101.78444490412764,33.44686399762976,0.9251618773439616,2.50310051031445,64.39062748494507,United States of America
2059,GfhvrmgM,USA_S_181,2025,31.83276768862916,-101.78444490412764,292.5594138443285,0.7957913413201673,59.743165485308424,525.3756622033486,United States of America
2060,GjEI8kAW,YEM_S_033,2022,15.623464917054074,46.05252277439909,,,,,Yemen
2061,GjEI8kAW,YEM_S_033,2023,15.623464917054074,46.05252277439909,,,,,Yemen
2062,GjEI8kAW,YEM_S_033,2024,15.623464917054074,46.05252277439909,,,,,Yemen
2063,GjEI8kAW,YEM_S_033,2025,15.623464917054074,46.05252277439909,1674.8858365925291,0.5389371146333258,772.2276964791274,2577.5439767059306,Yemen
2064,GjZgBeFm,KAZ_S_070,2022,43.472590973211446,52.78283762973836,,,,,Kazakhstan
2065,GjZgBeFm,KAZ_S_070,2023,43.472590973211446,52.78283762973836,,,,,Kazakhstan
2066,GjZgBeFm,KAZ_S_070,2024,43.472590973211446,52.78283762973836,,,,,Kazakhstan
2067,GjZgBeFm,KAZ_S_070,2025,43.472590973211446,52.78283762973836,461.5450215032584,0.5400397624147566,212.292357746925,710.7976852595918,Kazakhstan
2068,Gks7jwVi,USA_S_031,2022,32.37956670487748,-101.53341509003032,,,,,United States of America
2069,Gks7jwVi,USA_S_031,2023,32.37956670487748,-101.53341509003032,,,,,United States of America
2070,Gks7jwVi,USA_S_031,2024,32.37956670487748,-101.53341509003032,38.2730738840012,0.884759074391402,4.410624460278555,72.13552330772384,United States of America
2071,Gks7jwVi,USA_S_031,2025,32.37956670487748,-101.53341509003032,,,,,United States of America
2072,GlOe9du9,OMN_S_006,2022,22.769447749291388,55.86153293913306,,,,,Oman
2073,GlOe9du9,OMN_S_006,2023,22.769447749291388,55.86153293913306,,,,,Oman
2074,GlOe9du9,OMN_S_006,2024,22.769447749291388,55.86153293913306,,,,,Oman
2075,GlOe9du9,OMN_S_006,2025,22.769447749291388,55.86153293913306,119.72419790661748,0.5343754071471172,55.74653090490673,183.70186490832822,Oman
2076,GmHnbktq,VEN_S_099,2022,9.70127693543456,-63.52658174593322,,,,,Venezuela
2077,GmHnbktq,VEN_S_099,2023,9.70127693543456,-63.52658174593322,,,,,Venezuela
2078,GmHnbktq,VEN_S_099,2024,9.70127693543456,-63.52658174593322,,,,,Venezuela
2079,GmHnbktq,VEN_S_099,2025,9.70127693543456,-63.52658174593322,648.6710600746388,0.5121515915836257,316.4531442431749,980.8889759061028,Venezuela
2080,GmJTp9gi,,2022,31.73674977278695,-101.79773606529686,,,,,United States of America
2081,GmJTp9gi,,2023,31.73674977278695,-101.79773606529686,,,,,United States of America
2082,GmJTp9gi,,2024,31.73674977278695,-101.79773606529686,,,,,United States of America
2083,GmJTp9gi,,2025,31.73674977278695,-101.79773606529686,120.22956574429044,0.8886708325866777,13.385057452777147,227.07407403580373,United States of America
2084,GmRD1Yw4,,2022,32.20435593775252,-103.58324450288868,,,,,United States of America
2085,GmRD1Yw4,,2023,32.20435593775252,-103.58324450288868,,,,,United States of America
2086,GmRD1Yw4,,2024,32.20435593775252,-103.58324450288868,,,,,United States of America
2087,GmRD1Yw4,,2025,32.20435593775252,-103.58324450288868,206.10945097528668,0.7804261549997398,45.25624464153634,366.962657309037,United States of America
2088,Gn52lWdu,TKM_S_248,2022,36.421600376155894,61.476496142259336,,,,,Turkmenistan
2089,Gn52lWdu,TKM_S_248,2023,36.421600376155894,61.476496142259336,787.6959144058077,0.4988060383556203,394.78843591213894,1180.6033928994764,Turkmenistan
2090,Gn52lWdu,TKM_S_248,2024,36.421600376155894,61.476496142259336,,,,,Turkmenistan
2091,Gn52lWdu,TKM_S_248,2025,36.421600376155894,61.476496142259336,,,,,Turkmenistan
2092,Gnd21u51,SYR_S_008,2022,35.34781424139485,40.370019395606285,,,,,Syria
2093,Gnd21u51,SYR_S_008,2023,35.34781424139485,40.370019395606285,943.7798681109036,0.5497743628743325,424.9138924266101,1462.6458437951972,Syria
2094,Gnd21u51,SYR_S_008,2024,35.34781424139485,40.370019395606285,103.6652512357092,0.7166092697885081,29.377771245245384,177.95273122617303,Syria
2095,Gnd21u51,SYR_S_008,2025,35.34781424139485,40.370019395606285,1848.6418500959735,0.476635099048359,967.5142587705376,2729.7694414214093,Syria
2096,Gns8AYiF,IRN_S_014,2022,30.472480672489507,53.25344596059055,,,,,Iran
2097,Gns8AYiF,IRN_S_014,2023,30.472480672489507,53.25344596059055,,,,,Iran
2098,Gns8AYiF,IRN_S_014,2024,30.472480672489507,53.25344596059055,479.10139393896526,0.4140754812583325,280.71725367215026,677.4855342057803,Iran
2099,Gns8AYiF,IRN_S_014,2025,30.472480672489507,53.25344596059055,,,,,Iran
2100,GoEEUSnT,EGY_S_002,2022,31.058176703379424,26.67418976162557,2055.074611461414,0.5096631778359938,1007.6787542939194,3102.4704686289087,Egypt
2101,GoEEUSnT,EGY_S_002,2023,31.058176703379424,26.67418976162557,1379.445990644577,0.5336425751372695,643.3148799342231,2115.577101354931,Egypt
2102,GoEEUSnT,EGY_S_002,2024,31.058176703379424,26.67418976162557,355.63397004758434,0.663724638861983,119.59094171069816,591.6769983844705,Egypt
2103,GoEEUSnT,EGY_S_002,2025,31.058176703379424,26.67418976162557,,,,,Egypt
2104,GofDCzz0,SYR_S_048,2022,34.735354064545,39.038330002609726,,,,,Syria
2105,GofDCzz0,SYR_S_048,2023,34.735354064545,39.038330002609726,672.8694868607647,0.6162750829330843,258.19678804250503,1087.5421856790244,Syria
2106,GofDCzz0,SYR_S_048,2024,34.735354064545,39.038330002609726,208.5544345617741,0.6764411061780089,67.47964214847846,349.62922697506974,Syria
2107,GofDCzz0,SYR_S_048,2025,34.735354064545,39.038330002609726,256.0127624310381,0.992409121969372,1.9433616538981369,510.08216320817803,Syria
2108,GqgpBhkG,SYR_S_025,2022,35.3145743042584,40.42344125302887,,,,,Syria
2109,GqgpBhkG,SYR_S_025,2023,35.3145743042584,40.42344125302887,788.7494486722989,0.5455516380740857,358.44589491909426,1219.0530024255036,Syria
2110,GqgpBhkG,SYR_S_025,2024,35.3145743042584,40.42344125302887,725.9000243146085,0.6635784690985538,244.2083974613176,1207.5916511678993,Syria
2111,GqgpBhkG,SYR_S_025,2025,35.3145743042584,40.42344125302887,1901.7337771341408,0.4726998789704383,1002.784450848838,2800.683103419444,Syria
2112,GswZrIEZ,,2022,28.074166813612297,9.81144473936962,,,,,Libya
2113,GswZrIEZ,,2023,28.074166813612297,9.81144473936962,,,,,Libya
2114,GswZrIEZ,,2024,28.074166813612297,9.81144473936962,,,,,Libya
2115,GswZrIEZ,,2025,28.074166813612297,9.81144473936962,575.7154516059347,0.6239759681920833,216.4828452869791,934.9480579248903,Libya
2116,GwaurSsu,USA_S_373,2022,32.01471093937903,-102.51855210983108,,,,,United States of America
2117,GwaurSsu,USA_S_373,2023,32.01471093937903,-102.51855210983108,,,,,United States of America
2118,GwaurSsu,USA_S_373,2024,32.01471093937903,-102.51855210983108,479.171972718445,0.6382882981481294,173.32210973170686,785.0218357051831,United States of America
2119,GwaurSsu,USA_S_373,2025,32.01471093937903,-102.51855210983108,,,,,United States of America
2120,Gwgs5eDf,,2022,38.59746738764264,54.30658583739978,,,,,Turkmenistan
2121,Gwgs5eDf,,2023,38.59746738764264,54.30658583739978,,,,,Turkmenistan
2122,Gwgs5eDf,,2024,38.59746738764264,54.30658583739978,,,,,Turkmenistan
2123,Gwgs5eDf,,2025,38.59746738764264,54.30658583739978,171.9987576235769,0.7135598680692952,49.267346825614695,294.7301684215391,Turkmenistan
2124,GxO0GKQk,IND_S_007,2022,27.350553690032925,95.37345625012468,,,,,India
2125,GxO0GKQk,IND_S_007,2023,27.350553690032925,95.37345625012468,,,,,India
2126,GxO0GKQk,IND_S_007,2024,27.350553690032925,95.37345625012468,308.34669031630796,0.8360346732745251,50.55816582243227,566.1352148101837,India
2127,GxO0GKQk,IND_S_007,2025,27.350553690032925,95.37345625012468,,,,,India
2128,H0jN1jWF,USA_S_996,2022,39.27546510233092,-80.68812752806332,,,,,United States of America
2129,H0jN1jWF,USA_S_996,2023,39.27546510233092,-80.68812752806332,,,,,United States of America
2130,H0jN1jWF,USA_S_996,2024,39.27546510233092,-80.68812752806332,345.35193830849295,0.8620659296248743,47.635798562829734,643.0680780541561,United States of America
2131,H0jN1jWF,USA_S_996,2025,39.27546510233092,-80.68812752806332,863.9370837178585,0.521324041333714,413.5459117760013,1314.3282556597158,United States of America
2132,H129pO4N,,2022,31.8709006825292,-104.03568866807107,,,,,United States of America
2133,H129pO4N,,2023,31.8709006825292,-104.03568866807107,,,,,United States of America
2134,H129pO4N,,2024,31.8709006825292,-104.03568866807107,,,,,United States of America
2135,H129pO4N,,2025,31.8709006825292,-104.03568866807107,144.51102067109017,0.8311676974301754,24.39812836661568,264.6239129755646,United States of America
2136,H4OyNMOc,,2022,43.2141775111673,76.57798797091219,,,,,Kazakhstan
2137,H4OyNMOc,,2023,43.2141775111673,76.57798797091219,,,,,Kazakhstan
2138,H4OyNMOc,,2024,43.2141775111673,76.57798797091219,,,,,Kazakhstan
2139,H4OyNMOc,,2025,43.2141775111673,76.57798797091219,66.16458129104852,0.8166167919963779,12.133473173368913,120.19568940872813,Kazakhstan
2140,H5RIz8yI,BHR_S_009,2022,26.081652874596728,50.56555754419709,,,,,
2141,H5RIz8yI,BHR_S_009,2023,26.081652874596728,50.56555754419709,795.6129950989015,0.6704505234400024,262.19384607917493,1329.032144118628,
2142,H5RIz8yI,BHR_S_009,2024,26.081652874596728,50.56555754419709,292.69868010329327,0.7355040998106276,77.41760087816169,507.97975932842485,
2143,H5RIz8yI,BHR_S_009,2025,26.081652874596728,50.56555754419709,987.9310934217368,0.7275609874010646,269.1509716076047,1706.711215235869,
2144,H7AEWd4f,TKM_S_021,2022,38.50118376777638,54.20365060037748,5027.269111437709,0.4212764962992421,2909.3987942178273,7145.139428657591,Turkmenistan
2145,H7AEWd4f,TKM_S_021,2023,38.50118376777638,54.20365060037748,3271.623570309214,0.5419236230139693,1498.653471949347,5044.59366866908,Turkmenistan
2146,H7AEWd4f,TKM_S_021,2024,38.50118376777638,54.20365060037748,4383.564201114248,0.4259565820892532,2516.356176638815,6250.772225589681,Turkmenistan
2147,H7AEWd4f,TKM_S_021,2025,38.50118376777638,54.20365060037748,2192.940356766516,0.485802676408969,1127.604062244103,3258.2766512889284,Turkmenistan
2148,H7f9AAVo,TKM_S_083,2022,38.558610581318,54.20359074536257,,,,,Turkmenistan
2149,H7f9AAVo,TKM_S_083,2023,38.558610581318,54.20359074536257,,,,,Turkmenistan
2150,H7f9AAVo,TKM_S_083,2024,38.558610581318,54.20359074536257,,,,,Turkmenistan
2151,H7f9AAVo,TKM_S_083,2025,38.558610581318,54.20359074536257,118.86516600719332,0.8532704003608437,17.44103821927733,220.2892937951093,Turkmenistan
2152,H8M39WDI,,2022,45.587562088770746,85.17447504864683,,,,,China
2153,H8M39WDI,,2023,45.587562088770746,85.17447504864683,,,,,China
2154,H8M39WDI,,2024,45.587562088770746,85.17447504864683,,,,,China
2155,H8M39WDI,,2025,45.587562088770746,85.17447504864683,62.90589309978517,0.7757233927394621,14.108320281113897,111.70346591845643,China
2156,H8jjO8PH,UZB_S_030,2022,38.53929313373197,65.93222486981222,,,,,Uzbekistan
2157,H8jjO8PH,UZB_S_030,2023,38.53929313373197,65.93222486981222,2417.457709013108,0.4801239865809464,1256.778276370893,3578.137141655323,Uzbekistan
2158,H8jjO8PH,UZB_S_030,2024,38.53929313373197,65.93222486981222,87.68379485148712,0.6625464434734882,29.58920842237537,145.77838128059886,Uzbekistan
2159,H8jjO8PH,UZB_S_030,2025,38.53929313373197,65.93222486981222,,,,,Uzbekistan
2160,H9exrV0u,,2022,28.08712724439644,9.778855384768336,,,,,Libya
2161,H9exrV0u,,2023,28.08712724439644,9.778855384768336,,,,,Libya
2162,H9exrV0u,,2024,28.08712724439644,9.778855384768336,,,,,Libya
2163,H9exrV0u,,2025,28.08712724439644,9.778855384768336,267.2460572587292,0.710921951848359,77.25496860857513,457.23714590888324,Libya
2164,HBvGQ7gy,,2022,28.461821377685755,33.020127739190954,,,,,
2165,HBvGQ7gy,,2023,28.461821377685755,33.020127739190954,,,,,
2166,HBvGQ7gy,,2024,28.461821377685755,33.020127739190954,,,,,
2167,HBvGQ7gy,,2025,28.461821377685755,33.020127739190954,411.16576939943366,0.5988535474659843,164.93768979800197,657.3938490008653,
2168,HHsMGNHd,VEN_S_080,2022,9.37444921038298,-64.53484932663355,,,,,Venezuela
2169,HHsMGNHd,VEN_S_080,2023,9.37444921038298,-64.53484932663355,,,,,Venezuela
2170,HHsMGNHd,VEN_S_080,2024,9.37444921038298,-64.53484932663355,,,,,Venezuela
2171,HHsMGNHd,VEN_S_080,2025,9.37444921038298,-64.53484932663355,172.85833219504937,0.5570938188294197,76.5600237960249,269.15664059407385,Venezuela
2172,HJcrUzLy,,2022,41.84612695831294,-75.66453688019241,,,,,United States of America
2173,HJcrUzLy,,2023,41.84612695831294,-75.66453688019241,,,,,United States of America
2174,HJcrUzLy,,2024,41.84612695831294,-75.66453688019241,,,,,United States of America
2175,HJcrUzLy,,2025,41.84612695831294,-75.66453688019241,205.97140535914545,0.7860266748993215,44.072386480356045,367.87042423793486,United States of America
2176,HKJEP1Cm,,2022,37.77629068521281,53.91477104426611,,,,,Turkmenistan
2177,HKJEP1Cm,,2023,37.77629068521281,53.91477104426611,,,,,Turkmenistan
2178,HKJEP1Cm,,2024,37.77629068521281,53.91477104426611,,,,,Turkmenistan
2179,HKJEP1Cm,,2025,37.77629068521281,53.91477104426611,136.79865207070736,0.6786548938576802,43.95957736978774,229.637726771627,Turkmenistan
2180,HMRIT12x,DZA_S_310,2022,28.190357031418745,9.847126848023324,,,,,Libya
2181,HMRIT12x,DZA_S_310,2023,28.190357031418745,9.847126848023324,,,,,Libya
2182,HMRIT12x,DZA_S_310,2024,28.190357031418745,9.847126848023324,323.4535977005804,0.8862704042193413,36.78624692028677,610.1209484808741,Libya
2183,HMRIT12x,DZA_S_310,2025,28.190357031418745,9.847126848023324,,,,,Libya
2184,HMslgCAF,IRN_S_094,2022,27.926835573756986,52.19470962577767,,,,,Iran
2185,HMslgCAF,IRN_S_094,2023,27.926835573756986,52.19470962577767,,,,,Iran
2186,HMslgCAF,IRN_S_094,2024,27.926835573756986,52.19470962577767,,,,,Iran
2187,HMslgCAF,IRN_S_094,2025,27.926835573756986,52.19470962577767,772.8882914716856,0.5665922283453673,334.97579214469954,1210.8007907986716,Iran
2188,HOuO7FCj,USA_S_225,2022,41.538251000181795,-109.85124485508936,,,,,United States of America
2189,HOuO7FCj,USA_S_225,2023,41.538251000181795,-109.85124485508936,,,,,United States of America
2190,HOuO7FCj,USA_S_225,2024,41.538251000181795,-109.85124485508936,647.1322409667284,0.7398819528870193,168.33077474411226,1125.9337071893447,United States of America
2191,HOuO7FCj,USA_S_225,2025,41.538251000181795,-109.85124485508936,1452.0253503402723,0.6458890457118672,514.1780824595542,2389.8726182209903,United States of America
2192,HPKkDecr,,2022,38.64981570435046,54.29077749326365,,,,,Turkmenistan
2193,HPKkDecr,,2023,38.64981570435046,54.29077749326365,,,,,Turkmenistan
2194,HPKkDecr,,2024,38.64981570435046,54.29077749326365,,,,,Turkmenistan
2195,HPKkDecr,,2025,38.64981570435046,54.29077749326365,347.6210891597346,0.7070698132067995,101.82871058081685,593.4134677386523,Turkmenistan
2196,HPlxTi9K,,2022,45.75673103529535,85.27721868809537,,,,,China
2197,HPlxTi9K,,2023,45.75673103529535,85.27721868809537,,,,,China
2198,HPlxTi9K,,2024,45.75673103529535,85.27721868809537,,,,,China
2199,HPlxTi9K,,2025,45.75673103529535,85.27721868809537,283.42982031339216,0.7284937176261204,76.95297682718581,489.9066637995985,China
2200,HShuRe4T,,2022,32.124551909282275,-103.9922827332558,,,,,United States of America
2201,HShuRe4T,,2023,32.124551909282275,-103.9922827332558,,,,,United States of America
2202,HShuRe4T,,2024,32.124551909282275,-103.9922827332558,,,,,United States of America
2203,HShuRe4T,,2025,32.124551909282275,-103.9922827332558,137.0611614141718,0.8132091234056095,25.601774487598405,248.52054834074522,United States of America
2204,HW27xWYY,,2022,31.7757845854851,5.8771864618637535,,,,,Algeria
2205,HW27xWYY,,2023,31.7757845854851,5.8771864618637535,,,,,Algeria
2206,HW27xWYY,,2024,31.7757845854851,5.8771864618637535,,,,,Algeria
2207,HW27xWYY,,2025,31.7757845854851,5.8771864618637535,119.07869612958234,0.811480440554622,22.44866333367891,215.7087289254858,Algeria
2208,HYZFgJgZ,VEN_S_017,2022,8.954722799753087,-64.17608431020808,,,,,Venezuela
2209,HYZFgJgZ,VEN_S_017,2023,8.954722799753087,-64.17608431020808,,,,,Venezuela
2210,HYZFgJgZ,VEN_S_017,2024,8.954722799753087,-64.17608431020808,,,,,Venezuela
2211,HYZFgJgZ,VEN_S_017,2025,8.954722799753087,-64.17608431020808,327.90618726817263,0.5170252081725114,158.37042253479117,497.4419520015541,Venezuela
2212,HajOQ59A,,2022,31.43366903366975,-103.16922009465084,,,,,United States of America
2213,HajOQ59A,,2023,31.43366903366975,-103.16922009465084,,,,,United States of America
2214,HajOQ59A,,2024,31.43366903366975,-103.16922009465084,,,,,United States of America
2215,HajOQ59A,,2025,31.43366903366975,-103.16922009465084,119.37184259034504,0.8776045118134832,14.610574949569326,224.13311023112075,United States of America
2216,HbLAW2gE,TKM_S_153,2022,38.514171557337654,54.19321897203453,,,,,Turkmenistan
2217,HbLAW2gE,TKM_S_153,2023,38.514171557337654,54.19321897203453,,,,,Turkmenistan
2218,HbLAW2gE,TKM_S_153,2024,38.514171557337654,54.19321897203453,,,,,Turkmenistan
2219,HbLAW2gE,TKM_S_153,2025,38.514171557337654,54.19321897203453,133.540786968334,0.8713135256749891,17.184893053542268,249.89668088312573,Turkmenistan
2220,He8VC7sd,KAZ_S_024,2022,43.34658061844333,52.49612671626161,,,,,Kazakhstan
2221,He8VC7sd,KAZ_S_024,2023,43.34658061844333,52.49612671626161,232.20366297613708,0.7157135828044953,66.01234740715847,398.3949785451157,Kazakhstan
2222,He8VC7sd,KAZ_S_024,2024,43.34658061844333,52.49612671626161,326.48947918235916,0.7177003053515174,92.1678802791221,560.8110780855963,Kazakhstan
2223,He8VC7sd,KAZ_S_024,2025,43.34658061844333,52.49612671626161,,,,,Kazakhstan
2224,HgLvzt5q,USA_S_059,2022,32.82203940724172,-111.7860078497798,254.85064993915543,0.8697140717109861,33.20345350238139,476.4978463759295,United States of America
2225,HgLvzt5q,USA_S_059,2023,32.82203940724172,-111.7860078497798,,,,,United States of America
2226,HgLvzt5q,USA_S_059,2024,32.82203940724172,-111.7860078497798,21.237939637080498,0.9028194001692464,2.063915713100819,40.411963561060176,United States of America
2227,HgLvzt5q,USA_S_059,2025,32.82203940724172,-111.7860078497798,391.44462369404704,0.9409081346172448,23.131193008131902,759.7580543799622,United States of America
2228,HjsOP2Cr,IRQ_S_031,2022,30.334617424362538,47.71629479960391,,,,,Iraq
2229,HjsOP2Cr,IRQ_S_031,2023,30.334617424362538,47.71629479960391,,,,,Iraq
2230,HjsOP2Cr,IRQ_S_031,2024,30.334617424362538,47.71629479960391,1124.429290081501,0.6520198764026586,391.27904333903155,1857.5795368239706,Iraq
2231,HjsOP2Cr,IRQ_S_031,2025,30.334617424362538,47.71629479960391,305.60072158474134,0.9361507470974044,19.51237775967985,591.6890654098029,Iraq
2232,HmMeH4Ci,USA_S_314,2022,31.23326453436217,-101.79331759391806,,,,,United States of America
2233,HmMeH4Ci,USA_S_314,2023,31.23326453436217,-101.79331759391806,,,,,United States of America
2234,HmMeH4Ci,USA_S_314,2024,31.23326453436217,-101.79331759391806,62.45562835668685,0.9148220176398096,5.319844410460476,119.59141230291323,United States of America
2235,HmMeH4Ci,USA_S_314,2025,31.23326453436217,-101.79331759391806,,,,,United States of America
2236,HmMh46r9,TKM_S_259,2022,39.46119014005969,53.71544618415593,,,,,Turkmenistan
2237,HmMh46r9,TKM_S_259,2023,39.46119014005969,53.71544618415593,,,,,Turkmenistan
2238,HmMh46r9,TKM_S_259,2024,39.46119014005969,53.71544618415593,,,,,Turkmenistan
2239,HmMh46r9,TKM_S_259,2025,39.46119014005969,53.71544618415593,434.64586968001146,0.6953133260026744,132.43080439947772,736.8609349605451,Turkmenistan
2240,HmOnCIQF,,2022,31.8672701358412,-101.65846905945794,,,,,United States of America
2241,HmOnCIQF,,2023,31.8672701358412,-101.65846905945794,,,,,United States of America
2242,HmOnCIQF,,2024,31.8672701358412,-101.65846905945794,,,,,United States of America
2243,HmOnCIQF,,2025,31.8672701358412,-101.65846905945794,266.5023694955439,0.748627738507782,66.99130331312958,466.0134356779582,United States of America
2244,HnWzaS7Q,,2022,36.46594989975658,61.61776152119727,,,,,Turkmenistan
2245,HnWzaS7Q,,2023,36.46594989975658,61.61776152119727,,,,,Turkmenistan
2246,HnWzaS7Q,,2024,36.46594989975658,61.61776152119727,,,,,Turkmenistan
2247,HnWzaS7Q,,2025,36.46594989975658,61.61776152119727,170.42493227047115,0.8036692635131586,33.45965246838168,307.39021207256064,Turkmenistan
2248,HqJ6WCSs,USA_S_140,2022,30.997421121664384,-102.9271849247313,,,,,United States of America
2249,HqJ6WCSs,USA_S_140,2023,30.997421121664384,-102.9271849247313,346.8241528819422,0.6487401445891026,121.825401794318,571.8229039695664,United States of America
2250,HqJ6WCSs,USA_S_140,2024,30.997421121664384,-102.9271849247313,109.66528771663354,0.589259671366685,45.0439563163971,174.28661911686999,United States of America
2251,HqJ6WCSs,USA_S_140,2025,30.997421121664384,-102.9271849247313,786.060430670768,0.5203386754583526,377.0427873453184,1195.0780739962177,United States of America
2252,HtnV1UrI,TKM_S_187,2022,39.38342412586228,53.8380553259591,802.677961313478,0.4979126459135571,403.0144537793843,1202.3414688475718,Turkmenistan
2253,HtnV1UrI,TKM_S_187,2023,39.38342412586228,53.8380553259591,910.448846009664,0.4552872656542978,495.93308039181323,1324.9646116275146,Turkmenistan
2254,HtnV1UrI,TKM_S_187,2024,39.38342412586228,53.8380553259591,464.2704401124444,0.4730610779874935,244.64216523512343,683.8987149897654,Turkmenistan
2255,HtnV1UrI,TKM_S_187,2025,39.38342412586228,53.8380553259591,821.93072170027,0.6097328026526052,320.7725991716859,1323.0888442288542,Turkmenistan
2256,HuPW1CQw,CHN_S_012,2022,37.30584669567404,94.28371857690904,,,,,China
2257,HuPW1CQw,CHN_S_012,2023,37.30584669567404,94.28371857690904,,,,,China
2258,HuPW1CQw,CHN_S_012,2024,37.30584669567404,94.28371857690904,157.0271720398803,0.5746746806757709,66.78763209044276,247.26671198931786,China
2259,HuPW1CQw,CHN_S_012,2025,37.30584669567404,94.28371857690904,86.10855871678616,0.7549344591380158,21.10224051477512,151.11487691879722,China
2260,Hyim5x2Q,USA_S_056,2022,31.659548638611124,-103.14971076340971,,,,,United States of America
2261,Hyim5x2Q,USA_S_056,2023,31.659548638611124,-103.14971076340971,,,,,United States of America
2262,Hyim5x2Q,USA_S_056,2024,31.659548638611124,-103.14971076340971,915.3750069704976,0.5976305384847926,368.3189486391983,1462.431065301797,United States of America
2263,Hyim5x2Q,USA_S_056,2025,31.659548638611124,-103.14971076340971,,,,,United States of America
2264,I3qcUt7r,SYR_S_024,2022,35.04363544291674,40.87085589779005,,,,,Syria
2265,I3qcUt7r,SYR_S_024,2023,35.04363544291674,40.87085589779005,,,,,Syria
2266,I3qcUt7r,SYR_S_024,2024,35.04363544291674,40.87085589779005,245.9072165993805,0.8753626258621673,30.649229758490065,461.16520344027094,Syria
2267,I3qcUt7r,SYR_S_024,2025,35.04363544291674,40.87085589779005,,,,,Syria
2268,I5oU4FvX,TKM_S_208,2022,39.47854158070791,53.712735021554685,,,,,Turkmenistan
2269,I5oU4FvX,TKM_S_208,2023,39.47854158070791,53.712735021554685,1746.3531452114537,0.4560986771197976,949.8437858965118,2542.8625045263957,Turkmenistan
2270,I5oU4FvX,TKM_S_208,2024,39.47854158070791,53.712735021554685,,,,,Turkmenistan
2271,I5oU4FvX,TKM_S_208,2025,39.47854158070791,53.712735021554685,540.1952734309114,0.9504063789115248,26.790239704317855,1053.6003071575049,Turkmenistan
2272,I6lw6jia,TKM_S_205,2022,39.453261844022585,53.73764478257398,,,,,Turkmenistan
2273,I6lw6jia,TKM_S_205,2023,39.453261844022585,53.73764478257398,590.8144637225354,0.5707573559446535,253.60276255440272,928.026164890668,Turkmenistan
2274,I6lw6jia,TKM_S_205,2024,39.453261844022585,53.73764478257398,,,,,Turkmenistan
2275,I6lw6jia,TKM_S_205,2025,39.453261844022585,53.73764478257398,903.5228670490789,0.7033225762500365,268.0548364953015,1538.9908976028562,Turkmenistan
2276,I7eap3Qg,TKM_S_340,2022,38.10930347708227,54.01167422922155,,,,,Turkmenistan
2277,I7eap3Qg,TKM_S_340,2023,38.10930347708227,54.01167422922155,345.3127517585115,0.8453352562398552,53.40770826784069,637.2177952491824,Turkmenistan
2278,I7eap3Qg,TKM_S_340,2024,38.10930347708227,54.01167422922155,1431.330437193043,0.6808600335005875,456.7947477753771,2405.866126610709,Turkmenistan
2279,I7eap3Qg,TKM_S_340,2025,38.10930347708227,54.01167422922155,2004.0080129195735,0.4274293534004791,1147.4361637479813,2860.5798620911655,Turkmenistan
2280,IGwDtHQp,TKM_S_225,2022,36.208879483562,61.57727549535296,,,,,Turkmenistan
2281,IGwDtHQp,TKM_S_225,2023,36.208879483562,61.57727549535296,1045.683085595833,0.5611310243858153,458.9178645925231,1632.448306599143,Turkmenistan
2282,IGwDtHQp,TKM_S_225,2024,36.208879483562,61.57727549535296,,,,,Turkmenistan
2283,IGwDtHQp,TKM_S_225,2025,36.208879483562,61.57727549535296,,,,,Turkmenistan
2284,IIww28w2,IRN_S_035,2022,31.40606556400699,48.652276248750375,,,,,Iran
2285,IIww28w2,IRN_S_035,2023,31.40606556400699,48.652276248750375,,,,,Iran
2286,IIww28w2,IRN_S_035,2024,31.40606556400699,48.652276248750375,719.1147631617085,0.6577103409639281,246.14554709042682,1192.0839792329903,Iran
2287,IIww28w2,IRN_S_035,2025,31.40606556400699,48.652276248750375,68.67949442581335,0.790777123796603,14.369321359963841,122.98966749166286,Iran
2288,IMfsJJHu,,2022,36.28539510732669,61.826177678688374,,,,,Turkmenistan
2289,IMfsJJHu,,2023,36.28539510732669,61.826177678688374,,,,,Turkmenistan
2290,IMfsJJHu,,2024,36.28539510732669,61.826177678688374,,,,,Turkmenistan
2291,IMfsJJHu,,2025,36.28539510732669,61.826177678688374,533.4421609348309,0.5830190350742003,222.43522699870954,844.4490948709522,Turkmenistan
2292,IQx6y7hZ,DZA_S_069,2022,31.794564536154898,6.218046339779226,,,,,Algeria
2293,IQx6y7hZ,DZA_S_069,2023,31.794564536154898,6.218046339779226,,,,,Algeria
2294,IQx6y7hZ,DZA_S_069,2024,31.794564536154898,6.218046339779226,290.02111469579603,0.6489352088698959,101.8162020539996,478.2260273375924,Algeria
2295,IQx6y7hZ,DZA_S_069,2025,31.794564536154898,6.218046339779226,,,,,Algeria
2296,IUfnH6Lx,IRQ_S_060,2022,34.22752348829194,41.321121338175786,,,,,Iraq
2297,IUfnH6Lx,IRQ_S_060,2023,34.22752348829194,41.321121338175786,,,,,Iraq
2298,IUfnH6Lx,IRQ_S_060,2024,34.22752348829194,41.321121338175786,,,,,Iraq
2299,IUfnH6Lx,IRQ_S_060,2025,34.22752348829194,41.321121338175786,179.76017601927012,0.7609777354919094,42.966684340498915,316.5536676980413,Iraq
2300,IUtnxH8O,USA_S_064,2022,31.82796490831874,-104.07592309883266,,,,,United States of America
2301,IUtnxH8O,USA_S_064,2023,31.82796490831874,-104.07592309883266,,,,,United States of America
2302,IUtnxH8O,USA_S_064,2024,31.82796490831874,-104.07592309883266,140.862345934105,0.8160963193652805,25.905103880123022,255.819587988087,United States of America
2303,IUtnxH8O,USA_S_064,2025,31.82796490831874,-104.07592309883266,,,,,United States of America
2304,IX12CsUi,IRQ_S_047,2022,30.213414507087396,47.816498596286976,,,,,Iraq
2305,IX12CsUi,IRQ_S_047,2023,30.213414507087396,47.816498596286976,757.0966329512386,0.6475495202831956,266.83907147564145,1247.3541944268356,Iraq
2306,IX12CsUi,IRQ_S_047,2024,30.213414507087396,47.816498596286976,,,,,Iraq
2307,IX12CsUi,IRQ_S_047,2025,30.213414507087396,47.816498596286976,,,,,Iraq
2308,IaO7wOTa,,2022,-45.84745802588953,-68.57044120096135,,,,,Argentina
2309,IaO7wOTa,,2023,-45.84745802588953,-68.57044120096135,,,,,Argentina
2310,IaO7wOTa,,2024,-45.84745802588953,-68.57044120096135,,,,,Argentina
2311,IaO7wOTa,,2025,-45.84745802588953,-68.57044120096135,314.5348561840967,0.6668724386039394,104.78022961466877,524.2894827535247,Argentina
2312,IcHCiUfE,,2022,45.57216565353352,85.12220767389499,,,,,China
2313,IcHCiUfE,,2023,45.57216565353352,85.12220767389499,,,,,China
2314,IcHCiUfE,,2024,45.57216565353352,85.12220767389499,,,,,China
2315,IcHCiUfE,,2025,45.57216565353352,85.12220767389499,135.2186065732174,0.8461891762244013,20.79808526681515,249.63912787961962,China
2316,Idl8zBCH,,2022,28.914365735175004,9.751579427993876,,,,,Algeria
2317,Idl8zBCH,,2023,28.914365735175004,9.751579427993876,,,,,Algeria
2318,Idl8zBCH,,2024,28.914365735175004,9.751579427993876,,,,,Algeria
2319,Idl8zBCH,,2025,28.914365735175004,9.751579427993876,360.17538853099586,0.7786712979083656,79.71715126891542,640.6336257930764,Algeria
2320,IhO5D08p,,2022,41.88180286473018,-75.60733844294772,,,,,United States of America
2321,IhO5D08p,,2023,41.88180286473018,-75.60733844294772,,,,,United States of America
2322,IhO5D08p,,2024,41.88180286473018,-75.60733844294772,,,,,United States of America
2323,IhO5D08p,,2025,41.88180286473018,-75.60733844294772,195.33272225393637,0.7736348116815847,44.21652845776103,346.44891605011173,United States of America
2324,IiLE2YUa,USA_S_342,2022,32.28094710682483,-101.92860312779231,,,,,United States of America
2325,IiLE2YUa,USA_S_342,2023,32.28094710682483,-101.92860312779231,419.04479188709246,0.5625781185369523,183.29936128454327,654.7902224896417,United States of America
2326,IiLE2YUa,USA_S_342,2024,32.28094710682483,-101.92860312779231,,,,,United States of America
2327,IiLE2YUa,USA_S_342,2025,32.28094710682483,-101.92860312779231,,,,,United States of America
2328,IlqSEOJ2,,2022,31.321472547368177,-103.11015066967212,,,,,United States of America
2329,IlqSEOJ2,,2023,31.321472547368177,-103.11015066967212,,,,,United States of America
2330,IlqSEOJ2,,2024,31.321472547368177,-103.11015066967212,,,,,United States of America
2331,IlqSEOJ2,,2025,31.321472547368177,-103.11015066967212,248.01312803660997,0.7530875426312681,61.23753090322532,434.7887251699946,United States of America
2332,IlyVno4J,,2022,39.46512328361881,53.73175241123723,,,,,Turkmenistan
2333,IlyVno4J,,2023,39.46512328361881,53.73175241123723,,,,,Turkmenistan
2334,IlyVno4J,,2024,39.46512328361881,53.73175241123723,,,,,Turkmenistan
2335,IlyVno4J,,2025,39.46512328361881,53.73175241123723,503.5913188227495,0.6531495452938599,174.6708779197354,832.5117597257636,Turkmenistan
2336,InmJY0Zl,DZA_S_002,2022,31.806438606410815,5.994149497196917,,,,,Algeria
2337,InmJY0Zl,DZA_S_002,2023,31.806438606410815,5.994149497196917,,,,,Algeria
2338,InmJY0Zl,DZA_S_002,2024,31.806438606410815,5.994149497196917,527.8007606413794,0.6516361313434996,183.86671485687447,871.7348064258842,Algeria
2339,InmJY0Zl,DZA_S_002,2025,31.806438606410815,5.994149497196917,122.41892675313214,0.8258494601917477,21.31932217680486,223.51853132945942,Algeria
2340,IoRVOLnO,,2022,31.795094555322613,-102.02815125185086,,,,,United States of America
2341,IoRVOLnO,,2023,31.795094555322613,-102.02815125185086,,,,,United States of America
2342,IoRVOLnO,,2024,31.795094555322613,-102.02815125185086,,,,,United States of America
2343,IoRVOLnO,,2025,31.795094555322613,-102.02815125185086,137.0860285453252,0.816293578728522,25.18358371038137,248.98847338026906,United States of America
2344,IrUN50ta,DZA_S_109,2022,31.79963476122818,5.958522385889782,,,,,Algeria
2345,IrUN50ta,DZA_S_109,2023,31.79963476122818,5.958522385889782,879.5282609485606,0.7530323748961215,217.21500581821033,1541.841516078911,Algeria
2346,IrUN50ta,DZA_S_109,2024,31.79963476122818,5.958522385889782,451.6847571100219,0.571320164657044,193.62814730484723,709.7413669151965,Algeria
2347,IrUN50ta,DZA_S_109,2025,31.79963476122818,5.958522385889782,656.2406082601473,0.5606147130135427,288.3424679925521,1024.1387485277423,Algeria
2348,IrXDem9M,,2022,31.564961157682053,-103.1805618310338,,,,,United States of America
2349,IrXDem9M,,2023,31.564961157682053,-103.1805618310338,,,,,United States of America
2350,IrXDem9M,,2024,31.564961157682053,-103.1805618310338,,,,,United States of America
2351,IrXDem9M,,2025,31.564961157682053,-103.1805618310338,213.1231123335404,0.8100246354650568,40.48814095638599,385.7580837106948,United States of America
2352,IvmhoZGZ,USA_S_826,2022,31.90239132436728,-103.35560257280976,,,,,United States of America
2353,IvmhoZGZ,USA_S_826,2023,31.90239132436728,-103.35560257280976,,,,,United States of America
2354,IvmhoZGZ,USA_S_826,2024,31.90239132436728,-103.35560257280976,,,,,United States of America
2355,IvmhoZGZ,USA_S_826,2025,31.90239132436728,-103.35560257280976,760.2935722738083,0.8929428256534649,81.39488152146703,1439.1922630261497,United States of America
2356,Iw8YtpEh,DZA_S_258,2022,31.56912706444811,6.03314891658571,,,,,Algeria
2357,Iw8YtpEh,DZA_S_258,2023,31.56912706444811,6.03314891658571,,,,,Algeria
2358,Iw8YtpEh,DZA_S_258,2024,31.56912706444811,6.03314891658571,,,,,Algeria
2359,Iw8YtpEh,DZA_S_258,2025,31.56912706444811,6.03314891658571,432.96887996541415,0.6386572217069533,156.4501780011314,709.487581929697,Algeria
2360,IzF0Xlol,,2022,38.504813803719166,54.187137443602374,,,,,Turkmenistan
2361,IzF0Xlol,,2023,38.504813803719166,54.187137443602374,,,,,Turkmenistan
2362,IzF0Xlol,,2024,38.504813803719166,54.187137443602374,,,,,Turkmenistan
2363,IzF0Xlol,,2025,38.504813803719166,54.187137443602374,281.88433274151294,0.6961771525351238,85.6429006292631,478.1257648537628,Turkmenistan
2364,J1jCcu1v,,2022,22.808263788002783,72.56539280328744,,,,,India
2365,J1jCcu1v,,2023,22.808263788002783,72.56539280328744,,,,,India
2366,J1jCcu1v,,2024,22.808263788002783,72.56539280328744,,,,,India
2367,J1jCcu1v,,2025,22.808263788002783,72.56539280328744,228.30195296031832,0.744938453919967,58.23104909514976,398.3728568254869,India
2368,J7OXhcAj,,2022,46.552355846856734,64.66887728372087,,,,,Kazakhstan
2369,J7OXhcAj,,2023,46.552355846856734,64.66887728372087,,,,,Kazakhstan
2370,J7OXhcAj,,2024,46.552355846856734,64.66887728372087,,,,,Kazakhstan
2371,J7OXhcAj,,2025,46.552355846856734,64.66887728372087,240.29172211968617,0.6728698781587474,78.60666033445733,401.976783904915,Kazakhstan
2372,J7jo5gff,IRQ_S_024,2022,30.815516525100968,47.36620127706447,,,,,Iraq
2373,J7jo5gff,IRQ_S_024,2023,30.815516525100968,47.36620127706447,50.68727420567993,0.9197996342651832,4.065137929396478,97.30941048196337,Iraq
2374,J7jo5gff,IRQ_S_024,2024,30.815516525100968,47.36620127706447,,,,,Iraq
2375,J7jo5gff,IRQ_S_024,2025,30.815516525100968,47.36620127706447,,,,,Iraq
2376,JAhxIBYK,IND_S_008,2022,27.273276430684312,95.36484348668785,,,,,India
2377,JAhxIBYK,IND_S_008,2023,27.273276430684312,95.36484348668785,,,,,India
2378,JAhxIBYK,IND_S_008,2024,27.273276430684312,95.36484348668785,229.41123176368455,0.8940236884275913,24.31215617559829,434.51030735177085,India
2379,JAhxIBYK,IND_S_008,2025,27.273276430684312,95.36484348668785,,,,,India
2380,JAwRQ8HI,AZE_S_002,2022,40.24652229520998,49.60100164378564,,,,,Azerbaijan
2381,JAwRQ8HI,AZE_S_002,2023,40.24652229520998,49.60100164378564,,,,,Azerbaijan
2382,JAwRQ8HI,AZE_S_002,2024,40.24652229520998,49.60100164378564,512.7152501409671,0.5682793443485186,221.34976395337162,804.0807363285626,Azerbaijan
2383,JAwRQ8HI,AZE_S_002,2025,40.24652229520998,49.60100164378564,,,,,Azerbaijan
2384,JCyuvryL,USA_S_412,2022,31.94971665531889,-103.0417688780938,,,,,United States of America
2385,JCyuvryL,USA_S_412,2023,31.94971665531889,-103.0417688780938,727.7618625007758,0.6240239224654525,273.62105044227843,1181.9026745592732,United States of America
2386,JCyuvryL,USA_S_412,2024,31.94971665531889,-103.0417688780938,123.13260566921554,0.950492790039592,6.095951761837981,240.1692595765931,United States of America
2387,JCyuvryL,USA_S_412,2025,31.94971665531889,-103.0417688780938,,,,,United States of America
2388,JGiLpXhL,DZA_S_244,2022,31.624561910178297,5.8257678009501275,,,,,Algeria
2389,JGiLpXhL,DZA_S_244,2023,31.624561910178297,5.8257678009501275,423.65378520440606,0.77990610360125,93.24361230971681,754.0639580990953,Algeria
2390,JGiLpXhL,DZA_S_244,2024,31.624561910178297,5.8257678009501275,,,,,Algeria
2391,JGiLpXhL,DZA_S_244,2025,31.624561910178297,5.8257678009501275,586.1021950084988,0.6088180487021448,229.2726003033806,942.931789713617,Algeria
2392,JKDMQ6Bl,TKM_S_456,2022,38.64825487037335,54.37096380365432,,,,,Turkmenistan
2393,JKDMQ6Bl,TKM_S_456,2023,38.64825487037335,54.37096380365432,,,,,Turkmenistan
2394,JKDMQ6Bl,TKM_S_456,2024,38.64825487037335,54.37096380365432,,,,,Turkmenistan
2395,JKDMQ6Bl,TKM_S_456,2025,38.64825487037335,54.37096380365432,210.23971499042167,0.6394314651946482,75.8058259919911,344.6736039888523,Turkmenistan
2396,JLfE8Emt,TKM_S_469,2022,39.51753825678461,53.77201935437964,,,,,Turkmenistan
2397,JLfE8Emt,TKM_S_469,2023,39.51753825678461,53.77201935437964,,,,,Turkmenistan
2398,JLfE8Emt,TKM_S_469,2024,39.51753825678461,53.77201935437964,,,,,Turkmenistan
2399,JLfE8Emt,TKM_S_469,2025,39.51753825678461,53.77201935437964,167.80274494055442,0.8818900017090794,19.819181918140657,315.7863079629682,Turkmenistan
2400,JPFVXNH3,,2022,32.17474125602856,-103.61618964994857,,,,,United States of America
2401,JPFVXNH3,,2023,32.17474125602856,-103.61618964994857,,,,,United States of America
2402,JPFVXNH3,,2024,32.17474125602856,-103.61618964994857,,,,,United States of America
2403,JPFVXNH3,,2025,32.17474125602856,-103.61618964994857,124.59483193584678,0.8347441835500565,20.590020677001846,228.59964319469174,United States of America
2404,JPWfq2Yf,SYR_S_035,2022,36.156825161617405,41.08956194998643,,,,,Syria
2405,JPWfq2Yf,SYR_S_035,2023,36.156825161617405,41.08956194998643,791.479106096844,0.610423165478207,308.34192474334685,1274.6162874503411,Syria
2406,JPWfq2Yf,SYR_S_035,2024,36.156825161617405,41.08956194998643,,,,,Syria
2407,JPWfq2Yf,SYR_S_035,2025,36.156825161617405,41.08956194998643,,,,,Syria
2408,JQ6Mt9Wu,,2022,27.377240101891175,95.08845633814126,,,,,India
2409,JQ6Mt9Wu,,2023,27.377240101891175,95.08845633814126,,,,,India
2410,JQ6Mt9Wu,,2024,27.377240101891175,95.08845633814126,,,,,India
2411,JQ6Mt9Wu,,2025,27.377240101891175,95.08845633814126,156.3488776159508,0.6885425052290196,48.69602973251865,264.001725499383,India
2412,JU5Nn5tQ,USA_S_211,2022,32.07476671748075,-102.22220047388244,,,,,United States of America
2413,JU5Nn5tQ,USA_S_211,2023,32.07476671748075,-102.22220047388244,,,,,United States of America
2414,JU5Nn5tQ,USA_S_211,2024,32.07476671748075,-102.22220047388244,,,,,United States of America
2415,JU5Nn5tQ,USA_S_211,2025,32.07476671748075,-102.22220047388244,1228.203259433072,0.5234993615669309,585.2396372454352,1871.1668816207086,United States of America
2416,JUDOow1V,AUS_S_020,2022,-26.195361729646866,149.79160925723187,,,,,Australia
2417,JUDOow1V,AUS_S_020,2023,-26.195361729646866,149.79160925723187,,,,,Australia
2418,JUDOow1V,AUS_S_020,2024,-26.195361729646866,149.79160925723187,,,,,Australia
2419,JUDOow1V,AUS_S_020,2025,-26.195361729646866,149.79160925723187,836.7350869683218,0.5975672170242223,336.72962966214106,1336.7405442745026,Australia
2420,JVAWsydb,KWT_S_017,2022,29.64130926823252,47.919540752817305,,,,,Kuwait
2421,JVAWsydb,KWT_S_017,2023,29.64130926823252,47.919540752817305,1003.3451404189911,0.5735512361027485,427.875294893993,1578.8149859439893,Kuwait
2422,JVAWsydb,KWT_S_017,2024,29.64130926823252,47.919540752817305,1303.4093057442817,0.64508904917619,462.594236014305,2144.2243754742585,Kuwait
2423,JVAWsydb,KWT_S_017,2025,29.64130926823252,47.919540752817305,,,,,Kuwait
2424,JVJ3Xx0n,IRN_S_122,2022,30.20568608196355,53.27236410847458,,,,,Iran
2425,JVJ3Xx0n,IRN_S_122,2023,30.20568608196355,53.27236410847458,,,,,Iran
2426,JVJ3Xx0n,IRN_S_122,2024,30.20568608196355,53.27236410847458,2577.919312364448,0.5919265355056293,1051.980464983506,4103.85815974539,Iran
2427,JVJ3Xx0n,IRN_S_122,2025,30.20568608196355,53.27236410847458,,,,,Iran
2428,JVcsIMKU,,2022,40.789804729627406,61.30995038545433,,,,,Turkmenistan
2429,JVcsIMKU,,2023,40.789804729627406,61.30995038545433,,,,,Turkmenistan
2430,JVcsIMKU,,2024,40.789804729627406,61.30995038545433,,,,,Turkmenistan
2431,JVcsIMKU,,2025,40.789804729627406,61.30995038545433,352.4481930236612,0.6026512128326947,140.04486203726006,564.8515240100623,Turkmenistan
2432,JZiDKb5u,VEN_S_113,2022,9.70364958210463,-63.44781956230464,,,,,Venezuela
2433,JZiDKb5u,VEN_S_113,2023,9.70364958210463,-63.44781956230464,,,,,Venezuela
2434,JZiDKb5u,VEN_S_113,2024,9.70364958210463,-63.44781956230464,,,,,Venezuela
2435,JZiDKb5u,VEN_S_113,2025,9.70364958210463,-63.44781956230464,47.204431955789794,0.8340450860130136,7.833807445027645,86.57505646655194,Venezuela
2436,JZlQhAzK,,2022,34.184859563178904,36.690310872170095,,,,,Syria
2437,JZlQhAzK,,2023,34.184859563178904,36.690310872170095,,,,,Syria
2438,JZlQhAzK,,2024,34.184859563178904,36.690310872170095,,,,,Syria
2439,JZlQhAzK,,2025,34.184859563178904,36.690310872170095,109.8296813499441,0.7056004941749854,32.33380391434237,187.3255587855458,Syria
2440,JbAWCdjS,USA_S_094,2022,32.44608404818787,-101.51159347858588,,,,,United States of America
2441,JbAWCdjS,USA_S_094,2023,32.44608404818787,-101.51159347858588,3038.039316075091,0.4239840419412725,1749.9591272690748,4326.119504881107,United States of America
2442,JbAWCdjS,USA_S_094,2024,32.44608404818787,-101.51159347858588,1201.9923277200023,0.4448489041982402,667.2873578790673,1736.6972975609374,United States of America
2443,JbAWCdjS,USA_S_094,2025,32.44608404818787,-101.51159347858588,,,,,United States of America
2444,Jf9I5pph,,2022,35.67473754504458,-97.58177441320107,,,,,United States of America
2445,Jf9I5pph,,2023,35.67473754504458,-97.58177441320107,,,,,United States of America
2446,Jf9I5pph,,2024,35.67473754504458,-97.58177441320107,,,,,United States of America
2447,Jf9I5pph,,2025,35.67473754504458,-97.58177441320107,288.04008058612,0.7617388677479043,68.62875573443384,507.4514054378061,United States of America
2448,Jg8kpxBg,VEN_S_063,2022,8.998874098305407,-64.14441318911565,,,,,Venezuela
2449,Jg8kpxBg,VEN_S_063,2023,8.998874098305407,-64.14441318911565,,,,,Venezuela
2450,Jg8kpxBg,VEN_S_063,2024,8.998874098305407,-64.14441318911565,508.1874870825752,0.5632118920702865,221.9702509563537,794.4047232087967,Venezuela
2451,Jg8kpxBg,VEN_S_063,2025,8.998874098305407,-64.14441318911565,292.75488465595646,0.6568345169436183,100.4633714100766,485.0463979018363,Venezuela
2452,JgZgMBHv,USA_S_037,2022,32.244031107793205,-101.90297336937408,,,,,United States of America
2453,JgZgMBHv,USA_S_037,2023,32.244031107793205,-101.90297336937408,590.7259074065518,0.5049100728920679,292.46244643867675,888.9893683744267,United States of America
2454,JgZgMBHv,USA_S_037,2024,32.244031107793205,-101.90297336937408,832.9816072831023,0.7820903525218393,181.51472839885253,1484.4484861673523,United States of America
2455,JgZgMBHv,USA_S_037,2025,32.244031107793205,-101.90297336937408,465.6581522601573,0.8159174969998791,85.71951821046116,845.5967863098534,United States of America
2456,JhuecuFP,DZA_S_354,2022,28.25038756618253,9.250421813448424,,,,,Algeria
2457,JhuecuFP,DZA_S_354,2023,28.25038756618253,9.250421813448424,,,,,Algeria
2458,JhuecuFP,DZA_S_354,2024,28.25038756618253,9.250421813448424,,,,,Algeria
2459,JhuecuFP,DZA_S_354,2025,28.25038756618253,9.250421813448424,2149.1142969944567,0.4514427649711592,1178.9121965202303,3119.316397468683,Algeria
2460,JipF5HQM,USA_S_036,2022,32.2819596737215,-101.55227762930612,,,,,United States of America
2461,JipF5HQM,USA_S_036,2023,32.2819596737215,-101.55227762930612,,,,,United States of America
2462,JipF5HQM,USA_S_036,2024,32.2819596737215,-101.55227762930612,503.3400887795892,0.7710656134186467,115.23185446655918,891.4483230926193,United States of America
2463,JipF5HQM,USA_S_036,2025,32.2819596737215,-101.55227762930612,749.883315645515,0.56373982934171,327.14422325731675,1172.6224080337133,United States of America
2464,Jj1tORfx,,2022,35.0295981659175,-97.69771383646945,,,,,United States of America
2465,Jj1tORfx,,2023,35.0295981659175,-97.69771383646945,,,,,United States of America
2466,Jj1tORfx,,2024,35.0295981659175,-97.69771383646945,,,,,United States of America
2467,Jj1tORfx,,2025,35.0295981659175,-97.69771383646945,305.97214515646766,0.7720782425982591,69.73770904004269,542.2065812728927,United States of America
2468,Jkm3Wsft,USA_S_984,2022,31.52285710998469,-102.08692534697816,,,,,United States of America
2469,Jkm3Wsft,USA_S_984,2023,31.52285710998469,-102.08692534697816,,,,,United States of America
2470,Jkm3Wsft,USA_S_984,2024,31.52285710998469,-102.08692534697816,,,,,United States of America
2471,Jkm3Wsft,USA_S_984,2025,31.52285710998469,-102.08692534697816,560.9355203431496,0.7161350171843431,159.2299518428997,962.6410888433995,United States of America
2472,Jmua9MIs,,2022,27.39376077554154,95.47269591834332,,,,,India
2473,Jmua9MIs,,2023,27.39376077554154,95.47269591834332,,,,,India
2474,Jmua9MIs,,2024,27.39376077554154,95.47269591834332,,,,,India
2475,Jmua9MIs,,2025,27.39376077554154,95.47269591834332,100.07433124637846,0.7857600916548252,21.439915553928785,178.70874693882814,India
2476,JnCeHGt7,,2022,32.07863771191225,-103.63072262390868,,,,,United States of America
2477,JnCeHGt7,,2023,32.07863771191225,-103.63072262390868,,,,,United States of America
2478,JnCeHGt7,,2024,32.07863771191225,-103.63072262390868,,,,,United States of America
2479,JnCeHGt7,,2025,32.07863771191225,-103.63072262390868,121.51415152527204,0.8269056343418236,21.033414976758493,221.9948880737856,United States of America
2480,Jp7IeBI5,USA_S_007,2022,31.274719590232387,-103.09471194863616,,,,,United States of America
2481,Jp7IeBI5,USA_S_007,2023,31.274719590232387,-103.09471194863616,,,,,United States of America
2482,Jp7IeBI5,USA_S_007,2024,31.274719590232387,-103.09471194863616,,,,,United States of America
2483,Jp7IeBI5,USA_S_007,2025,31.274719590232387,-103.09471194863616,227.94371419735776,0.6729215646694205,74.55547338311257,381.331955011603,United States of America
2484,Jq4bhJRH,DZA_S_368,2022,28.12878612590742,9.372941436048103,,,,,Algeria
2485,Jq4bhJRH,DZA_S_368,2023,28.12878612590742,9.372941436048103,,,,,Algeria
2486,Jq4bhJRH,DZA_S_368,2024,28.12878612590742,9.372941436048103,,,,,Algeria
2487,Jq4bhJRH,DZA_S_368,2025,28.12878612590742,9.372941436048103,2530.3254343277176,0.4580416093509505,1371.331100206607,3689.319768448828,Algeria
2488,Js0UewTi,USA_S_319,2022,32.322699010884605,-101.65531793758268,,,,,United States of America
2489,Js0UewTi,USA_S_319,2023,32.322699010884605,-101.65531793758268,,,,,United States of America
2490,Js0UewTi,USA_S_319,2024,32.322699010884605,-101.65531793758268,606.6263366138763,0.6508638778074256,211.79516678525607,1001.4575064424967,United States of America
2491,Js0UewTi,USA_S_319,2025,32.322699010884605,-101.65531793758268,,,,,United States of America
2492,JsE8sJQH,IRN_S_060,2022,30.3043189616292,50.68506110293891,,,,,Iran
2493,JsE8sJQH,IRN_S_060,2023,30.3043189616292,50.68506110293891,,,,,Iran
2494,JsE8sJQH,IRN_S_060,2024,30.3043189616292,50.68506110293891,,,,,Iran
2495,JsE8sJQH,IRN_S_060,2025,30.3043189616292,50.68506110293891,471.1559160920028,0.6434989575131655,167.9675752606385,774.3442569233671,Iran
2496,JwExS2rr,DZA_S_214,2022,30.22352909441852,7.1029950647526885,,,,,Algeria
2497,JwExS2rr,DZA_S_214,2023,30.22352909441852,7.1029950647526885,,,,,Algeria
2498,JwExS2rr,DZA_S_214,2024,30.22352909441852,7.1029950647526885,,,,,Algeria
2499,JwExS2rr,DZA_S_214,2025,30.22352909441852,7.1029950647526885,389.75464389582606,0.5727163539088049,166.53578532478392,612.9735024668682,Algeria
2500,JyxEcmVh,,2022,37.29806915380407,94.31295167067653,,,,,China
2501,JyxEcmVh,,2023,37.29806915380407,94.31295167067653,,,,,China
2502,JyxEcmVh,,2024,37.29806915380407,94.31295167067653,,,,,China
2503,JyxEcmVh,,2025,37.29806915380407,94.31295167067653,278.9757362141173,0.740170245181079,72.4861971409421,485.46527528729257,China
2504,K9xSZQL4,,2022,32.9287187188843,3.463333470282052,,,,,Algeria
2505,K9xSZQL4,,2023,32.9287187188843,3.463333470282052,,,,,Algeria
2506,K9xSZQL4,,2024,32.9287187188843,3.463333470282052,,,,,Algeria
2507,K9xSZQL4,,2025,32.9287187188843,3.463333470282052,152.14938448230475,0.8216047932374607,27.142720903513847,277.15604806109565,Algeria
2508,KAM6FPaZ,,2022,28.564952381445707,7.51789963784455,,,,,Algeria
2509,KAM6FPaZ,,2023,28.564952381445707,7.51789963784455,,,,,Algeria
2510,KAM6FPaZ,,2024,28.564952381445707,7.51789963784455,,,,,Algeria
2511,KAM6FPaZ,,2025,28.564952381445707,7.51789963784455,99.86463629281198,0.900154069698179,9.971077514908814,189.75819507071515,Algeria
2512,KCojPCcQ,,2022,31.608152559339487,-103.74644095603848,,,,,United States of America
2513,KCojPCcQ,,2023,31.608152559339487,-103.74644095603848,,,,,United States of America
2514,KCojPCcQ,,2024,31.608152559339487,-103.74644095603848,,,,,United States of America
2515,KCojPCcQ,,2025,31.608152559339487,-103.74644095603848,206.44915456212507,0.8161952931205644,37.9463263397987,374.95198278445145,United States of America
2516,KDt1vcpl,,2022,32.20047011402931,-103.6850068478431,,,,,United States of America
2517,KDt1vcpl,,2023,32.20047011402931,-103.6850068478431,,,,,United States of America
2518,KDt1vcpl,,2024,32.20047011402931,-103.6850068478431,,,,,United States of America
2519,KDt1vcpl,,2025,32.20047011402931,-103.6850068478431,206.6057705802407,0.7811747619827578,45.2105569229569,368.00098423752445,United States of America
2520,KEJMsMW2,MEX_S_092,2022,20.387149730427787,-97.48508641089694,,,,,Mexico
2521,KEJMsMW2,MEX_S_092,2023,20.387149730427787,-97.48508641089694,,,,,Mexico
2522,KEJMsMW2,MEX_S_092,2024,20.387149730427787,-97.48508641089694,,,,,Mexico
2523,KEJMsMW2,MEX_S_092,2025,20.387149730427787,-97.48508641089694,686.8640885952082,0.5720438236088637,293.94772905558796,1079.7804481348285,Mexico
2524,KGMexXgv,,2022,48.184323988882205,-102.83834297117328,,,,,United States of America
2525,KGMexXgv,,2023,48.184323988882205,-102.83834297117328,,,,,United States of America
2526,KGMexXgv,,2024,48.184323988882205,-102.83834297117328,,,,,United States of America
2527,KGMexXgv,,2025,48.184323988882205,-102.83834297117328,195.42156414562777,0.78807157211477,41.41538486425554,349.427743427,United States of America
2528,KGSZu2yw,DZA_S_217,2022,31.33963024100527,6.083115330920986,,,,,Algeria
2529,KGSZu2yw,DZA_S_217,2023,31.33963024100527,6.083115330920986,,,,,Algeria
2530,KGSZu2yw,DZA_S_217,2024,31.33963024100527,6.083115330920986,,,,,Algeria
2531,KGSZu2yw,DZA_S_217,2025,31.33963024100527,6.083115330920986,373.6956734920514,0.6600681416591453,127.03106474409032,620.3602822400126,Algeria
2532,KGYPkL3X,,2022,31.808556660237276,6.025302193625693,,,,,Algeria
2533,KGYPkL3X,,2023,31.808556660237276,6.025302193625693,,,,,Algeria
2534,KGYPkL3X,,2024,31.808556660237276,6.025302193625693,,,,,Algeria
2535,KGYPkL3X,,2025,31.808556660237276,6.025302193625693,148.4681774204634,0.7353869303550646,39.2866201718177,257.6497346691091,Algeria
2536,KJHDqO91,CHN_S_008,2022,45.56596017020498,85.27302536746613,,,,,China
2537,KJHDqO91,CHN_S_008,2023,45.56596017020498,85.27302536746613,,,,,China
2538,KJHDqO91,CHN_S_008,2024,45.56596017020498,85.27302536746613,708.063266129478,0.5299060669931782,332.8562455924623,1083.2702866664938,China
2539,KJHDqO91,CHN_S_008,2025,45.56596017020498,85.27302536746613,22.16661520542806,0.9151411708338164,1.8810330129099455,42.45219739794617,China
2540,KL3peqdl,CHN_S_043,2022,37.35244786878267,94.1502674521935,,,,,China
2541,KL3peqdl,CHN_S_043,2023,37.35244786878267,94.1502674521935,,,,,China
2542,KL3peqdl,CHN_S_043,2024,37.35244786878267,94.1502674521935,,,,,China
2543,KL3peqdl,CHN_S_043,2025,37.35244786878267,94.1502674521935,1425.72762944921,0.5984752743548014,572.4648952593734,2278.990363639047,China
2544,KLEAjVab,MEX_S_002,2022,20.48830591601458,-97.65926836740694,,,,,Mexico
2545,KLEAjVab,MEX_S_002,2023,20.48830591601458,-97.65926836740694,170.47458165039654,0.974906152364896,4.2778631775931615,336.6713001231999,Mexico
2546,KLEAjVab,MEX_S_002,2024,20.48830591601458,-97.65926836740694,,,,,Mexico
2547,KLEAjVab,MEX_S_002,2025,20.48830591601458,-97.65926836740694,122.78001026617952,0.8966892704204551,12.684492438383018,232.87552809397602,Mexico
2548,KOYtOlfD,JOR_S_002,2022,32.21259094268509,39.08679951518966,,,,,Jordan
2549,KOYtOlfD,JOR_S_002,2023,32.21259094268509,39.08679951518966,515.9167576298661,0.704519837287467,152.44316749059527,879.390347769137,Jordan
2550,KOYtOlfD,JOR_S_002,2024,32.21259094268509,39.08679951518966,,,,,Jordan
2551,KOYtOlfD,JOR_S_002,2025,32.21259094268509,39.08679951518966,,,,,Jordan
2552,KQe2Gu4K,UZB_S_051,2022,38.523670112536415,66.00297732568544,,,,,Uzbekistan
2553,KQe2Gu4K,UZB_S_051,2023,38.523670112536415,66.00297732568544,697.8298874359006,0.6791441485916655,223.9028026714281,1171.756972200373,Uzbekistan
2554,KQe2Gu4K,UZB_S_051,2024,38.523670112536415,66.00297732568544,,,,,Uzbekistan
2555,KQe2Gu4K,UZB_S_051,2025,38.523670112536415,66.00297732568544,,,,,Uzbekistan
2556,KRx7onAW,KAZ_S_028,2022,43.38478465663474,52.8234736883342,,,,,Kazakhstan
2557,KRx7onAW,KAZ_S_028,2023,43.38478465663474,52.8234736883342,874.080972399836,0.7552611100601876,213.92160690264768,1534.2403378970243,Kazakhstan
2558,KRx7onAW,KAZ_S_028,2024,43.38478465663474,52.8234736883342,,,,,Kazakhstan
2559,KRx7onAW,KAZ_S_028,2025,43.38478465663474,52.8234736883342,,,,,Kazakhstan
2560,KUNBXy5c,DZA_S_238,2022,28.08505849534315,9.795138958162608,,,,,Libya
2561,KUNBXy5c,DZA_S_238,2023,28.08505849534315,9.795138958162608,,,,,Libya
2562,KUNBXy5c,DZA_S_238,2024,28.08505849534315,9.795138958162608,,,,,Libya
2563,KUNBXy5c,DZA_S_238,2025,28.08505849534315,9.795138958162608,305.9359700887176,0.6995419033537668,91.92093926847505,519.9510009089602,Libya
2564,KUpzEjkD,DZA_S_223,2022,31.694442710974045,6.235363246052122,,,,,Algeria
2565,KUpzEjkD,DZA_S_223,2023,31.694442710974045,6.235363246052122,,,,,Algeria
2566,KUpzEjkD,DZA_S_223,2024,31.694442710974045,6.235363246052122,,,,,Algeria
2567,KUpzEjkD,DZA_S_223,2025,31.694442710974045,6.235363246052122,226.41822482954993,0.7734416549646391,51.29693830322708,401.5395113558728,Algeria
2568,KUyUqErp,,2022,31.917758997251156,-101.83046531026982,,,,,United States of America
2569,KUyUqErp,,2023,31.917758997251156,-101.83046531026982,,,,,United States of America
2570,KUyUqErp,,2024,31.917758997251156,-101.83046531026982,,,,,United States of America
2571,KUyUqErp,,2025,31.917758997251156,-101.83046531026982,352.75444773989824,0.652670989841599,122.52185316247224,582.9870423173243,United States of America
2572,KVbxOEvA,,2022,35.252920462593025,-119.3786727022826,,,,,United States of America
2573,KVbxOEvA,,2023,35.252920462593025,-119.3786727022826,,,,,United States of America
2574,KVbxOEvA,,2024,35.252920462593025,-119.3786727022826,,,,,United States of America
2575,KVbxOEvA,,2025,35.252920462593025,-119.3786727022826,117.33274960218282,0.7550914615184943,28.735792221087067,205.92970698327855,United States of America
2576,KX3fzDyY,TKM_S_047,2022,38.64884659444483,54.28211468792147,6449.605319977207,0.3375405369948387,4272.602076867332,8626.608563087082,Turkmenistan
2577,KX3fzDyY,TKM_S_047,2023,38.64884659444483,54.28211468792147,5924.524206322742,0.3220925569192225,4016.279056178423,7832.769356467062,Turkmenistan
2578,KX3fzDyY,TKM_S_047,2024,38.64884659444483,54.28211468792147,9121.421100590012,0.4911957163020224,4641.018129393319,13601.824071786705,Turkmenistan
2579,KX3fzDyY,TKM_S_047,2025,38.64884659444483,54.28211468792147,13966.726424412387,0.495038536042366,7052.658621967051,20880.794226857724,Turkmenistan
2580,KXmcX1CQ,,2022,31.86691070140617,-104.06178481096866,,,,,United States of America
2581,KXmcX1CQ,,2023,31.86691070140617,-104.06178481096866,,,,,United States of America
2582,KXmcX1CQ,,2024,31.86691070140617,-104.06178481096866,,,,,United States of America
2583,KXmcX1CQ,,2025,31.86691070140617,-104.06178481096866,147.99941561881414,0.8479086064832393,22.50943736113169,273.4893938764966,United States of America
2584,Kdi4t5mX,IRQ_S_063,2022,35.134398672554006,44.84897325777247,,,,,Iraq
2585,Kdi4t5mX,IRQ_S_063,2023,35.134398672554006,44.84897325777247,804.3072256788433,0.5203214410290011,385.80893098358956,1222.8055203740971,Iraq
2586,Kdi4t5mX,IRQ_S_063,2024,35.134398672554006,44.84897325777247,,,,,Iraq
2587,Kdi4t5mX,IRQ_S_063,2025,35.134398672554006,44.84897325777247,,,,,Iraq
2588,KfupUSLo,,2022,28.075135434624364,9.755732139056905,,,,,Libya
2589,KfupUSLo,,2023,28.075135434624364,9.755732139056905,,,,,Libya
2590,KfupUSLo,,2024,28.075135434624364,9.755732139056905,,,,,Libya
2591,KfupUSLo,,2025,28.075135434624364,9.755732139056905,255.80877218701144,0.739355596897375,66.67512473509899,444.94241963892387,Libya
2592,Kj16Fu7y,TKM_S_027,2022,37.71679378860745,53.92686858491563,,,,,Turkmenistan
2593,Kj16Fu7y,TKM_S_027,2023,37.71679378860745,53.92686858491563,1961.3536722340928,0.5568673776424541,869.1397961476962,3053.5675483204895,Turkmenistan
2594,Kj16Fu7y,TKM_S_027,2024,37.71679378860745,53.92686858491563,921.057588627681,0.6710212770515225,303.0083492687386,1539.1068279866233,Turkmenistan
2595,Kj16Fu7y,TKM_S_027,2025,37.71679378860745,53.92686858491563,1259.8492421581104,0.5684676406272415,543.6657159224711,1976.0327683937498,Turkmenistan
2596,Kmqb8Tvi,DZA_S_349,2022,32.51264628880729,6.71361818648818,,,,,Algeria
2597,Kmqb8Tvi,DZA_S_349,2023,32.51264628880729,6.71361818648818,,,,,Algeria
2598,Kmqb8Tvi,DZA_S_349,2024,32.51264628880729,6.71361818648818,,,,,Algeria
2599,Kmqb8Tvi,DZA_S_349,2025,32.51264628880729,6.71361818648818,1624.109806438245,0.566783436459127,703.5912691582089,2544.628343718281,Algeria
2600,KnPLvGqS,,2022,43.48098489205595,52.20682355242849,,,,,Kazakhstan
2601,KnPLvGqS,,2023,43.48098489205595,52.20682355242849,,,,,Kazakhstan
2602,KnPLvGqS,,2024,43.48098489205595,52.20682355242849,,,,,Kazakhstan
2603,KnPLvGqS,,2025,43.48098489205595,52.20682355242849,239.61485592352128,0.7909275301096188,50.09686975035842,429.13284209668416,Kazakhstan
2604,KslzLWg5,,2022,35.306452436950956,-119.64795898060468,,,,,United States of America
2605,KslzLWg5,,2023,35.306452436950956,-119.64795898060468,,,,,United States of America
2606,KslzLWg5,,2024,35.306452436950956,-119.64795898060468,,,,,United States of America
2607,KslzLWg5,,2025,35.306452436950956,-119.64795898060468,125.78813874609722,0.7946214884400895,25.834180707564954,225.7420967846295,United States of America
2608,KuiXTKYr,LBY_S_070,2022,28.837590129073124,22.02065947123164,,,,,Libya
2609,KuiXTKYr,LBY_S_070,2023,28.837590129073124,22.02065947123164,,,,,Libya
2610,KuiXTKYr,LBY_S_070,2024,28.837590129073124,22.02065947123164,998.5472361509464,0.5538917200060756,445.4601900119858,1551.634282289907,Libya
2611,KuiXTKYr,LBY_S_070,2025,28.837590129073124,22.02065947123164,,,,,Libya
2612,Kwjz3DSO,LBY_S_021,2022,28.10161716203303,19.25074001024673,,,,,Libya
2613,Kwjz3DSO,LBY_S_021,2023,28.10161716203303,19.25074001024673,262.1070761028311,0.7431158475322648,67.33115410047193,456.88299810519027,Libya
2614,Kwjz3DSO,LBY_S_021,2024,28.10161716203303,19.25074001024673,323.43174096464423,0.7779958992345996,71.80317281184378,575.0603091174447,Libya
2615,Kwjz3DSO,LBY_S_021,2025,28.10161716203303,19.25074001024673,,,,,Libya
2616,KyDWLD48,,2022,31.766948715445356,5.943525426975185,,,,,Algeria
2617,KyDWLD48,,2023,31.766948715445356,5.943525426975185,,,,,Algeria
2618,KyDWLD48,,2024,31.766948715445356,5.943525426975185,,,,,Algeria
2619,KyDWLD48,,2025,31.766948715445356,5.943525426975185,200.51376454127987,0.7337334633900503,53.39010562702953,347.6374234555302,Algeria
2620,L0QvFU4s,UZB_S_094,2022,40.235347925429025,63.58491849278032,,,,,Uzbekistan
2621,L0QvFU4s,UZB_S_094,2023,40.235347925429025,63.58491849278032,,,,,Uzbekistan
2622,L0QvFU4s,UZB_S_094,2024,40.235347925429025,63.58491849278032,738.7236621178066,0.7547760849788238,181.15270854330913,1296.294615692304,Uzbekistan
2623,L0QvFU4s,UZB_S_094,2025,40.235347925429025,63.58491849278032,1099.8737154071976,0.6280722615063328,409.07354360002637,1790.6738872143687,Uzbekistan
2624,L4CfjDtg,,2022,33.031654907121506,3.527736842053031,,,,,Algeria
2625,L4CfjDtg,,2023,33.031654907121506,3.527736842053031,,,,,Algeria
2626,L4CfjDtg,,2024,33.031654907121506,3.527736842053031,,,,,Algeria
2627,L4CfjDtg,,2025,33.031654907121506,3.527736842053031,257.18197547838355,0.6861072294428419,80.72756282027291,433.6363881364942,Algeria
2628,L4IgKn28,,2022,32.792518618030016,3.4136185835487254,,,,,Algeria
2629,L4IgKn28,,2023,32.792518618030016,3.4136185835487254,,,,,Algeria
2630,L4IgKn28,,2024,32.792518618030016,3.4136185835487254,,,,,Algeria
2631,L4IgKn28,,2025,32.792518618030016,3.4136185835487254,241.30976182139815,0.7493337177372167,60.488220869487606,422.1313027733087,Algeria
2632,L5NPF3U2,USA_S_104,2022,33.981752111570344,-96.00568744522204,,,,,United States of America
2633,L5NPF3U2,USA_S_104,2023,33.981752111570344,-96.00568744522204,,,,,United States of America
2634,L5NPF3U2,USA_S_104,2024,33.981752111570344,-96.00568744522204,2699.035106403472,0.5469690387492344,1222.7464687035274,4175.323744103417,United States of America
2635,L5NPF3U2,USA_S_104,2025,33.981752111570344,-96.00568744522204,,,,,United States of America
2636,L9Rlp5Gv,MOZ_S_004,2022,-21.31785913171489,34.867199975599206,,,,,Mozambique
2637,L9Rlp5Gv,MOZ_S_004,2023,-21.31785913171489,34.867199975599206,,,,,Mozambique
2638,L9Rlp5Gv,MOZ_S_004,2024,-21.31785913171489,34.867199975599206,,,,,Mozambique
2639,L9Rlp5Gv,MOZ_S_004,2025,-21.31785913171489,34.867199975599206,353.91047401183573,0.4930903718221635,179.40062678958154,528.4203212340899,Mozambique
2640,LAZBAw1U,,2022,54.59351457970377,86.17325664528792,,,,,Russia
2641,LAZBAw1U,,2023,54.59351457970377,86.17325664528792,,,,,Russia
2642,LAZBAw1U,,2024,54.59351457970377,86.17325664528792,,,,,Russia
2643,LAZBAw1U,,2025,54.59351457970377,86.17325664528792,211.54149775457975,0.7392429460409458,55.160937744570106,367.9220577645894,Russia
2644,LAdwzeyV,NGA_S_020,2022,5.615813328361962,6.817814948218104,,,,,Nigeria
2645,LAdwzeyV,NGA_S_020,2023,5.615813328361962,6.817814948218104,,,,,Nigeria
2646,LAdwzeyV,NGA_S_020,2024,5.615813328361962,6.817814948218104,827.9760134202581,0.613640055102494,319.89676692150766,1336.0552599190087,Nigeria
2647,LAdwzeyV,NGA_S_020,2025,5.615813328361962,6.817814948218104,,,,,Nigeria
2648,LB52xI4g,DZA_S_236,2022,30.233557591615497,7.10479613524777,,,,,Algeria
2649,LB52xI4g,DZA_S_236,2023,30.233557591615497,7.10479613524777,,,,,Algeria
2650,LB52xI4g,DZA_S_236,2024,30.233557591615497,7.10479613524777,,,,,Algeria
2651,LB52xI4g,DZA_S_236,2025,30.233557591615497,7.10479613524777,1149.5902486638336,0.5574556839179179,508.74463036956695,1790.4358669581002,Algeria
2652,LDhMiOh0,,2022,9.200358394738156,-63.68947426797846,,,,,Venezuela
2653,LDhMiOh0,,2023,9.200358394738156,-63.68947426797846,,,,,Venezuela
2654,LDhMiOh0,,2024,9.200358394738156,-63.68947426797846,,,,,Venezuela
2655,LDhMiOh0,,2025,9.200358394738156,-63.68947426797846,392.8858507219,0.659711060038039,133.6947096682086,652.0769917755914,Venezuela
2656,LDoHeuOb,TKM_S_024,2022,37.907842112973235,53.89775429427858,3356.809669595147,0.4718815084482157,1772.7932591330325,4940.826080057262,Turkmenistan
2657,LDoHeuOb,TKM_S_024,2023,37.907842112973235,53.89775429427858,3034.3911358890273,0.4969981900631859,1526.304233408406,4542.478038369649,Turkmenistan
2658,LDoHeuOb,TKM_S_024,2024,37.907842112973235,53.89775429427858,2049.9983949534753,0.4116829269621761,1206.0490554512653,2893.9477344556853,Turkmenistan
2659,LDoHeuOb,TKM_S_024,2025,37.907842112973235,53.89775429427858,7158.2196043835,0.7408559027606995,1855.0103572186254,12461.428851548375,Turkmenistan
2660,LFHWfWDI,USA_S_071,2022,31.91563563086328,-103.85817421930658,,,,,United States of America
2661,LFHWfWDI,USA_S_071,2023,31.91563563086328,-103.85817421930658,,,,,United States of America
2662,LFHWfWDI,USA_S_071,2024,31.91563563086328,-103.85817421930658,112.16924902107976,0.8609435920668531,15.597852849429998,208.74064519272952,United States of America
2663,LFHWfWDI,USA_S_071,2025,31.91563563086328,-103.85817421930658,124.31876995386094,0.734495289812483,33.00721898746845,215.63032092025344,United States of America
2664,LFfe0b5O,,2022,26.795319433816008,94.68741541800247,,,,,India
2665,LFfe0b5O,,2023,26.795319433816008,94.68741541800247,,,,,India
2666,LFfe0b5O,,2024,26.795319433816008,94.68741541800247,,,,,India
2667,LFfe0b5O,,2025,26.795319433816008,94.68741541800247,300.90880345243454,0.5809551566607034,126.09428240214064,475.7233245027285,India
2668,LHTwsY5I,USA_S_375,2022,31.482238604487296,-101.83262797170674,,,,,United States of America
2669,LHTwsY5I,USA_S_375,2023,31.482238604487296,-101.83262797170674,357.0241971921548,0.8501479214124608,53.500818055291916,660.5475763290177,United States of America
2670,LHTwsY5I,USA_S_375,2024,31.482238604487296,-101.83262797170674,491.35261482813166,0.5038035800337565,243.80740841877153,738.8978212374918,United States of America
2671,LHTwsY5I,USA_S_375,2025,31.482238604487296,-101.83262797170674,,,,,United States of America
2672,LMHUL0tD,IRQ_S_023,2022,30.830668639482543,47.32141904914877,,,,,Iraq
2673,LMHUL0tD,IRQ_S_023,2023,30.830668639482543,47.32141904914877,777.086047312133,0.8544652884333676,113.09299375802573,1441.0791008662404,Iraq
2674,LMHUL0tD,IRQ_S_023,2024,30.830668639482543,47.32141904914877,,,,,Iraq
2675,LMHUL0tD,IRQ_S_023,2025,30.830668639482543,47.32141904914877,,,,,Iraq
2676,LOXCEfPQ,TKM_S_011,2022,39.50719124334799,53.58974055547757,95.80425514384982,0.6560286616163358,32.95391786468007,158.65459242301955,Turkmenistan
2677,LOXCEfPQ,TKM_S_011,2023,39.50719124334799,53.58974055547757,2917.048835832528,0.4495962155809732,1605.5547185773398,4228.542953087715,Turkmenistan
2678,LOXCEfPQ,TKM_S_011,2024,39.50719124334799,53.58974055547757,257.26351047595386,0.622595610845285,97.092378022975,417.4346429289327,Turkmenistan
2679,LOXCEfPQ,TKM_S_011,2025,39.50719124334799,53.58974055547757,908.068135025742,0.4939496025043928,459.52824068287146,1356.6080293686125,Turkmenistan
2680,LOsqN3Pw,DZA_S_222,2022,29.623723433573257,6.9603385633771095,,,,,Algeria
2681,LOsqN3Pw,DZA_S_222,2023,29.623723433573257,6.9603385633771095,745.0816373246973,0.5079617789443867,366.60864337044774,1123.554631278947,Algeria
2682,LOsqN3Pw,DZA_S_222,2024,29.623723433573257,6.9603385633771095,904.563292832878,0.6061546423667042,356.2580535677165,1452.8685320980394,Algeria
2683,LOsqN3Pw,DZA_S_222,2025,29.623723433573257,6.9603385633771095,2505.7129618997615,0.5755965296516694,1063.433276727053,3947.99264707247,Algeria
2684,LQZ8yzTg,USA_S_623,2022,32.062230160251744,-104.17652724166032,,,,,United States of America
2685,LQZ8yzTg,USA_S_623,2023,32.062230160251744,-104.17652724166032,,,,,United States of America
2686,LQZ8yzTg,USA_S_623,2024,32.062230160251744,-104.17652724166032,,,,,United States of America
2687,LQZ8yzTg,USA_S_623,2025,32.062230160251744,-104.17652724166032,1471.285021768677,0.5097946438047053,721.2317981609162,2221.338245376438,United States of America
2688,LRl0jALN,,2022,28.113238492944305,9.779347472221488,,,,,Libya
2689,LRl0jALN,,2023,28.113238492944305,9.779347472221488,,,,,Libya
2690,LRl0jALN,,2024,28.113238492944305,9.779347472221488,,,,,Libya
2691,LRl0jALN,,2025,28.113238492944305,9.779347472221488,689.9050536131801,0.550483701440198,310.12356605789853,1069.6865411684616,Libya
2692,LYfGqIxV,CHN_S_335,2022,45.47352403490024,84.87167856703128,,,,,China
2693,LYfGqIxV,CHN_S_335,2023,45.47352403490024,84.87167856703128,,,,,China
2694,LYfGqIxV,CHN_S_335,2024,45.47352403490024,84.87167856703128,,,,,China
2695,LYfGqIxV,CHN_S_335,2025,45.47352403490024,84.87167856703128,655.5002302315551,0.8442703955776748,102.0807915527032,1208.919668910407,China
2696,LazE94yA,,2022,32.30902803136599,-104.05095972973103,,,,,United States of America
2697,LazE94yA,,2023,32.30902803136599,-104.05095972973103,,,,,United States of America
2698,LazE94yA,,2024,32.30902803136599,-104.05095972973103,,,,,United States of America
2699,LazE94yA,,2025,32.30902803136599,-104.05095972973103,329.7492952752496,0.6761069910555108,106.80349144402544,552.6950991064738,United States of America
2700,LbnZEf9L,KAZ_S_040,2022,46.55033810989145,64.67233872097641,920.4673944523244,0.5671781437134323,398.39840631811535,1442.5363825865334,Kazakhstan
2701,LbnZEf9L,KAZ_S_040,2023,46.55033810989145,64.67233872097641,,,,,Kazakhstan
2702,LbnZEf9L,KAZ_S_040,2024,46.55033810989145,64.67233872097641,,,,,Kazakhstan
2703,LbnZEf9L,KAZ_S_040,2025,46.55033810989145,64.67233872097641,,,,,Kazakhstan
2704,Ld1ajOV1,,2022,32.407898878967146,-101.84626356380925,,,,,United States of America
2705,Ld1ajOV1,,2023,32.407898878967146,-101.84626356380925,,,,,United States of America
2706,Ld1ajOV1,,2024,32.407898878967146,-101.84626356380925,,,,,United States of America
2707,Ld1ajOV1,,2025,32.407898878967146,-101.84626356380925,86.84896688380071,0.8753515826174078,10.825586273378917,162.8723474942225,United States of America
2708,LeZHhG6h,,2022,27.69512731466088,52.2530290833158,,,,,Iran
2709,LeZHhG6h,,2023,27.69512731466088,52.2530290833158,,,,,Iran
2710,LeZHhG6h,,2024,27.69512731466088,52.2530290833158,,,,,Iran
2711,LeZHhG6h,,2025,27.69512731466088,52.2530290833158,204.74744750816467,0.7387783325107745,53.48446965224545,356.01042536408386,Iran
2712,Li1zi7i6,USA_S_198,2022,32.6176342876379,-104.05892729953383,,,,,United States of America
2713,Li1zi7i6,USA_S_198,2023,32.6176342876379,-104.05892729953383,,,,,United States of America
2714,Li1zi7i6,USA_S_198,2024,32.6176342876379,-104.05892729953383,,,,,United States of America
2715,Li1zi7i6,USA_S_198,2025,32.6176342876379,-104.05892729953383,1822.792150320501,0.7696482492172835,419.88336313931995,3225.700937501682,United States of America
2716,Lj2yqgxe,USA_S_212,2022,32.26563471593275,-101.98176934264102,,,,,United States of America
2717,Lj2yqgxe,USA_S_212,2023,32.26563471593275,-101.98176934264102,,,,,United States of America
2718,Lj2yqgxe,USA_S_212,2024,32.26563471593275,-101.98176934264102,,,,,United States of America
2719,Lj2yqgxe,USA_S_212,2025,32.26563471593275,-101.98176934264102,319.12215119253216,0.7026147331525315,94.90222608932936,543.342076295735,United States of America
2720,Lj3akaGK,OMN_S_020,2022,22.877674336906743,55.37350794170216,,,,,Oman
2721,Lj3akaGK,OMN_S_020,2023,22.877674336906743,55.37350794170216,,,,,Oman
2722,Lj3akaGK,OMN_S_020,2024,22.877674336906743,55.37350794170216,,,,,Oman
2723,Lj3akaGK,OMN_S_020,2025,22.877674336906743,55.37350794170216,412.8269938678886,0.8558884460312515,59.493139606548425,766.1608481292287,Oman
2724,Lm7O0Znl,TKM_S_062,2022,38.679364614286975,63.10866316061712,,,,,Turkmenistan
2725,Lm7O0Znl,TKM_S_062,2023,38.679364614286975,63.10866316061712,773.2637808552264,0.5717029692311798,331.1865813413651,1215.3409803690877,Turkmenistan
2726,Lm7O0Znl,TKM_S_062,2024,38.679364614286975,63.10866316061712,103.6327695321844,0.678782091287373,33.28870150322592,173.97683756114287,Turkmenistan
2727,Lm7O0Znl,TKM_S_062,2025,38.679364614286975,63.10866316061712,,,,,Turkmenistan
2728,Lpdu6aZO,OMN_S_001,2022,22.33187213674936,56.46307466158423,,,,,Oman
2729,Lpdu6aZO,OMN_S_001,2023,22.33187213674936,56.46307466158423,42.27200622612523,0.8254647040689863,7.377957116274423,77.16605533597604,Oman
2730,Lpdu6aZO,OMN_S_001,2024,22.33187213674936,56.46307466158423,,,,,Oman
2731,Lpdu6aZO,OMN_S_001,2025,22.33187213674936,56.46307466158423,,,,,Oman
2732,LryRYn8l,DZA_S_003,2022,31.683520678613633,5.998465017234986,,,,,Algeria
2733,LryRYn8l,DZA_S_003,2023,31.683520678613633,5.998465017234986,,,,,Algeria
2734,LryRYn8l,DZA_S_003,2024,31.683520678613633,5.998465017234986,,,,,Algeria
2735,LryRYn8l,DZA_S_003,2025,31.683520678613633,5.998465017234986,144.10230204399556,0.8767630415539587,17.758729408974773,270.44587467901636,Algeria
2736,Lt1mfbrD,,2022,32.25100022454287,-101.72655003762938,,,,,United States of America
2737,Lt1mfbrD,,2023,32.25100022454287,-101.72655003762938,,,,,United States of America
2738,Lt1mfbrD,,2024,32.25100022454287,-101.72655003762938,,,,,United States of America
2739,Lt1mfbrD,,2025,32.25100022454287,-101.72655003762938,207.6180179387403,0.8257313080364784,36.18132041424323,379.05471546323736,United States of America
2740,LuZR0bv3,LBY_S_032,2022,29.18240913056494,21.512330952745867,,,,,Libya
2741,LuZR0bv3,LBY_S_032,2023,29.18240913056494,21.512330952745867,,,,,Libya
2742,LuZR0bv3,LBY_S_032,2024,29.18240913056494,21.512330952745867,816.7898567782576,0.6174722381009309,312.44479585524806,1321.134917701267,Libya
2743,LuZR0bv3,LBY_S_032,2025,29.18240913056494,21.512330952745867,,,,,Libya
2744,Lv48Lz12,USA_S_246,2022,31.826238587714517,-102.06718927341304,,,,,United States of America
2745,Lv48Lz12,USA_S_246,2023,31.826238587714517,-102.06718927341304,,,,,United States of America
2746,Lv48Lz12,USA_S_246,2024,31.826238587714517,-102.06718927341304,,,,,United States of America
2747,Lv48Lz12,USA_S_246,2025,31.826238587714517,-102.06718927341304,607.7896141539178,0.8540212442255188,88.72437164684095,1126.8548566609948,United States of America
2748,LvwTLjdA,,2022,17.993615815542483,-93.10135948333472,,,,,Mexico
2749,LvwTLjdA,,2023,17.993615815542483,-93.10135948333472,,,,,Mexico
2750,LvwTLjdA,,2024,17.993615815542483,-93.10135948333472,,,,,Mexico
2751,LvwTLjdA,,2025,17.993615815542483,-93.10135948333472,120.62166387229593,0.8359498682751474,19.787999847121043,221.4553278974708,Mexico
2752,Lzlykn7y,EGY_S_036,2022,28.103045538249606,33.3101519818684,,,,,
2753,Lzlykn7y,EGY_S_036,2023,28.103045538249606,33.3101519818684,345.2783397180249,0.6585404572200692,117.89858401193041,572.6580954241193,
2754,Lzlykn7y,EGY_S_036,2024,28.103045538249606,33.3101519818684,160.33077863705833,0.7320061597344373,42.96766107971311,277.6938961944036,
2755,Lzlykn7y,EGY_S_036,2025,28.103045538249606,33.3101519818684,,,,,
2756,M3IW5K1J,TKM_S_190,2022,39.46124957814672,53.77493804802812,1532.5143093011857,0.3986059965933411,921.6449157486308,2143.3837028537405,Turkmenistan
2757,M3IW5K1J,TKM_S_190,2023,39.46124957814672,53.77493804802812,3412.39070317018,0.4695656293732371,1810.0493149686915,5014.7320913716685,Turkmenistan
2758,M3IW5K1J,TKM_S_190,2024,39.46124957814672,53.77493804802812,3129.7982374415305,0.423745538161013,1803.5601989814793,4456.036275901582,Turkmenistan
2759,M3IW5K1J,TKM_S_190,2025,39.46124957814672,53.77493804802812,4111.018724747897,0.3353358416809248,2732.446800518519,5489.590648977275,Turkmenistan
2760,M7YN3R22,,2022,31.954102203712523,-103.72516246570872,,,,,United States of America
2761,M7YN3R22,,2023,31.954102203712523,-103.72516246570872,,,,,United States of America
2762,M7YN3R22,,2024,31.954102203712523,-103.72516246570872,,,,,United States of America
2763,M7YN3R22,,2025,31.954102203712523,-103.72516246570872,176.85713125535702,0.8018492769856196,35.04436842849816,318.6698940822159,United States of America
2764,M9URJNKW,,2022,35.282932913733745,-119.48196777480968,,,,,United States of America
2765,M9URJNKW,,2023,35.282932913733745,-119.48196777480968,,,,,United States of America
2766,M9URJNKW,,2024,35.282932913733745,-119.48196777480968,,,,,United States of America
2767,M9URJNKW,,2025,35.282932913733745,-119.48196777480968,92.6074741101169,0.7698640951183645,21.31230485313438,163.90264336709942,United States of America
2768,MAAeO6TH,,2022,32.259529629255944,-104.12421788746826,,,,,United States of America
2769,MAAeO6TH,,2023,32.259529629255944,-104.12421788746826,,,,,United States of America
2770,MAAeO6TH,,2024,32.259529629255944,-104.12421788746826,,,,,United States of America
2771,MAAeO6TH,,2025,32.259529629255944,-104.12421788746826,110.3683292020227,0.781651224282087,24.098789559293238,196.63786884475215,United States of America
2772,MBssjsyc,,2022,31.38501383466638,31.655144773448,,,,,Egypt
2773,MBssjsyc,,2023,31.38501383466638,31.655144773448,,,,,Egypt
2774,MBssjsyc,,2024,31.38501383466638,31.655144773448,,,,,Egypt
2775,MBssjsyc,,2025,31.38501383466638,31.655144773448,233.89339289025247,0.6751099722347791,75.98963091021585,391.7971548702891,Egypt
2776,MEctVQ8U,,2022,27.53755709925865,9.61300100801094,,,,,Algeria
2777,MEctVQ8U,,2023,27.53755709925865,9.61300100801094,,,,,Algeria
2778,MEctVQ8U,,2024,27.53755709925865,9.61300100801094,,,,,Algeria
2779,MEctVQ8U,,2025,27.53755709925865,9.61300100801094,331.97781454425734,0.7004186081218309,99.4543757538413,564.5012533346734,Algeria
2780,MIv9hWQa,UZB_S_038,2022,38.48034246497559,65.99127258055289,,,,,Uzbekistan
2781,MIv9hWQa,UZB_S_038,2023,38.48034246497559,65.99127258055289,,,,,Uzbekistan
2782,MIv9hWQa,UZB_S_038,2024,38.48034246497559,65.99127258055289,931.459247487742,0.7539975823636035,229.1412268117631,1633.777268163721,Uzbekistan
2783,MIv9hWQa,UZB_S_038,2025,38.48034246497559,65.99127258055289,,,,,Uzbekistan
2784,MMExqM7t,,2022,31.73168235356048,-102.04183463537724,,,,,United States of America
2785,MMExqM7t,,2023,31.73168235356048,-102.04183463537724,,,,,United States of America
2786,MMExqM7t,,2024,31.73168235356048,-102.04183463537724,,,,,United States of America
2787,MMExqM7t,,2025,31.73168235356048,-102.04183463537724,196.4360984746816,0.7718791188291442,44.811175877809376,348.0610210715538,United States of America
2788,MQVArbMK,IRQ_S_004,2022,30.217129159502782,47.39338197080307,503.4084591906061,0.9444324366666904,27.973181438597805,978.8437369426144,Iraq
2789,MQVArbMK,IRQ_S_004,2023,30.217129159502782,47.39338197080307,450.26483699591387,0.7890541624217698,94.9814931721283,805.5481808196994,Iraq
2790,MQVArbMK,IRQ_S_004,2024,30.217129159502782,47.39338197080307,,,,,Iraq
2791,MQVArbMK,IRQ_S_004,2025,30.217129159502782,47.39338197080307,,,,,Iraq
2792,MTg8u7hH,SYR_S_014,2022,35.04717221238521,40.69329541433312,,,,,Syria
2793,MTg8u7hH,SYR_S_014,2023,35.04717221238521,40.69329541433312,766.1690276825088,0.7094639796953768,222.59970018353886,1309.7383551814787,Syria
2794,MTg8u7hH,SYR_S_014,2024,35.04717221238521,40.69329541433312,1805.3173166136708,0.4778110882746579,942.7166848814076,2667.917948345934,Syria
2795,MTg8u7hH,SYR_S_014,2025,35.04717221238521,40.69329541433312,1814.6450307798216,0.4212027110516137,1050.3116242190217,2578.9784373406214,Syria
2796,MVSTMaua,TKM_S_001,2022,40.04893758874556,61.04493736201613,586.8450483492825,0.613387638667361,226.8815498786828,946.8085468198822,Turkmenistan
2797,MVSTMaua,TKM_S_001,2023,40.04893758874556,61.04493736201613,3641.218563388059,0.3655176244620932,2310.2890039511803,4972.148122824938,Turkmenistan
2798,MVSTMaua,TKM_S_001,2024,40.04893758874556,61.04493736201613,813.167076634011,0.6025181099275828,323.2191865651488,1303.114966702873,Turkmenistan
2799,MVSTMaua,TKM_S_001,2025,40.04893758874556,61.04493736201613,162.02079525494446,0.623762565732893,60.95828830463657,263.0833022052524,Turkmenistan
2800,MVWBK2Xg,DZA_S_113,2022,31.620703732342637,6.054451067544379,,,,,Algeria
2801,MVWBK2Xg,DZA_S_113,2023,31.620703732342637,6.054451067544379,,,,,Algeria
2802,MVWBK2Xg,DZA_S_113,2024,31.620703732342637,6.054451067544379,969.2184878768649,0.5167891543985385,468.33688509954976,1470.10009065418,Algeria
2803,MVWBK2Xg,DZA_S_113,2025,31.620703732342637,6.054451067544379,84.23042860490574,0.8686569887242843,11.0630781340125,157.39777907579898,Algeria
2804,MVuvs1ZY,,2022,31.339873554838626,-103.18389372725152,,,,,United States of America
2805,MVuvs1ZY,,2023,31.339873554838626,-103.18389372725152,,,,,United States of America
2806,MVuvs1ZY,,2024,31.339873554838626,-103.18389372725152,,,,,United States of America
2807,MVuvs1ZY,,2025,31.339873554838626,-103.18389372725152,193.8297203812863,0.7434000069684324,49.73670489914875,337.9227358634239,United States of America
2808,MWlDgTfT,CHN_S_040,2022,37.357870193985235,94.13996503430862,,,,,China
2809,MWlDgTfT,CHN_S_040,2023,37.357870193985235,94.13996503430862,,,,,China
2810,MWlDgTfT,CHN_S_040,2024,37.357870193985235,94.13996503430862,,,,,China
2811,MWlDgTfT,CHN_S_040,2025,37.357870193985235,94.13996503430862,1087.453172198283,0.5992409165467694,435.8067365884921,1739.0996078080739,China
2812,MWvPqTsm,USA_S_099,2022,31.864264618743423,-101.84576127365894,,,,,United States of America
2813,MWvPqTsm,USA_S_099,2023,31.864264618743423,-101.84576127365894,409.9368200391469,0.6348499087118462,149.68846725966995,670.1851728186239,United States of America
2814,MWvPqTsm,USA_S_099,2024,31.864264618743423,-101.84576127365894,353.24161911621337,0.500517740275031,176.43792214507306,530.0453160873537,United States of America
2815,MWvPqTsm,USA_S_099,2025,31.864264618743423,-101.84576127365894,,,,,United States of America
2816,MXTDYJEj,USA_S_236,2022,31.578960718654084,-103.79606112874976,,,,,United States of America
2817,MXTDYJEj,USA_S_236,2023,31.578960718654084,-103.79606112874976,,,,,United States of America
2818,MXTDYJEj,USA_S_236,2024,31.578960718654084,-103.79606112874976,,,,,United States of America
2819,MXTDYJEj,USA_S_236,2025,31.578960718654084,-103.79606112874976,334.640370466424,0.8802668839694727,40.067534305555,629.213206627293,United States of America
2820,MYTqwJiD,IRN_S_139,2022,30.977609399947298,49.51225387422306,,,,,Iran
2821,MYTqwJiD,IRN_S_139,2023,30.977609399947298,49.51225387422306,,,,,Iran
2822,MYTqwJiD,IRN_S_139,2024,30.977609399947298,49.51225387422306,,,,,Iran
2823,MYTqwJiD,IRN_S_139,2025,30.977609399947298,49.51225387422306,827.2903204418376,0.7821005536478016,180.26610279680915,1474.314538086866,Iran
2824,MZhCqGPH,USA_S_055,2022,32.43439891005742,-101.7122523522096,,,,,United States of America
2825,MZhCqGPH,USA_S_055,2023,32.43439891005742,-101.7122523522096,,,,,United States of America
2826,MZhCqGPH,USA_S_055,2024,32.43439891005742,-101.7122523522096,845.9295036597528,0.7359117205255237,223.40006717820188,1468.4589401413036,United States of America
2827,MZhCqGPH,USA_S_055,2025,32.43439891005742,-101.7122523522096,275.67431534754184,0.7746836932916797,62.11391858845295,489.2347121066307,United States of America
2828,McdibhsG,BHR_S_033,2022,25.96542221038817,50.54022951936297,,,,,
2829,McdibhsG,BHR_S_033,2023,25.96542221038817,50.54022951936297,,,,,
2830,McdibhsG,BHR_S_033,2024,25.96542221038817,50.54022951936297,,,,,
2831,McdibhsG,BHR_S_033,2025,25.96542221038817,50.54022951936297,797.8456728528889,0.7768743736512871,178.0198154849112,1417.6715302208668,
2832,McnZjZO4,TKM_S_350,2022,38.788279582421566,64.61703100391023,,,,,Uzbekistan
2833,McnZjZO4,TKM_S_350,2023,38.788279582421566,64.61703100391023,,,,,Uzbekistan
2834,McnZjZO4,TKM_S_350,2024,38.788279582421566,64.61703100391023,,,,,Uzbekistan
2835,McnZjZO4,TKM_S_350,2025,38.788279582421566,64.61703100391023,1249.2628666185335,0.7011579510370178,373.3322747536513,2125.1934584834157,Uzbekistan
2836,MdFOse7H,VEN_S_094,2022,9.649659831043229,-63.56696965580321,,,,,Venezuela
2837,MdFOse7H,VEN_S_094,2023,9.649659831043229,-63.56696965580321,,,,,Venezuela
2838,MdFOse7H,VEN_S_094,2024,9.649659831043229,-63.56696965580321,810.7747731719148,0.58554088658733,336.03299366619046,1285.516552677639,Venezuela
2839,MdFOse7H,VEN_S_094,2025,9.649659831043229,-63.56696965580321,93.82017556642796,0.8479263373779972,14.267577726226037,173.3727734066299,Venezuela
2840,Meg5JZtI,,2022,31.73284878013956,-101.78873065612537,,,,,United States of America
2841,Meg5JZtI,,2023,31.73284878013956,-101.78873065612537,,,,,United States of America
2842,Meg5JZtI,,2024,31.73284878013956,-101.78873065612537,,,,,United States of America
2843,Meg5JZtI,,2025,31.73284878013956,-101.78873065612537,90.84320271055566,0.8625042587951853,12.490553490107075,169.19585193100426,United States of America
2844,MfhT3Eur,USA_S_148,2022,32.280663332051425,-102.04893413514948,,,,,United States of America
2845,MfhT3Eur,USA_S_148,2023,32.280663332051425,-102.04893413514948,,,,,United States of America
2846,MfhT3Eur,USA_S_148,2024,32.280663332051425,-102.04893413514948,,,,,United States of America
2847,MfhT3Eur,USA_S_148,2025,32.280663332051425,-102.04893413514948,66.54819294290152,0.8887114452458323,7.406052214117011,125.69033367168603,United States of America
2848,MiEO8lAR,TKM_S_029,2022,39.461928396806485,53.77674322473579,1885.0186681584703,0.4267440482927382,1080.598170601139,2689.4391657158017,Turkmenistan
2849,MiEO8lAR,TKM_S_029,2023,39.461928396806485,53.77674322473579,3237.5058684162536,0.3934487125568325,1963.7133525926886,4511.298384239819,Turkmenistan
2850,MiEO8lAR,TKM_S_029,2024,39.461928396806485,53.77674322473579,2986.199004607102,0.3738387848594955,1869.841997376148,4102.556011838056,Turkmenistan
2851,MiEO8lAR,TKM_S_029,2025,39.461928396806485,53.77674322473579,4064.492851736548,0.3448466719996598,2662.8660184487926,5466.119685024303,Turkmenistan
2852,MlazgmpG,TKM_S_411,2022,38.50213276531346,54.16933518826628,,,,,Turkmenistan
2853,MlazgmpG,TKM_S_411,2023,38.50213276531346,54.16933518826628,,,,,Turkmenistan
2854,MlazgmpG,TKM_S_411,2024,38.50213276531346,54.16933518826628,,,,,Turkmenistan
2855,MlazgmpG,TKM_S_411,2025,38.50213276531346,54.16933518826628,438.2869303537008,0.6307147660617629,161.85289160773823,714.7209690996634,Turkmenistan
2856,Mu6gwvuv,DZA_S_199,2022,32.38019894273383,4.018278426936397,,,,,Algeria
2857,Mu6gwvuv,DZA_S_199,2023,32.38019894273383,4.018278426936397,,,,,Algeria
2858,Mu6gwvuv,DZA_S_199,2024,32.38019894273383,4.018278426936397,,,,,Algeria
2859,Mu6gwvuv,DZA_S_199,2025,32.38019894273383,4.018278426936397,863.835996524893,0.8238084812897607,152.2005761442939,1575.4714169054919,Algeria
2860,MwlLjlGq,,2022,27.39147293658954,95.4710244497074,,,,,India
2861,MwlLjlGq,,2023,27.39147293658954,95.4710244497074,,,,,India
2862,MwlLjlGq,,2024,27.39147293658954,95.4710244497074,,,,,India
2863,MwlLjlGq,,2025,27.39147293658954,95.4710244497074,112.467481052412,0.7586770842061663,27.140980459555806,197.7939816452682,India
2864,Mwz5bs6k,LBY_S_035,2022,29.33825121939359,21.62666786790439,,,,,Libya
2865,Mwz5bs6k,LBY_S_035,2023,29.33825121939359,21.62666786790439,471.5016390018652,0.6670277585928069,156.99695756561624,786.0063204381142,Libya
2866,Mwz5bs6k,LBY_S_035,2024,29.33825121939359,21.62666786790439,,,,,Libya
2867,Mwz5bs6k,LBY_S_035,2025,29.33825121939359,21.62666786790439,567.9137178832449,0.7919794339980393,118.13773303435045,1017.6897027321393,Libya
2868,MxMvD4AV,CHN_S_006,2022,46.681337400517926,124.93101579953982,,,,,China
2869,MxMvD4AV,CHN_S_006,2023,46.681337400517926,124.93101579953982,,,,,China
2870,MxMvD4AV,CHN_S_006,2024,46.681337400517926,124.93101579953982,89.65083271179235,0.8993364732111931,9.024569000322344,170.27709642326235,China
2871,MxMvD4AV,CHN_S_006,2025,46.681337400517926,124.93101579953982,,,,,China
2872,Mz4esZmS,TKM_S_007,2022,40.800504465092864,61.29206118969812,,,,,Turkmenistan
2873,Mz4esZmS,TKM_S_007,2023,40.800504465092864,61.29206118969812,857.9945687670345,0.6619208463700278,290.070077627872,1425.919059906197,Turkmenistan
2874,Mz4esZmS,TKM_S_007,2024,40.800504465092864,61.29206118969812,,,,,Turkmenistan
2875,Mz4esZmS,TKM_S_007,2025,40.800504465092864,61.29206118969812,,,,,Turkmenistan
2876,MzOPYihn,USA_S_018,2022,32.211618867103944,-103.69763001909767,,,,,United States of America
2877,MzOPYihn,USA_S_018,2023,32.211618867103944,-103.69763001909767,,,,,United States of America
2878,MzOPYihn,USA_S_018,2024,32.211618867103944,-103.69763001909767,71.42579029800551,0.939931471011733,4.290442155025616,138.56113844098542,United States of America
2879,MzOPYihn,USA_S_018,2025,32.211618867103944,-103.69763001909767,,,,,United States of America
2880,N1TFAyYn,CHN_S_017,2022,36.17417660226562,107.76247264070952,,,,,China
2881,N1TFAyYn,CHN_S_017,2023,36.17417660226562,107.76247264070952,1118.3765612202783,0.6178649632210952,427.37086835457615,1809.3822540859805,China
2882,N1TFAyYn,CHN_S_017,2024,36.17417660226562,107.76247264070952,,,,,China
2883,N1TFAyYn,CHN_S_017,2025,36.17417660226562,107.76247264070952,,,,,China
2884,N6O9tqku,USA_S_311,2022,32.191358416619934,-103.5245426013056,,,,,United States of America
2885,N6O9tqku,USA_S_311,2023,32.191358416619934,-103.5245426013056,79.39898150323766,0.9331016387252457,5.311661749451133,153.4863012570242,United States of America
2886,N6O9tqku,USA_S_311,2024,32.191358416619934,-103.5245426013056,,,,,United States of America
2887,N6O9tqku,USA_S_311,2025,32.191358416619934,-103.5245426013056,,,,,United States of America
2888,N8hrvL4W,VEN_S_093,2022,8.668595797293312,-62.98308251977721,,,,,Venezuela
2889,N8hrvL4W,VEN_S_093,2023,8.668595797293312,-62.98308251977721,,,,,Venezuela
2890,N8hrvL4W,VEN_S_093,2024,8.668595797293312,-62.98308251977721,,,,,Venezuela
2891,N8hrvL4W,VEN_S_093,2025,8.668595797293312,-62.98308251977721,717.6914240050337,0.4649524272848103,383.9990543724013,1051.383793637666,Venezuela
2892,NB6dur7M,,2022,36.4890876078648,61.6202231021398,,,,,Turkmenistan
2893,NB6dur7M,,2023,36.4890876078648,61.6202231021398,,,,,Turkmenistan
2894,NB6dur7M,,2024,36.4890876078648,61.6202231021398,,,,,Turkmenistan
2895,NB6dur7M,,2025,36.4890876078648,61.6202231021398,253.06105945388137,0.7342426327316209,67.25284091861027,438.86927798915247,Turkmenistan
2896,NEBMRmWf,,2022,31.916873171042596,-93.45069384576028,,,,,United States of America
2897,NEBMRmWf,,2023,31.916873171042596,-93.45069384576028,,,,,United States of America
2898,NEBMRmWf,,2024,31.916873171042596,-93.45069384576028,,,,,United States of America
2899,NEBMRmWf,,2025,31.916873171042596,-93.45069384576028,193.0839696593194,0.7291574966534489,52.2953456986196,333.8725936200192,United States of America
2900,NEOXYq0X,TKM_S_405,2022,38.47118960501278,54.10891886870682,,,,,Turkmenistan
2901,NEOXYq0X,TKM_S_405,2023,38.47118960501278,54.10891886870682,,,,,Turkmenistan
2902,NEOXYq0X,TKM_S_405,2024,38.47118960501278,54.10891886870682,,,,,Turkmenistan
2903,NEOXYq0X,TKM_S_405,2025,38.47118960501278,54.10891886870682,557.8055639814527,0.5731471234309381,238.10090955171097,877.5102184111944,Turkmenistan
2904,NEdkD5xM,DZA_S_067,2022,30.89500078504965,1.8650036671611192,,,,,Algeria
2905,NEdkD5xM,DZA_S_067,2023,30.89500078504965,1.8650036671611192,1014.55963087313,0.5929063792908056,413.0207535575263,1616.0985081887338,Algeria
2906,NEdkD5xM,DZA_S_067,2024,30.89500078504965,1.8650036671611192,,,,,Algeria
2907,NEdkD5xM,DZA_S_067,2025,30.89500078504965,1.8650036671611192,,,,,Algeria
2908,NFdl9ETo,IRN_S_123,2022,25.78466333234643,60.91542267732008,,,,,Iran
2909,NFdl9ETo,IRN_S_123,2023,25.78466333234643,60.91542267732008,461.24669551801634,0.7078386324727174,134.75846532998378,787.7349257060489,Iran
2910,NFdl9ETo,IRN_S_123,2024,25.78466333234643,60.91542267732008,1040.399185179533,0.5951854265766293,421.1687523384751,1659.6296180205911,Iran
2911,NFdl9ETo,IRN_S_123,2025,25.78466333234643,60.91542267732008,,,,,Iran
2912,NQlV513D,,2022,38.30978217795164,54.028535439223496,,,,,Turkmenistan
2913,NQlV513D,,2023,38.30978217795164,54.028535439223496,,,,,Turkmenistan
2914,NQlV513D,,2024,38.30978217795164,54.028535439223496,,,,,Turkmenistan
2915,NQlV513D,,2025,38.30978217795164,54.028535439223496,261.0492178015032,0.7271709590019896,71.22180774606485,450.87662785694147,Turkmenistan
2916,NTi6U8Tq,,2022,28.26097260406226,-99.70998383229173,,,,,United States of America
2917,NTi6U8Tq,,2023,28.26097260406226,-99.70998383229173,,,,,United States of America
2918,NTi6U8Tq,,2024,28.26097260406226,-99.70998383229173,,,,,United States of America
2919,NTi6U8Tq,,2025,28.26097260406226,-99.70998383229173,301.91680602324385,0.693304901820384,92.59640446537486,511.23720758111284,United States of America
2920,NU6Go7By,IRQ_S_006,2022,30.351623223481447,46.8340209784652,729.2306294795362,0.462935817598499,391.643651803559,1066.8176071555135,Iraq
2921,NU6Go7By,IRQ_S_006,2023,30.351623223481447,46.8340209784652,743.7344006872373,0.5860698806746741,307.8540692228179,1179.6147321516569,Iraq
2922,NU6Go7By,IRQ_S_006,2024,30.351623223481447,46.8340209784652,524.6839231037715,0.61792973467808,200.46612571040384,848.9017204971391,Iraq
2923,NU6Go7By,IRQ_S_006,2025,30.351623223481447,46.8340209784652,180.4400470759148,0.9176931540270457,14.851451162029946,346.02864298979966,Iraq
2924,NeBlxQns,IRN_S_111,2022,29.44831015860259,55.81553235449165,,,,,Iran
2925,NeBlxQns,IRN_S_111,2023,29.44831015860259,55.81553235449165,,,,,Iran
2926,NeBlxQns,IRN_S_111,2024,29.44831015860259,55.81553235449165,,,,,Iran
2927,NeBlxQns,IRN_S_111,2025,29.44831015860259,55.81553235449165,481.7342102826301,0.5362653496186862,223.39684558213378,740.0715749831264,Iran
2928,NijQBZJB,KAZ_S_062,2022,43.53093802577783,52.15923441612546,,,,,Kazakhstan
2929,NijQBZJB,KAZ_S_062,2023,43.53093802577783,52.15923441612546,,,,,Kazakhstan
2930,NijQBZJB,KAZ_S_062,2024,43.53093802577783,52.15923441612546,,,,,Kazakhstan
2931,NijQBZJB,KAZ_S_062,2025,43.53093802577783,52.15923441612546,1651.9114112843336,0.5098552254690586,809.6757462290489,2494.1470763396183,Kazakhstan
2932,NivDbnf5,TKM_S_339,2022,36.41384337621888,61.73723408882867,,,,,Turkmenistan
2933,NivDbnf5,TKM_S_339,2023,36.41384337621888,61.73723408882867,244.1505165949405,0.5735214577057478,104.12495641779887,384.1760767720822,Turkmenistan
2934,NivDbnf5,TKM_S_339,2024,36.41384337621888,61.73723408882867,,,,,Turkmenistan
2935,NivDbnf5,TKM_S_339,2025,36.41384337621888,61.73723408882867,,,,,Turkmenistan
2936,NjeOpXPm,UZB_S_058,2022,38.255753509416465,66.01263006446749,,,,,Uzbekistan
2937,NjeOpXPm,UZB_S_058,2023,38.255753509416465,66.01263006446749,,,,,Uzbekistan
2938,NjeOpXPm,UZB_S_058,2024,38.255753509416465,66.01263006446749,,,,,Uzbekistan
2939,NjeOpXPm,UZB_S_058,2025,38.255753509416465,66.01263006446749,1156.7315814817498,0.586294550384617,478.5461590012204,1834.917003962279,Uzbekistan
2940,NpP9nUF2,,2022,31.62974338708505,-103.6290434676216,,,,,United States of America
2941,NpP9nUF2,,2023,31.62974338708505,-103.6290434676216,,,,,United States of America
2942,NpP9nUF2,,2024,31.62974338708505,-103.6290434676216,,,,,United States of America
2943,NpP9nUF2,,2025,31.62974338708505,-103.6290434676216,194.19985232914203,0.7562833031493552,47.329746538541485,341.0699581197426,United States of America
2944,NpbnVuNi,YEM_S_022,2022,15.601963705345868,46.06864190524965,,,,,Yemen
2945,NpbnVuNi,YEM_S_022,2023,15.601963705345868,46.06864190524965,,,,,Yemen
2946,NpbnVuNi,YEM_S_022,2024,15.601963705345868,46.06864190524965,,,,,Yemen
2947,NpbnVuNi,YEM_S_022,2025,15.601963705345868,46.06864190524965,604.0798719259975,0.4199602363439792,350.3903461413149,857.7693977106801,Yemen
2948,Nq6ahSzk,LBY_S_020,2022,29.18975499173417,21.529148471989128,,,,,Libya
2949,Nq6ahSzk,LBY_S_020,2023,29.18975499173417,21.529148471989128,25.079320238814475,0.927275291319362,1.823886258276211,48.33475421935274,Libya
2950,Nq6ahSzk,LBY_S_020,2024,29.18975499173417,21.529148471989128,267.4772916977634,0.5494391831542959,120.51478703502096,414.43979636050585,Libya
2951,Nq6ahSzk,LBY_S_020,2025,29.18975499173417,21.529148471989128,1052.1106028824167,0.486291744098665,540.4779028220285,1563.743302942805,Libya
2952,NqxA01Kn,SYR_S_021,2022,35.37541221238657,40.37192583574546,,,,,Syria
2953,NqxA01Kn,SYR_S_021,2023,35.37541221238657,40.37192583574546,641.5007036646784,0.6971356742122511,194.28767810776935,1088.7137292215875,Syria
2954,NqxA01Kn,SYR_S_021,2024,35.37541221238657,40.37192583574546,373.5236071228744,0.5416463313122785,171.20591566624063,575.8412985795082,Syria
2955,NqxA01Kn,SYR_S_021,2025,35.37541221238657,40.37192583574546,695.6814724464383,0.54108184403495,319.2608584741702,1072.1020864187064,Syria
2956,NrD7tGOO,USA_S_054,2022,32.4035604350536,-101.70142013316836,,,,,United States of America
2957,NrD7tGOO,USA_S_054,2023,32.4035604350536,-101.70142013316836,3753.579050754544,0.4609155432673104,2023.496123379218,5483.66197812987,United States of America
2958,NrD7tGOO,USA_S_054,2024,32.4035604350536,-101.70142013316836,750.7554794743522,0.4411166552955494,419.5847334238195,1081.926225524885,United States of America
2959,NrD7tGOO,USA_S_054,2025,32.4035604350536,-101.70142013316836,227.55181894888068,0.5676886659891094,98.37323040639527,356.7304074913661,United States of America
2960,NvUiJzr0,KWT_S_010,2022,29.0421922633336,47.92169170521665,,,,,Kuwait
2961,NvUiJzr0,KWT_S_010,2023,29.0421922633336,47.92169170521665,,,,,Kuwait
2962,NvUiJzr0,KWT_S_010,2024,29.0421922633336,47.92169170521665,466.9875148137125,0.6479088661818185,164.42216356969487,769.5528660577302,Kuwait
2963,NvUiJzr0,KWT_S_010,2025,29.0421922633336,47.92169170521665,,,,,Kuwait
2964,Nx9A0op0,USA_S_390,2022,31.89570376218172,-103.7396019045258,,,,,United States of America
2965,Nx9A0op0,USA_S_390,2023,31.89570376218172,-103.7396019045258,101.0781359559464,0.9235954675338232,7.72282772026675,194.43344419162605,United States of America
2966,Nx9A0op0,USA_S_390,2024,31.89570376218172,-103.7396019045258,,,,,United States of America
2967,Nx9A0op0,USA_S_390,2025,31.89570376218172,-103.7396019045258,,,,,United States of America
2968,NyL3lJBR,IRQ_S_019,2022,30.359157437472156,47.340261368336265,,,,,Iraq
2969,NyL3lJBR,IRQ_S_019,2023,30.359157437472156,47.340261368336265,312.6617770829016,0.8368532027841388,51.00976754289496,574.3137866229083,Iraq
2970,NyL3lJBR,IRQ_S_019,2024,30.359157437472156,47.340261368336265,,,,,Iraq
2971,NyL3lJBR,IRQ_S_019,2025,30.359157437472156,47.340261368336265,,,,,Iraq
2972,O0GlpX9D,USA_S_377,2022,28.09057596307695,-99.3847862236274,,,,,United States of America
2973,O0GlpX9D,USA_S_377,2023,28.09057596307695,-99.3847862236274,,,,,United States of America
2974,O0GlpX9D,USA_S_377,2024,28.09057596307695,-99.3847862236274,1030.1652668230904,0.7300088168737914,278.1355392050925,1782.1949944410883,United States of America
2975,O0GlpX9D,USA_S_377,2025,28.09057596307695,-99.3847862236274,,,,,United States of America
2976,O0rXJcHA,,2022,27.343304530475695,95.40659484671684,,,,,India
2977,O0rXJcHA,,2023,27.343304530475695,95.40659484671684,,,,,India
2978,O0rXJcHA,,2024,27.343304530475695,95.40659484671684,,,,,India
2979,O0rXJcHA,,2025,27.343304530475695,95.40659484671684,105.68614741363956,0.7696186550197758,24.348116786932522,187.0241780403466,India
2980,O3fzrhPe,DZA_S_072,2022,31.821300286242383,6.117167807387909,,,,,Algeria
2981,O3fzrhPe,DZA_S_072,2023,31.821300286242383,6.117167807387909,,,,,Algeria
2982,O3fzrhPe,DZA_S_072,2024,31.821300286242383,6.117167807387909,101.01502820179807,0.9818664322687376,1.8317628557726806,200.19829354782348,Algeria
2983,O3fzrhPe,DZA_S_072,2025,31.821300286242383,6.117167807387909,,,,,Algeria
2984,O3kBQAJZ,CHN_S_016,2022,37.3110050546695,94.2744077284693,,,,,China
2985,O3kBQAJZ,CHN_S_016,2023,37.3110050546695,94.2744077284693,724.4688074627122,0.6766533007449466,234.2545976063128,1214.6830173191115,China
2986,O3kBQAJZ,CHN_S_016,2024,37.3110050546695,94.2744077284693,283.1387728875491,0.644981776188653,100.51942424266204,465.75812153243623,China
2987,O3kBQAJZ,CHN_S_016,2025,37.3110050546695,94.2744077284693,201.47226100145883,0.5912490342351887,82.35198125916642,320.5925407437512,China
2988,O6D66jXb,LBY_S_034,2022,30.403412622966695,19.596013646179426,,,,,Libya
2989,O6D66jXb,LBY_S_034,2023,30.403412622966695,19.596013646179426,887.0239743251072,0.5616479529690755,388.82877491091693,1385.2191737392975,Libya
2990,O6D66jXb,LBY_S_034,2024,30.403412622966695,19.596013646179426,,,,,Libya
2991,O6D66jXb,LBY_S_034,2025,30.403412622966695,19.596013646179426,,,,,Libya
2992,O8Ekdw0G,USA_S_172,2022,31.161107230569968,-101.37770019191083,,,,,United States of America
2993,O8Ekdw0G,USA_S_172,2023,31.161107230569968,-101.37770019191083,459.7537433675315,0.5904101064956628,188.3104867841276,731.1969999509354,United States of America
2994,O8Ekdw0G,USA_S_172,2024,31.161107230569968,-101.37770019191083,,,,,United States of America
2995,O8Ekdw0G,USA_S_172,2025,31.161107230569968,-101.37770019191083,,,,,United States of America
2996,O8Q4FodV,,2022,31.78637991456729,5.94378368908273,,,,,Algeria
2997,O8Q4FodV,,2023,31.78637991456729,5.94378368908273,,,,,Algeria
2998,O8Q4FodV,,2024,31.78637991456729,5.94378368908273,,,,,Algeria
2999,O8Q4FodV,,2025,31.78637991456729,5.94378368908273,286.5382687437193,0.5855139760221079,118.76610772909294,454.31042975834566,Algeria
3000,O9SgcLp7,,2022,31.89132522239123,-103.70071556725604,,,,,United States of America
3001,O9SgcLp7,,2023,31.89132522239123,-103.70071556725604,,,,,United States of America
3002,O9SgcLp7,,2024,31.89132522239123,-103.70071556725604,,,,,United States of America
3003,O9SgcLp7,,2025,31.89132522239123,-103.70071556725604,184.69039212863007,0.7418262051061987,47.68221941627269,321.69856484098744,United States of America
3004,OAEGcB6E,IRN_S_099,2022,30.70901399186704,50.1180383024299,,,,,Iran
3005,OAEGcB6E,IRN_S_099,2023,30.70901399186704,50.1180383024299,,,,,Iran
3006,OAEGcB6E,IRN_S_099,2024,30.70901399186704,50.1180383024299,,,,,Iran
3007,OAEGcB6E,IRN_S_099,2025,30.70901399186704,50.1180383024299,712.1207155676093,0.6221629855190368,269.06556512011264,1155.1758660151058,Iran
3008,OBvxgaXQ,DZA_S_237,2022,31.75054661807802,6.015244963597227,,,,,Algeria
3009,OBvxgaXQ,DZA_S_237,2023,31.75054661807802,6.015244963597227,,,,,Algeria
3010,OBvxgaXQ,DZA_S_237,2024,31.75054661807802,6.015244963597227,,,,,Algeria
3011,OBvxgaXQ,DZA_S_237,2025,31.75054661807802,6.015244963597227,409.7690064270189,0.7500974824328001,102.40230632712218,717.1357065269156,Algeria
3012,OD4cWS8d,NGA_S_011,2022,5.53060671550289,6.675931808084113,,,,,Nigeria
3013,OD4cWS8d,NGA_S_011,2023,5.53060671550289,6.675931808084113,,,,,Nigeria
3014,OD4cWS8d,NGA_S_011,2024,5.53060671550289,6.675931808084113,640.1899878961732,0.5249882779369174,304.0977485981052,976.2822271942412,Nigeria
3015,OD4cWS8d,NGA_S_011,2025,5.53060671550289,6.675931808084113,,,,,Nigeria
3016,ODVnbbgQ,TKM_S_416,2022,36.517021487777214,61.54917121358961,,,,,Turkmenistan
3017,ODVnbbgQ,TKM_S_416,2023,36.517021487777214,61.54917121358961,2062.924235249527,0.4889267340647668,1054.305426285919,3071.543044213135,Turkmenistan
3018,ODVnbbgQ,TKM_S_416,2024,36.517021487777214,61.54917121358961,,,,,Turkmenistan
3019,ODVnbbgQ,TKM_S_416,2025,36.517021487777214,61.54917121358961,,,,,Turkmenistan
3020,ODb6svTx,RUS_S_029,2022,66.82305935737595,79.59981596896135,,,,,Russia
3021,ODb6svTx,RUS_S_029,2023,66.82305935737595,79.59981596896135,,,,,Russia
3022,ODb6svTx,RUS_S_029,2024,66.82305935737595,79.59981596896135,,,,,Russia
3023,ODb6svTx,RUS_S_029,2025,66.82305935737595,79.59981596896135,2198.8046234001395,0.4971322593024805,1105.7079132044882,3291.9013335957907,Russia
3024,OEFLAJVD,DZA_S_323,2022,31.72736066202338,5.893978531390583,,,,,Algeria
3025,OEFLAJVD,DZA_S_323,2023,31.72736066202338,5.893978531390583,,,,,Algeria
3026,OEFLAJVD,DZA_S_323,2024,31.72736066202338,5.893978531390583,,,,,Algeria
3027,OEFLAJVD,DZA_S_323,2025,31.72736066202338,5.893978531390583,2065.1438764588484,0.5018714855835769,1028.7070512366195,3101.5807016810772,Algeria
3028,OLbtxX7D,IRQ_S_028,2022,30.23173389562309,47.73648257538551,,,,,Iraq
3029,OLbtxX7D,IRQ_S_028,2023,30.23173389562309,47.73648257538551,1004.4152306422236,0.6594903196535955,342.0131091210437,1666.8173521634035,Iraq
3030,OLbtxX7D,IRQ_S_028,2024,30.23173389562309,47.73648257538551,,,,,Iraq
3031,OLbtxX7D,IRQ_S_028,2025,30.23173389562309,47.73648257538551,,,,,Iraq
3032,ONhBRJo8,IRQ_S_067,2022,31.431038225934135,45.699478854599136,,,,,Iraq
3033,ONhBRJo8,IRQ_S_067,2023,31.431038225934135,45.699478854599136,,,,,Iraq
3034,ONhBRJo8,IRQ_S_067,2024,31.431038225934135,45.699478854599136,,,,,Iraq
3035,ONhBRJo8,IRQ_S_067,2025,31.431038225934135,45.699478854599136,925.9745108568824,0.5076975395868358,455.8595299747194,1396.0894917390453,Iraq
3036,OPsBHNAA,,2022,45.54249260730384,85.19529430757046,,,,,China
3037,OPsBHNAA,,2023,45.54249260730384,85.19529430757046,,,,,China
3038,OPsBHNAA,,2024,45.54249260730384,85.19529430757046,,,,,China
3039,OPsBHNAA,,2025,45.54249260730384,85.19529430757046,130.5145484220212,0.8330342868693195,21.79145465121151,239.2376421928309,China
3040,ORniRy7o,,2022,32.23686305243161,-101.84734628291925,,,,,United States of America
3041,ORniRy7o,,2023,32.23686305243161,-101.84734628291925,,,,,United States of America
3042,ORniRy7o,,2024,32.23686305243161,-101.84734628291925,,,,,United States of America
3043,ORniRy7o,,2025,32.23686305243161,-101.84734628291925,384.9144488452757,0.6945061664372629,117.58899057143134,652.2399071191201,United States of America
3044,OTCfz4fX,,2022,35.63959453198002,-98.18074593102644,,,,,United States of America
3045,OTCfz4fX,,2023,35.63959453198002,-98.18074593102644,,,,,United States of America
3046,OTCfz4fX,,2024,35.63959453198002,-98.18074593102644,,,,,United States of America
3047,OTCfz4fX,,2025,35.63959453198002,-98.18074593102644,233.09192282133563,0.8134839407863294,43.47538687917259,422.7084587634987,United States of America
3048,OXJQyQYN,USA_S_369,2022,32.27172915398051,-101.77786248716129,,,,,United States of America
3049,OXJQyQYN,USA_S_369,2023,32.27172915398051,-101.77786248716129,803.7676440939038,0.6219891931042781,303.83285570060997,1303.7024324871975,United States of America
3050,OXJQyQYN,USA_S_369,2024,32.27172915398051,-101.77786248716129,409.5670515891914,0.5328885134597854,191.31347430571998,627.8206288726628,United States of America
3051,OXJQyQYN,USA_S_369,2025,32.27172915398051,-101.77786248716129,,,,,United States of America
3052,OZGboNtY,,2022,28.392385322892345,9.729434356603347,,,,,Algeria
3053,OZGboNtY,,2023,28.392385322892345,9.729434356603347,,,,,Algeria
3054,OZGboNtY,,2024,28.392385322892345,9.729434356603347,,,,,Algeria
3055,OZGboNtY,,2025,28.392385322892345,9.729434356603347,503.43483519546265,0.6031047882643253,199.81087551001764,807.0587948809077,Algeria
3056,Obq9GA4D,IRQ_S_055,2022,33.61136027379906,42.574375184203255,,,,,Iraq
3057,Obq9GA4D,IRQ_S_055,2023,33.61136027379906,42.574375184203255,,,,,Iraq
3058,Obq9GA4D,IRQ_S_055,2024,33.61136027379906,42.574375184203255,97.53428386719044,0.7043021873185841,28.840674400976525,166.22789333340435,Iraq
3059,Obq9GA4D,IRQ_S_055,2025,33.61136027379906,42.574375184203255,,,,,Iraq
3060,OeNMbGyp,MEX_S_078,2022,20.52773931268865,-97.5978672705227,,,,,Mexico
3061,OeNMbGyp,MEX_S_078,2023,20.52773931268865,-97.5978672705227,,,,,Mexico
3062,OeNMbGyp,MEX_S_078,2024,20.52773931268865,-97.5978672705227,,,,,Mexico
3063,OeNMbGyp,MEX_S_078,2025,20.52773931268865,-97.5978672705227,183.96950533795257,0.934337997396036,12.079806138550623,355.8592045373545,Mexico
3064,OiWaJntg,DZA_S_120,2022,31.851968386403342,5.965298785045082,,,,,Algeria
3065,OiWaJntg,DZA_S_120,2023,31.851968386403342,5.965298785045082,,,,,Algeria
3066,OiWaJntg,DZA_S_120,2024,31.851968386403342,5.965298785045082,1261.956458364022,0.8214763348413181,225.28909221781464,2298.6238245102295,Algeria
3067,OiWaJntg,DZA_S_120,2025,31.851968386403342,5.965298785045082,,,,,Algeria
3068,Om37ixvQ,USA_S_102,2022,31.32553340613316,-103.00818807562236,,,,,United States of America
3069,Om37ixvQ,USA_S_102,2023,31.32553340613316,-103.00818807562236,363.6166434485113,0.6511010898612829,126.86545060748409,600.3678362895384,United States of America
3070,Om37ixvQ,USA_S_102,2024,31.32553340613316,-103.00818807562236,,,,,United States of America
3071,Om37ixvQ,USA_S_102,2025,31.32553340613316,-103.00818807562236,,,,,United States of America
3072,OmMcgZ2m,IRN_S_023,2022,35.4742432299411,51.80547356968813,,,,,Iran
3073,OmMcgZ2m,IRN_S_023,2023,35.4742432299411,51.80547356968813,,,,,Iran
3074,OmMcgZ2m,IRN_S_023,2024,35.4742432299411,51.80547356968813,798.1944066938876,0.4717212355838563,421.66915493212383,1174.7196584556514,Iran
3075,OmMcgZ2m,IRN_S_023,2025,35.4742432299411,51.80547356968813,1079.9956962489057,0.499685673647436,540.3373192324395,1619.6540732653718,Iran
3076,OozUMoGR,,2022,37.76465855498142,53.915796265490904,,,,,Turkmenistan
3077,OozUMoGR,,2023,37.76465855498142,53.915796265490904,,,,,Turkmenistan
3078,OozUMoGR,,2024,37.76465855498142,53.915796265490904,,,,,Turkmenistan
3079,OozUMoGR,,2025,37.76465855498142,53.915796265490904,141.99838743521417,0.7713831530875311,32.463223602093805,251.53355126833452,Turkmenistan
3080,OrcohHcF,USA_S_044,2022,31.846472377763103,-101.97428038290708,,,,,United States of America
3081,OrcohHcF,USA_S_044,2023,31.846472377763103,-101.97428038290708,,,,,United States of America
3082,OrcohHcF,USA_S_044,2024,31.846472377763103,-101.97428038290708,485.8577489095588,0.551483060913971,217.9154303721437,753.8000674469738,United States of America
3083,OrcohHcF,USA_S_044,2025,31.846472377763103,-101.97428038290708,624.7484834660826,0.5824891944368539,260.839242606278,988.6577243258871,United States of America
3084,Ou4pNzzw,,2022,36.43088212698978,61.80983354165698,,,,,Turkmenistan
3085,Ou4pNzzw,,2023,36.43088212698978,61.80983354165698,,,,,Turkmenistan
3086,Ou4pNzzw,,2024,36.43088212698978,61.80983354165698,,,,,Turkmenistan
3087,Ou4pNzzw,,2025,36.43088212698978,61.80983354165698,213.00532535694649,0.7775391793051522,47.38533949127941,378.62531122261356,Turkmenistan
3088,OuvOBRhS,TKM_S_250,2022,36.40256579372678,61.35320263016363,,,,,Turkmenistan
3089,OuvOBRhS,TKM_S_250,2023,36.40256579372678,61.35320263016363,1133.4970710723435,0.8450890670946054,175.5910887253491,2091.403053419338,Turkmenistan
3090,OuvOBRhS,TKM_S_250,2024,36.40256579372678,61.35320263016363,,,,,Turkmenistan
3091,OuvOBRhS,TKM_S_250,2025,36.40256579372678,61.35320263016363,,,,,Turkmenistan
3092,OyK62MfT,USA_S_083,2022,31.49445442914772,-103.1996736010004,,,,,United States of America
3093,OyK62MfT,USA_S_083,2023,31.49445442914772,-103.1996736010004,,,,,United States of America
3094,OyK62MfT,USA_S_083,2024,31.49445442914772,-103.1996736010004,69.7169626155726,0.9246690745366644,5.25184331432385,134.18208191682135,United States of America
3095,OyK62MfT,USA_S_083,2025,31.49445442914772,-103.1996736010004,213.60022622115127,0.8104145386060451,40.495497441990125,386.70495500031245,United States of America
3096,Ozf0xHaa,,2022,32.78968532074121,51.48928243081603,,,,,Iran
3097,Ozf0xHaa,,2023,32.78968532074121,51.48928243081603,,,,,Iran
3098,Ozf0xHaa,,2024,32.78968532074121,51.48928243081603,,,,,Iran
3099,Ozf0xHaa,,2025,32.78968532074121,51.48928243081603,111.28651539540392,0.8635844554938166,15.181210593859788,207.39182019694806,Iran
3100,Ozv8z1vk,,2022,28.67017855858988,9.820641237172596,,,,,Libya
3101,Ozv8z1vk,,2023,28.67017855858988,9.820641237172596,,,,,Libya
3102,Ozv8z1vk,,2024,28.67017855858988,9.820641237172596,,,,,Libya
3103,Ozv8z1vk,,2025,28.67017855858988,9.820641237172596,300.15360045547277,0.748997284777088,75.33936869825672,524.9678322126888,Libya
3104,P0ZqYfxK,EGY_S_009,2022,29.85052720014434,27.820189153205177,,,,,Egypt
3105,P0ZqYfxK,EGY_S_009,2023,29.85052720014434,27.820189153205177,1372.567477987331,0.5373851991543587,634.9700304763132,2110.1649254983486,Egypt
3106,P0ZqYfxK,EGY_S_009,2024,29.85052720014434,27.820189153205177,109.03791194249712,0.587795713650706,44.94589467727418,173.12992920772007,Egypt
3107,P0ZqYfxK,EGY_S_009,2025,29.85052720014434,27.820189153205177,,,,,Egypt
3108,P4TbMs9p,TKM_S_101,2022,40.08977361134408,61.95578777025281,,,,,Turkmenistan
3109,P4TbMs9p,TKM_S_101,2023,40.08977361134408,61.95578777025281,,,,,Turkmenistan
3110,P4TbMs9p,TKM_S_101,2024,40.08977361134408,61.95578777025281,447.82663361846016,0.6142612054279483,172.7441058292447,722.9091614076756,Turkmenistan
3111,P4TbMs9p,TKM_S_101,2025,40.08977361134408,61.95578777025281,902.1903213755886,0.5321573582365916,422.0831033257338,1382.2975394254433,Turkmenistan
3112,P7cnse9i,DZA_S_012,2022,31.77795310759025,5.994985839024547,2920.370199559805,0.3481422637160327,1903.6659073962123,3937.0744917233974,Algeria
3113,P7cnse9i,DZA_S_012,2023,31.77795310759025,5.994985839024547,2538.6626418299966,0.322508509451999,1719.9223372119304,3357.4029464480627,Algeria
3114,P7cnse9i,DZA_S_012,2024,31.77795310759025,5.994985839024547,2603.1996184214745,0.338716897431516,1721.4519202748463,3484.947316568103,Algeria
3115,P7cnse9i,DZA_S_012,2025,31.77795310759025,5.994985839024547,89.06462309340341,0.8197734838408663,16.051806733150414,162.0774394536564,Algeria
3116,PBh3To6P,,2022,32.12476842175963,-103.62210254464048,,,,,United States of America
3117,PBh3To6P,,2023,32.12476842175963,-103.62210254464048,,,,,United States of America
3118,PBh3To6P,,2024,32.12476842175963,-103.62210254464048,,,,,United States of America
3119,PBh3To6P,,2025,32.12476842175963,-103.62210254464048,210.8721510886634,0.8255085055190537,36.79539678787276,384.948905389454,United States of America
3120,PCSmtsT2,,2022,35.696594131945844,-98.24106011646327,,,,,United States of America
3121,PCSmtsT2,,2023,35.696594131945844,-98.24106011646327,,,,,United States of America
3122,PCSmtsT2,,2024,35.696594131945844,-98.24106011646327,,,,,United States of America
3123,PCSmtsT2,,2025,35.696594131945844,-98.24106011646327,310.72164624112895,0.8181252777295577,56.512413113519955,564.9308793687379,United States of America
3124,PDUfy9WC,TKM_S_317,2022,39.45414111729636,53.61459093538824,,,,,Turkmenistan
3125,PDUfy9WC,TKM_S_317,2023,39.45414111729636,53.61459093538824,742.5427725634047,0.5696317895596094,319.5668042035585,1165.5187409232508,Turkmenistan
3126,PDUfy9WC,TKM_S_317,2024,39.45414111729636,53.61459093538824,55.43936782041876,0.7100720042525974,16.073424797677056,94.80531084316047,Turkmenistan
3127,PDUfy9WC,TKM_S_317,2025,39.45414111729636,53.61459093538824,342.4929809314981,0.5544986719443366,152.5810778547254,532.4048840082708,Turkmenistan
3128,PK7qYVns,DZA_S_154,2022,29.468171596924073,6.617876770922207,,,,,Algeria
3129,PK7qYVns,DZA_S_154,2023,29.468171596924073,6.617876770922207,,,,,Algeria
3130,PK7qYVns,DZA_S_154,2024,29.468171596924073,6.617876770922207,,,,,Algeria
3131,PK7qYVns,DZA_S_154,2025,29.468171596924073,6.617876770922207,441.7153228991075,0.6690141307399157,146.2015301152599,737.2291156829551,Algeria
3132,PNFQg2tb,DZA_S_089,2022,31.62817877496872,6.143682188615247,,,,,Algeria
3133,PNFQg2tb,DZA_S_089,2023,31.62817877496872,6.143682188615247,337.14495256106494,0.6116006369632503,130.94688482577283,543.343020296357,Algeria
3134,PNFQg2tb,DZA_S_089,2024,31.62817877496872,6.143682188615247,,,,,Algeria
3135,PNFQg2tb,DZA_S_089,2025,31.62817877496872,6.143682188615247,,,,,Algeria
3136,PVmsR39c,VEN_S_023,2022,9.37216535851363,-64.52160825286637,,,,,Venezuela
3137,PVmsR39c,VEN_S_023,2023,9.37216535851363,-64.52160825286637,,,,,Venezuela
3138,PVmsR39c,VEN_S_023,2024,9.37216535851363,-64.52160825286637,,,,,Venezuela
3139,PVmsR39c,VEN_S_023,2025,9.37216535851363,-64.52160825286637,551.2982670464368,0.6618545184671065,186.41901797866706,916.1775161142065,Venezuela
3140,PWyLXy7c,USA_S_398,2022,31.29187794587113,-103.15238330897095,,,,,United States of America
3141,PWyLXy7c,USA_S_398,2023,31.29187794587113,-103.15238330897095,355.2246113702736,0.6942442615299599,108.61196337225101,601.8372593682961,United States of America
3142,PWyLXy7c,USA_S_398,2024,31.29187794587113,-103.15238330897095,,,,,United States of America
3143,PWyLXy7c,USA_S_398,2025,31.29187794587113,-103.15238330897095,,,,,United States of America
3144,PXPd9qpU,KAZ_S_097,2022,43.29763528781822,52.75585283561675,,,,,Kazakhstan
3145,PXPd9qpU,KAZ_S_097,2023,43.29763528781822,52.75585283561675,,,,,Kazakhstan
3146,PXPd9qpU,KAZ_S_097,2024,43.29763528781822,52.75585283561675,,,,,Kazakhstan
3147,PXPd9qpU,KAZ_S_097,2025,43.29763528781822,52.75585283561675,291.39760136559715,0.7225775013170028,80.8402506810759,501.95495205011844,Kazakhstan
3148,PXWg4QLm,ARG_S_007,2022,-45.789977949324154,-68.07030388253948,,,,,Argentina
3149,PXWg4QLm,ARG_S_007,2023,-45.789977949324154,-68.07030388253948,,,,,Argentina
3150,PXWg4QLm,ARG_S_007,2024,-45.789977949324154,-68.07030388253948,35.06034619091922,0.6549450834017586,12.097744830813102,58.02294755102534,Argentina
3151,PXWg4QLm,ARG_S_007,2025,-45.789977949324154,-68.07030388253948,,,,,Argentina
3152,PaSVHpLS,,2022,32.20450868762141,-103.56978556019456,,,,,United States of America
3153,PaSVHpLS,,2023,32.20450868762141,-103.56978556019456,,,,,United States of America
3154,PaSVHpLS,,2024,32.20450868762141,-103.56978556019456,,,,,United States of America
3155,PaSVHpLS,,2025,32.20450868762141,-103.56978556019456,219.12278780182868,0.8280655618784665,37.67475340033144,400.5708222033259,United States of America
3156,PaakOD6E,IRN_S_037,2022,27.73856652624912,52.20074064833368,,,,,Iran
3157,PaakOD6E,IRN_S_037,2023,27.73856652624912,52.20074064833368,,,,,Iran
3158,PaakOD6E,IRN_S_037,2024,27.73856652624912,52.20074064833368,591.7565071530224,0.7351674403339368,156.71639048838398,1026.796623817661,Iran
3159,PaakOD6E,IRN_S_037,2025,27.73856652624912,52.20074064833368,2091.8649053398412,0.577634573149375,883.5314136577042,3300.198397021978,Iran
3160,PafSkcWT,KAZ_S_006,2022,43.29928474850081,52.7794100710043,,,,,Kazakhstan
3161,PafSkcWT,KAZ_S_006,2023,43.29928474850081,52.7794100710043,,,,,Kazakhstan
3162,PafSkcWT,KAZ_S_006,2024,43.29928474850081,52.7794100710043,751.5170396513142,0.7252242903434329,206.49862788919233,1296.535451413436,Kazakhstan
3163,PafSkcWT,KAZ_S_006,2025,43.29928474850081,52.7794100710043,812.5712608852107,0.679273595238321,260.61305911637794,1364.5294626540435,Kazakhstan
3164,PfeoHrHy,IRN_S_011,2022,30.466637094047123,50.48157143334696,,,,,Iran
3165,PfeoHrHy,IRN_S_011,2023,30.466637094047123,50.48157143334696,,,,,Iran
3166,PfeoHrHy,IRN_S_011,2024,30.466637094047123,50.48157143334696,740.8040629201621,0.5744212618210247,315.2704583354208,1166.3376675049035,Iran
3167,PfeoHrHy,IRN_S_011,2025,30.466637094047123,50.48157143334696,,,,,Iran
3168,Pg2iGsYu,DZA_S_062,2022,32.84170826052586,3.242620403420822,268.27383638439454,0.6103259916511362,104.53934115903428,432.0083316097548,Algeria
3169,Pg2iGsYu,DZA_S_062,2023,32.84170826052586,3.242620403420822,516.0132477399854,0.9560782951920802,22.6641815442116,1009.3623139357593,Algeria
3170,Pg2iGsYu,DZA_S_062,2024,32.84170826052586,3.242620403420822,4.203954734213781,0.7589395449048326,1.0134072414290576,7.394502226998505,Algeria
3171,Pg2iGsYu,DZA_S_062,2025,32.84170826052586,3.242620403420822,,,,,Algeria
3172,Pj9jIjFH,,2022,31.887030874270177,-101.8492431291754,,,,,United States of America
3173,Pj9jIjFH,,2023,31.887030874270177,-101.8492431291754,,,,,United States of America
3174,Pj9jIjFH,,2024,31.887030874270177,-101.8492431291754,,,,,United States of America
3175,Pj9jIjFH,,2025,31.887030874270177,-101.8492431291754,213.1774775633505,0.7997388985517206,42.69115646080243,383.6637986658985,United States of America
3176,PjWTZsGK,,2022,31.69644390858969,-101.9954566672856,,,,,United States of America
3177,PjWTZsGK,,2023,31.69644390858969,-101.9954566672856,,,,,United States of America
3178,PjWTZsGK,,2024,31.69644390858969,-101.9954566672856,,,,,United States of America
3179,PjWTZsGK,,2025,31.69644390858969,-101.9954566672856,266.30110600172884,0.7305182425931395,71.76329004473655,460.83892195872113,United States of America
3180,PkS34M0N,SYR_S_004,2022,35.30793914281541,40.44288804511677,,,,,Syria
3181,PkS34M0N,SYR_S_004,2023,35.30793914281541,40.44288804511677,1483.20758226592,0.481294718079733,769.3476071055217,2197.0675574263187,Syria
3182,PkS34M0N,SYR_S_004,2024,35.30793914281541,40.44288804511677,2393.1814640027974,0.5486505442529018,1080.1611512817062,3706.2017767238885,Syria
3183,PkS34M0N,SYR_S_004,2025,35.30793914281541,40.44288804511677,2236.97159520529,0.4211072265677185,1294.9666908376253,3178.976499572955,Syria
3184,PlM2e7FG,EGY_S_011,2022,29.717813983573084,28.643698912542003,,,,,Egypt
3185,PlM2e7FG,EGY_S_011,2023,29.717813983573084,28.643698912542003,657.9734608302243,0.6783514835209391,211.63618755863513,1104.3107341018135,Egypt
3186,PlM2e7FG,EGY_S_011,2024,29.717813983573084,28.643698912542003,86.413226212066,0.8059422198303408,16.76915885601214,156.05729356811986,Egypt
3187,PlM2e7FG,EGY_S_011,2025,29.717813983573084,28.643698912542003,,,,,Egypt
3188,PnZ7iJBC,,2022,27.324482419284298,95.27730510790492,,,,,India
3189,PnZ7iJBC,,2023,27.324482419284298,95.27730510790492,,,,,India
3190,PnZ7iJBC,,2024,27.324482419284298,95.27730510790492,,,,,India
3191,PnZ7iJBC,,2025,27.324482419284298,95.27730510790492,141.14080218071624,0.7140622795560689,40.35747923718182,241.92412512425065,India
3192,Q0sPNMti,USA_S_205,2022,32.37298475762039,-102.01433345605936,,,,,United States of America
3193,Q0sPNMti,USA_S_205,2023,32.37298475762039,-102.01433345605936,,,,,United States of America
3194,Q0sPNMti,USA_S_205,2024,32.37298475762039,-102.01433345605936,,,,,United States of America
3195,Q0sPNMti,USA_S_205,2025,32.37298475762039,-102.01433345605936,310.74047426102663,0.821649275914094,55.420788587251934,566.0601599348013,United States of America
3196,Q7RvHOqf,TKM_S_306,2022,39.525173577449905,53.577719124010784,,,,,Turkmenistan
3197,Q7RvHOqf,TKM_S_306,2023,39.525173577449905,53.577719124010784,1279.863405798262,0.4865889709196988,657.0959882531048,1902.6308233434193,Turkmenistan
3198,Q7RvHOqf,TKM_S_306,2024,39.525173577449905,53.577719124010784,,,,,Turkmenistan
3199,Q7RvHOqf,TKM_S_306,2025,39.525173577449905,53.577719124010784,,,,,Turkmenistan
3200,QDafhbcz,KWT_S_011,2022,29.19293290396485,47.95639458651307,,,,,Kuwait
3201,QDafhbcz,KWT_S_011,2023,29.19293290396485,47.95639458651307,1472.8435216684054,0.5263151362492001,697.6636828877469,2248.023360449064,Kuwait
3202,QDafhbcz,KWT_S_011,2024,29.19293290396485,47.95639458651307,,,,,Kuwait
3203,QDafhbcz,KWT_S_011,2025,29.19293290396485,47.95639458651307,,,,,Kuwait
3204,QDbItLIA,,2022,28.05463923979888,69.36594742565313,,,,,Pakistan
3205,QDbItLIA,,2023,28.05463923979888,69.36594742565313,,,,,Pakistan
3206,QDbItLIA,,2024,28.05463923979888,69.36594742565313,,,,,Pakistan
3207,QDbItLIA,,2025,28.05463923979888,69.36594742565313,492.7777817511216,0.5656887131397373,214.01895252847527,771.5366109737679,Pakistan
3208,QEOxfEx9,DZA_S_091,2022,31.494709952453196,5.847159295923884,,,,,Algeria
3209,QEOxfEx9,DZA_S_091,2023,31.494709952453196,5.847159295923884,769.6107937337198,0.632171972294711,283.0844203597761,1256.1371671076636,Algeria
3210,QEOxfEx9,DZA_S_091,2024,31.494709952453196,5.847159295923884,,,,,Algeria
3211,QEOxfEx9,DZA_S_091,2025,31.494709952453196,5.847159295923884,,,,,Algeria
3212,QGbJY3ob,USA_S_122,2022,32.084116701971794,-104.49498964616552,,,,,United States of America
3213,QGbJY3ob,USA_S_122,2023,32.084116701971794,-104.49498964616552,1413.134106170986,0.5039946280050972,700.9221080100243,2125.3461043319476,United States of America
3214,QGbJY3ob,USA_S_122,2024,32.084116701971794,-104.49498964616552,,,,,United States of America
3215,QGbJY3ob,USA_S_122,2025,32.084116701971794,-104.49498964616552,,,,,United States of America
3216,QHKN6EYf,CHN_S_045,2022,37.40124879560575,94.4680157090637,,,,,China
3217,QHKN6EYf,CHN_S_045,2023,37.40124879560575,94.4680157090637,656.5746378832271,0.6107475784727595,255.57326770941717,1057.576008057037,China
3218,QHKN6EYf,CHN_S_045,2024,37.40124879560575,94.4680157090637,,,,,China
3219,QHKN6EYf,CHN_S_045,2025,37.40124879560575,94.4680157090637,,,,,China
3220,QNNHpYGc,,2022,27.40121806575823,95.11610745434535,,,,,India
3221,QNNHpYGc,,2023,27.40121806575823,95.11610745434535,,,,,India
3222,QNNHpYGc,,2024,27.40121806575823,95.11610745434535,,,,,India
3223,QNNHpYGc,,2025,27.40121806575823,95.11610745434535,201.8599681664122,0.6786979562584272,64.85802032147706,338.8619160113473,India
3224,QNQu1dDg,VEN_S_092,2022,8.723287898264678,-62.90635339045016,,,,,Venezuela
3225,QNQu1dDg,VEN_S_092,2023,8.723287898264678,-62.90635339045016,,,,,Venezuela
3226,QNQu1dDg,VEN_S_092,2024,8.723287898264678,-62.90635339045016,1075.4240235968966,0.5087051771465778,528.3502551653519,1622.4977920284414,Venezuela
3227,QNQu1dDg,VEN_S_092,2025,8.723287898264678,-62.90635339045016,1076.6285227106464,0.4228511689609421,621.3748933457573,1531.8821520755355,Venezuela
3228,QNj8cy8S,MEX_S_093,2022,18.06144744295208,-93.31676666601898,,,,,Mexico
3229,QNj8cy8S,MEX_S_093,2023,18.06144744295208,-93.31676666601898,,,,,Mexico
3230,QNj8cy8S,MEX_S_093,2024,18.06144744295208,-93.31676666601898,726.0947978275371,0.6405123828876493,261.02208866869535,1191.167506986379,Mexico
3231,QNj8cy8S,MEX_S_093,2025,18.06144744295208,-93.31676666601898,,,,,Mexico
3232,QP0Z3TPY,TKM_S_090,2022,38.04761709732578,55.08228651085907,,,,,Turkmenistan
3233,QP0Z3TPY,TKM_S_090,2023,38.04761709732578,55.08228651085907,,,,,Turkmenistan
3234,QP0Z3TPY,TKM_S_090,2024,38.04761709732578,55.08228651085907,611.8505207164825,0.663249116286762,206.04120355168033,1017.6598378812846,Turkmenistan
3235,QP0Z3TPY,TKM_S_090,2025,38.04761709732578,55.08228651085907,574.4193151631239,0.9011358650463062,56.789468694295465,1092.0491616319523,Turkmenistan
3236,QPBbMCxy,LBY_S_101,2022,28.454092356057103,19.522518553947688,,,,,Libya
3237,QPBbMCxy,LBY_S_101,2023,28.454092356057103,19.522518553947688,617.2002004778124,0.6432304966543877,220.19820898928145,1014.2021919663432,Libya
3238,QPBbMCxy,LBY_S_101,2024,28.454092356057103,19.522518553947688,,,,,Libya
3239,QPBbMCxy,LBY_S_101,2025,28.454092356057103,19.522518553947688,962.8101171144262,0.6273328947754422,358.8076592259507,1566.8125750029017,Libya
3240,QPTUFJQu,DZA_S_393,2022,28.190794232696888,9.804783667136828,,,,,Libya
3241,QPTUFJQu,DZA_S_393,2023,28.190794232696888,9.804783667136828,,,,,Libya
3242,QPTUFJQu,DZA_S_393,2024,28.190794232696888,9.804783667136828,343.4295054043226,0.9392344787754322,20.868672899789203,665.990337908856,Libya
3243,QPTUFJQu,DZA_S_393,2025,28.190794232696888,9.804783667136828,170.60747733581053,0.6718685318099922,55.98168202239299,285.23327264922807,Libya
3244,QPiEiJ8I,USA_S_015,2022,32.43716957051905,-101.82988390928465,2700.8592112116125,0.5895705048620317,1108.5122824963134,4293.206139926911,United States of America
3245,QPiEiJ8I,USA_S_015,2023,32.43716957051905,-101.82988390928465,2074.432285319681,0.4730417667791111,1093.13917200843,3055.7253986309315,United States of America
3246,QPiEiJ8I,USA_S_015,2024,32.43716957051905,-101.82988390928465,1384.0053300566628,0.4414965563902474,772.9717428108985,1995.0389173024273,United States of America
3247,QPiEiJ8I,USA_S_015,2025,32.43716957051905,-101.82988390928465,760.6920305476931,0.5152103956743592,368.7755885028844,1152.6084725925018,United States of America
3248,QR8Bn9GS,TKM_S_050,2022,40.30009690666055,62.31803244811036,,,,,Uzbekistan
3249,QR8Bn9GS,TKM_S_050,2023,40.30009690666055,62.31803244811036,,,,,Uzbekistan
3250,QR8Bn9GS,TKM_S_050,2024,40.30009690666055,62.31803244811036,674.4763156040927,0.6679348666233446,223.97006770046823,1124.9825635077173,Uzbekistan
3251,QR8Bn9GS,TKM_S_050,2025,40.30009690666055,62.31803244811036,1416.9343433621873,0.6368318614051459,514.5854079899674,2319.2832787344073,Uzbekistan
3252,QS6J0NQA,IRN_S_013,2022,30.834240595344152,50.69259326582938,,,,,Iran
3253,QS6J0NQA,IRN_S_013,2023,30.834240595344152,50.69259326582938,,,,,Iran
3254,QS6J0NQA,IRN_S_013,2024,30.834240595344152,50.69259326582938,1840.2575334049147,0.4989782214533032,922.0091023704878,2758.505964439342,Iran
3255,QS6J0NQA,IRN_S_013,2025,30.834240595344152,50.69259326582938,1598.310213004772,0.5931041815627007,650.3457422372709,2546.2746837722734,Iran
3256,QTEcP4rZ,TKM_S_019,2022,38.55767417609685,54.200192902486954,5265.894625304187,0.3752523874439695,3289.8550951304233,7241.93415547795,Turkmenistan
3257,QTEcP4rZ,TKM_S_019,2023,38.55767417609685,54.200192902486954,2662.203768886941,0.399778166636367,1597.912826948893,3726.494710824989,Turkmenistan
3258,QTEcP4rZ,TKM_S_019,2024,38.55767417609685,54.200192902486954,5330.141138482005,0.3679023112385767,3369.1698944066566,7291.112382557353,Turkmenistan
3259,QTEcP4rZ,TKM_S_019,2025,38.55767417609685,54.200192902486954,5404.279667058068,0.3543146228076096,3489.4643552775547,7319.094978838582,Turkmenistan
3260,QV1aicP7,SYR_S_029,2022,35.34720643896734,40.280222108024006,,,,,Syria
3261,QV1aicP7,SYR_S_029,2023,35.34720643896734,40.280222108024006,,,,,Syria
3262,QV1aicP7,SYR_S_029,2024,35.34720643896734,40.280222108024006,,,,,Syria
3263,QV1aicP7,SYR_S_029,2025,35.34720643896734,40.280222108024006,1041.9979378868452,0.4218574417896993,602.4233534597587,1481.5725223139316,Syria
3264,QYUUDQGB,BHR_S_014,2022,26.036867098567416,50.5625056713028,1291.0213950313537,0.4562158006001439,702.0370357052101,1880.0057543574972,
3265,QYUUDQGB,BHR_S_014,2023,26.036867098567416,50.5625056713028,736.6434152920303,0.5288285940769042,347.08531364713684,1126.2015169369238,
3266,QYUUDQGB,BHR_S_014,2024,26.036867098567416,50.5625056713028,746.4917989959475,0.5867903893772395,308.45758559619946,1184.5260123956955,
3267,QYUUDQGB,BHR_S_014,2025,26.036867098567416,50.5625056713028,2299.256132795558,0.515602464939651,1113.7540031985588,3484.7582623925573,
3268,QZ76Vuhw,CHN_S_693,2022,36.0208244191932,108.21636108039516,,,,,China
3269,QZ76Vuhw,CHN_S_693,2023,36.0208244191932,108.21636108039516,,,,,China
3270,QZ76Vuhw,CHN_S_693,2024,36.0208244191932,108.21636108039516,,,,,China
3271,QZ76Vuhw,CHN_S_693,2025,36.0208244191932,108.21636108039516,134.14024520240682,0.9309438271378212,9.26321196047246,259.0172784443412,China
3272,Qb0Iuu4C,BHR_S_011,2022,26.062243802486968,50.534718875357065,,,,,
3273,Qb0Iuu4C,BHR_S_011,2023,26.062243802486968,50.534718875357065,905.0021028959866,0.5879240530001545,372.9295985877153,1437.074607204258,
3274,Qb0Iuu4C,BHR_S_011,2024,26.062243802486968,50.534718875357065,,,,,
3275,Qb0Iuu4C,BHR_S_011,2025,26.062243802486968,50.534718875357065,1193.3092672293492,0.5491776063489411,537.9705402183263,1848.647994240372,
3276,QbMx3aee,DZA_S_339,2022,31.8907645889925,6.005821110713007,,,,,Algeria
3277,QbMx3aee,DZA_S_339,2023,31.8907645889925,6.005821110713007,,,,,Algeria
3278,QbMx3aee,DZA_S_339,2024,31.8907645889925,6.005821110713007,,,,,Algeria
3279,QbMx3aee,DZA_S_339,2025,31.8907645889925,6.005821110713007,440.9273033306263,0.5885884475819342,181.40258636676435,700.4520202944882,Algeria
3280,QbvxIKQ8,,2022,35.531463088392556,-119.77872287820652,,,,,United States of America
3281,QbvxIKQ8,,2023,35.531463088392556,-119.77872287820652,,,,,United States of America
3282,QbvxIKQ8,,2024,35.531463088392556,-119.77872287820652,,,,,United States of America
3283,QbvxIKQ8,,2025,35.531463088392556,-119.77872287820652,95.98744256754198,0.7906158707370128,20.098247082185765,171.8766380528982,United States of America
3284,Qc13cf2b,VEN_S_009,2022,9.652615827112834,-63.62415204654427,,,,,Venezuela
3285,Qc13cf2b,VEN_S_009,2023,9.652615827112834,-63.62415204654427,,,,,Venezuela
3286,Qc13cf2b,VEN_S_009,2024,9.652615827112834,-63.62415204654427,,,,,Venezuela
3287,Qc13cf2b,VEN_S_009,2025,9.652615827112834,-63.62415204654427,481.7363851637148,0.6065862656948755,189.5217102379088,773.9510600895208,Venezuela
3288,QgJkudb4,USA_S_332,2022,41.9695577787656,-108.29658184568346,,,,,United States of America
3289,QgJkudb4,USA_S_332,2023,41.9695577787656,-108.29658184568346,326.2259865979485,0.830555897777258,55.27706942081767,597.1749037750794,United States of America
3290,QgJkudb4,USA_S_332,2024,41.9695577787656,-108.29658184568346,,,,,United States of America
3291,QgJkudb4,USA_S_332,2025,41.9695577787656,-108.29658184568346,,,,,United States of America
3292,QkIubqVL,TKM_S_124,2022,37.91568575989422,63.24817586759819,,,,,Turkmenistan
3293,QkIubqVL,TKM_S_124,2023,37.91568575989422,63.24817586759819,342.2665923144521,0.5616202656901219,150.0427378019569,534.4904468269474,Turkmenistan
3294,QkIubqVL,TKM_S_124,2024,37.91568575989422,63.24817586759819,,,,,Turkmenistan
3295,QkIubqVL,TKM_S_124,2025,37.91568575989422,63.24817586759819,,,,,Turkmenistan
3296,QkuF63qJ,TKM_S_041,2022,36.47234211855683,61.458259503679464,,,,,Turkmenistan
3297,QkuF63qJ,TKM_S_041,2023,36.47234211855683,61.458259503679464,,,,,Turkmenistan
3298,QkuF63qJ,TKM_S_041,2024,36.47234211855683,61.458259503679464,,,,,Turkmenistan
3299,QkuF63qJ,TKM_S_041,2025,36.47234211855683,61.458259503679464,436.13208374669045,0.6218863667173957,164.90748677657416,707.3566807168067,Turkmenistan
3300,QmzDrVNF,,2022,36.735191284644394,-107.96650208654854,,,,,United States of America
3301,QmzDrVNF,,2023,36.735191284644394,-107.96650208654854,,,,,United States of America
3302,QmzDrVNF,,2024,36.735191284644394,-107.96650208654854,,,,,United States of America
3303,QmzDrVNF,,2025,36.735191284644394,-107.96650208654854,258.2314082840152,0.7209755872263305,72.05286705616504,444.4099495118653,United States of America
3304,QoLyXmQo,,2022,32.036491755952596,-103.57254419374075,,,,,United States of America
3305,QoLyXmQo,,2023,32.036491755952596,-103.57254419374075,,,,,United States of America
3306,QoLyXmQo,,2024,32.036491755952596,-103.57254419374075,,,,,United States of America
3307,QoLyXmQo,,2025,32.036491755952596,-103.57254419374075,181.0266750985286,0.8236184306419684,31.929769049544973,330.12358114751225,United States of America
3308,Qqr2xssk,,2022,37.3034955124512,94.30353930494994,,,,,China
3309,Qqr2xssk,,2023,37.3034955124512,94.30353930494994,,,,,China
3310,Qqr2xssk,,2024,37.3034955124512,94.30353930494994,,,,,China
3311,Qqr2xssk,,2025,37.3034955124512,94.30353930494994,278.76598542755806,0.735317388700591,73.78450896441905,483.7474618906971,China
3312,QrOBBfRq,IRN_S_041,2022,35.13917737364417,50.41996005791967,,,,,Iran
3313,QrOBBfRq,IRN_S_041,2023,35.13917737364417,50.41996005791967,,,,,Iran
3314,QrOBBfRq,IRN_S_041,2024,35.13917737364417,50.41996005791967,696.6450800048736,0.6011140818421717,277.88191236787776,1115.4082476418696,Iran
3315,QrOBBfRq,IRN_S_041,2025,35.13917737364417,50.41996005791967,,,,,Iran
3316,Qrhv9OAU,,2022,41.913676024720054,-110.06880976787092,,,,,United States of America
3317,Qrhv9OAU,,2023,41.913676024720054,-110.06880976787092,,,,,United States of America
3318,Qrhv9OAU,,2024,41.913676024720054,-110.06880976787092,,,,,United States of America
3319,Qrhv9OAU,,2025,41.913676024720054,-110.06880976787092,217.67366440670833,0.7546706671967857,53.40173485772854,381.9455939556881,United States of America
3320,QsOT7hni,,2022,32.330803363147666,-102.1103479660412,,,,,United States of America
3321,QsOT7hni,,2023,32.330803363147666,-102.1103479660412,,,,,United States of America
3322,QsOT7hni,,2024,32.330803363147666,-102.1103479660412,,,,,United States of America
3323,QsOT7hni,,2025,32.330803363147666,-102.1103479660412,330.7553128025255,0.7253930352827572,90.82771251280371,570.6829130922473,United States of America
3324,Qse62T7y,,2022,31.570078144477883,-103.848112863411,,,,,United States of America
3325,Qse62T7y,,2023,31.570078144477883,-103.848112863411,,,,,United States of America
3326,Qse62T7y,,2024,31.570078144477883,-103.848112863411,,,,,United States of America
3327,Qse62T7y,,2025,31.570078144477883,-103.848112863411,276.29972595346175,0.6649926022072749,92.5624522025123,460.0369997044112,United States of America
3328,QvrWgpW5,,2022,-45.7341936267701,-68.59440294673144,,,,,Argentina
3329,QvrWgpW5,,2023,-45.7341936267701,-68.59440294673144,,,,,Argentina
3330,QvrWgpW5,,2024,-45.7341936267701,-68.59440294673144,,,,,Argentina
3331,QvrWgpW5,,2025,-45.7341936267701,-68.59440294673144,196.1566949495373,0.7885299246444372,41.48127106247679,350.83211883659783,Argentina
3332,QwYC58dP,VEN_S_117,2022,8.704229830824907,-63.86497260955901,,,,,Venezuela
3333,QwYC58dP,VEN_S_117,2023,8.704229830824907,-63.86497260955901,,,,,Venezuela
3334,QwYC58dP,VEN_S_117,2024,8.704229830824907,-63.86497260955901,,,,,Venezuela
3335,QwYC58dP,VEN_S_117,2025,8.704229830824907,-63.86497260955901,309.96709943234896,0.7467027261111961,78.51382128143379,541.4203775832641,Venezuela
3336,Qy1gX0gv,,2022,35.27360254103741,-119.39331097331976,,,,,United States of America
3337,Qy1gX0gv,,2023,35.27360254103741,-119.39331097331976,,,,,United States of America
3338,Qy1gX0gv,,2024,35.27360254103741,-119.39331097331976,,,,,United States of America
3339,Qy1gX0gv,,2025,35.27360254103741,-119.39331097331976,42.06080071388922,0.8210145582896395,7.528270994466908,76.59333043331154,United States of America
3340,QysIDSQ8,USA_S_218,2022,31.76801183873656,-103.74022371655514,,,,,United States of America
3341,QysIDSQ8,USA_S_218,2023,31.76801183873656,-103.74022371655514,,,,,United States of America
3342,QysIDSQ8,USA_S_218,2024,31.76801183873656,-103.74022371655514,,,,,United States of America
3343,QysIDSQ8,USA_S_218,2025,31.76801183873656,-103.74022371655514,120.36039914777854,0.9522391887774264,5.748510302370661,234.9722879931864,United States of America
3344,QyymW12U,MMR_S_001,2022,21.652073534724757,94.61363278278132,,,,,Myanmar
3345,QyymW12U,MMR_S_001,2023,21.652073534724757,94.61363278278132,,,,,Myanmar
3346,QyymW12U,MMR_S_001,2024,21.652073534724757,94.61363278278132,,,,,Myanmar
3347,QyymW12U,MMR_S_001,2025,21.652073534724757,94.61363278278132,151.10004077024715,0.9280548770948316,10.870911004191385,291.3291705363029,Myanmar
3348,Qz7pgUlO,KWT_S_004,2022,28.949361608516035,47.95192045571656,,,,,Kuwait
3349,Qz7pgUlO,KWT_S_004,2023,28.949361608516035,47.95192045571656,,,,,Kuwait
3350,Qz7pgUlO,KWT_S_004,2024,28.949361608516035,47.95192045571656,262.3475257942516,0.5282967135359017,123.7501901128733,400.94486147563,Kuwait
3351,Qz7pgUlO,KWT_S_004,2025,28.949361608516035,47.95192045571656,,,,,Kuwait
3352,R0pei3dQ,VEN_S_100,2022,9.249515796302076,-64.06345224075841,,,,,Venezuela
3353,R0pei3dQ,VEN_S_100,2023,9.249515796302076,-64.06345224075841,,,,,Venezuela
3354,R0pei3dQ,VEN_S_100,2024,9.249515796302076,-64.06345224075841,,,,,Venezuela
3355,R0pei3dQ,VEN_S_100,2025,9.249515796302076,-64.06345224075841,904.4520351905836,0.5405292382418945,415.56926558268634,1393.334804798481,Venezuela
3356,R1xK5Dj2,,2022,22.13853236624004,56.018591005733576,,,,,Oman
3357,R1xK5Dj2,,2023,22.13853236624004,56.018591005733576,,,,,Oman
3358,R1xK5Dj2,,2024,22.13853236624004,56.018591005733576,,,,,Oman
3359,R1xK5Dj2,,2025,22.13853236624004,56.018591005733576,275.04877658793237,0.7603487346902976,65.91578733118362,484.1817658446811,Oman
3360,R7NpX3A7,,2022,48.27793865320257,57.35571992334257,,,,,Kazakhstan
3361,R7NpX3A7,,2023,48.27793865320257,57.35571992334257,,,,,Kazakhstan
3362,R7NpX3A7,,2024,48.27793865320257,57.35571992334257,,,,,Kazakhstan
3363,R7NpX3A7,,2025,48.27793865320257,57.35571992334257,323.9942927012751,0.7409747261952404,83.92271037812722,564.065875024423,Kazakhstan
3364,R9Sd8FxX,,2022,31.71272368894429,6.004701455483925,,,,,Algeria
3365,R9Sd8FxX,,2023,31.71272368894429,6.004701455483925,,,,,Algeria
3366,R9Sd8FxX,,2024,31.71272368894429,6.004701455483925,,,,,Algeria
3367,R9Sd8FxX,,2025,31.71272368894429,6.004701455483925,48.07422773201726,0.7737508504175887,10.876753141200076,85.27170232283444,Algeria
3368,RAUyg144,IRN_S_164,2022,35.54714286075045,51.42000880124177,,,,,Iran
3369,RAUyg144,IRN_S_164,2023,35.54714286075045,51.42000880124177,,,,,Iran
3370,RAUyg144,IRN_S_164,2024,35.54714286075045,51.42000880124177,,,,,Iran
3371,RAUyg144,IRN_S_164,2025,35.54714286075045,51.42000880124177,490.53284680261993,0.8586928785211152,69.31578457252101,911.7499090327188,Iran
3372,RBLUZfCm,TKM_S_375,2022,38.413455137008285,54.089622503573544,,,,,Turkmenistan
3373,RBLUZfCm,TKM_S_375,2023,38.413455137008285,54.089622503573544,338.35853488801894,0.838725526197133,54.568594670774246,622.1484751052636,Turkmenistan
3374,RBLUZfCm,TKM_S_375,2024,38.413455137008285,54.089622503573544,,,,,Turkmenistan
3375,RBLUZfCm,TKM_S_375,2025,38.413455137008285,54.089622503573544,973.3349268785628,0.4541757320543261,531.2698239294475,1415.400029827678,Turkmenistan
3376,REZ9fSOi,IRQ_S_003,2022,30.279885226873887,47.36186016327023,,,,,Iraq
3377,REZ9fSOi,IRQ_S_003,2023,30.279885226873887,47.36186016327023,1129.1556634496424,0.4984951519678323,566.2770394029744,1692.0342874963103,Iraq
3378,REZ9fSOi,IRQ_S_003,2024,30.279885226873887,47.36186016327023,396.2583479369728,0.8105537099234885,75.06967392850697,717.4470219454387,Iraq
3379,REZ9fSOi,IRQ_S_003,2025,30.279885226873887,47.36186016327023,279.90322006111785,0.9492132499668928,14.215374870705773,545.5910652515299,Iraq
3380,RFMM0DwR,,2022,40.95326050694456,61.38342556823893,,,,,Turkmenistan
3381,RFMM0DwR,,2023,40.95326050694456,61.38342556823893,,,,,Turkmenistan
3382,RFMM0DwR,,2024,40.95326050694456,61.38342556823893,,,,,Turkmenistan
3383,RFMM0DwR,,2025,40.95326050694456,61.38342556823893,70.40857849068588,0.7848525644523219,15.148225102828476,125.66893187854329,Turkmenistan
3384,RHkVl8hK,,2022,38.425826332241584,54.02519313582737,,,,,Turkmenistan
3385,RHkVl8hK,,2023,38.425826332241584,54.02519313582737,,,,,Turkmenistan
3386,RHkVl8hK,,2024,38.425826332241584,54.02519313582737,,,,,Turkmenistan
3387,RHkVl8hK,,2025,38.425826332241584,54.02519313582737,595.1148944069199,0.5522577699011382,266.45806998680297,923.7717188270369,Turkmenistan
3388,RLWoDP3c,,2022,32.3665999986257,-101.9044405603729,,,,,United States of America
3389,RLWoDP3c,,2023,32.3665999986257,-101.9044405603729,,,,,United States of America
3390,RLWoDP3c,,2024,32.3665999986257,-101.9044405603729,,,,,United States of America
3391,RLWoDP3c,,2025,32.3665999986257,-101.9044405603729,186.1024551617557,0.8195598894657267,33.58034758008685,338.6245627434246,United States of America
3392,RNWbDI6Z,CHN_S_250,2022,35.88137104132718,108.17728051870589,,,,,China
3393,RNWbDI6Z,CHN_S_250,2023,35.88137104132718,108.17728051870589,,,,,China
3394,RNWbDI6Z,CHN_S_250,2024,35.88137104132718,108.17728051870589,,,,,China
3395,RNWbDI6Z,CHN_S_250,2025,35.88137104132718,108.17728051870589,884.8761757382292,0.6166599121349662,339.20851095716785,1430.5438405192906,China
3396,RPIosuSf,TKM_S_341,2022,40.21460475606363,62.36183019435411,,,,,Uzbekistan
3397,RPIosuSf,TKM_S_341,2023,40.21460475606363,62.36183019435411,328.4102005525831,0.7540533221995833,80.77139778167637,576.0490033234898,Uzbekistan
3398,RPIosuSf,TKM_S_341,2024,40.21460475606363,62.36183019435411,1031.4822320047326,0.5597071358325193,454.15426626722956,1608.8101977422357,Uzbekistan
3399,RPIosuSf,TKM_S_341,2025,40.21460475606363,62.36183019435411,1437.2986873474338,0.8583750136679281,203.55740695068516,2671.0399677441824,Uzbekistan
3400,RSPpJh7n,CHN_S_042,2022,37.36979930943092,94.13725387170732,,,,,China
3401,RSPpJh7n,CHN_S_042,2023,37.36979930943092,94.13725387170732,1228.631244069772,0.5286164266140514,579.1565862032327,1878.1059019363115,China
3402,RSPpJh7n,CHN_S_042,2024,37.36979930943092,94.13725387170732,,,,,China
3403,RSPpJh7n,CHN_S_042,2025,37.36979930943092,94.13725387170732,,,,,China
3404,RUeknnQA,,2022,45.644734433388976,85.3067498907884,,,,,China
3405,RUeknnQA,,2023,45.644734433388976,85.3067498907884,,,,,China
3406,RUeknnQA,,2024,45.644734433388976,85.3067498907884,,,,,China
3407,RUeknnQA,,2025,45.644734433388976,85.3067498907884,96.59183541192694,0.8490755650130168,14.57806818390074,178.60560263995313,China
3408,RV5jWEjG,USA_S_340,2022,31.275870315447463,-101.69362900437224,,,,,United States of America
3409,RV5jWEjG,USA_S_340,2023,31.275870315447463,-101.69362900437224,524.4305431472569,0.6484547062476106,184.36108934342758,864.4999969510862,United States of America
3410,RV5jWEjG,USA_S_340,2024,31.275870315447463,-101.69362900437224,2591.810150233289,0.4329437256057214,1469.7022077285642,3713.9180927380135,United States of America
3411,RV5jWEjG,USA_S_340,2025,31.275870315447463,-101.69362900437224,,,,,United States of America
3412,RVFb0otv,USA_S_182,2022,31.743594679250783,-101.72309700261516,,,,,United States of America
3413,RVFb0otv,USA_S_182,2023,31.743594679250783,-101.72309700261516,408.3942208823438,0.635457850851903,148.87690698011227,667.9115347845753,United States of America
3414,RVFb0otv,USA_S_182,2024,31.743594679250783,-101.72309700261516,56.07515374241882,0.9347619020128676,3.6582363744914375,108.4920711103462,United States of America
3415,RVFb0otv,USA_S_182,2025,31.743594679250783,-101.72309700261516,93.8995350823724,0.8467624198619511,14.388937532110575,173.4101326326342,United States of America
3416,RcQM684h,,2022,48.26225900400334,-102.85074817787724,,,,,United States of America
3417,RcQM684h,,2023,48.26225900400334,-102.85074817787724,,,,,United States of America
3418,RcQM684h,,2024,48.26225900400334,-102.85074817787724,,,,,United States of America
3419,RcQM684h,,2025,48.26225900400334,-102.85074817787724,238.30250167860763,0.7169695128710193,67.44687313415105,409.1581302230642,United States of America
3420,RdGa4tdj,IRN_S_055,2022,31.23985295702854,48.98922034256238,,,,,Iran
3421,RdGa4tdj,IRN_S_055,2023,31.23985295702854,48.98922034256238,752.2091613991489,0.5332140870430603,351.12064013827575,1153.297682660022,Iran
3422,RdGa4tdj,IRN_S_055,2024,31.23985295702854,48.98922034256238,810.2369297500127,0.5806992072841126,339.73298693186706,1280.7408725681582,Iran
3423,RdGa4tdj,IRN_S_055,2025,31.23985295702854,48.98922034256238,6556.261121397032,0.5666493999198172,2841.159691239776,10271.362551554288,Iran
3424,RfiUruHj,USA_S_347,2022,32.763845942177554,-104.28823515557956,,,,,United States of America
3425,RfiUruHj,USA_S_347,2023,32.763845942177554,-104.28823515557956,414.90041523283986,0.6230540293101149,156.39503975957922,673.4057907061006,United States of America
3426,RfiUruHj,USA_S_347,2024,32.763845942177554,-104.28823515557956,,,,,United States of America
3427,RfiUruHj,USA_S_347,2025,32.763845942177554,-104.28823515557956,,,,,United States of America
3428,RhKOtKFi,IRQ_S_015,2022,30.88662974331344,47.3243370187665,,,,,Iraq
3429,RhKOtKFi,IRQ_S_015,2023,30.88662974331344,47.3243370187665,410.06989596633025,0.6965925101526437,124.41827779711082,695.7215141355497,Iraq
3430,RhKOtKFi,IRQ_S_015,2024,30.88662974331344,47.3243370187665,,,,,Iraq
3431,RhKOtKFi,IRQ_S_015,2025,30.88662974331344,47.3243370187665,,,,,Iraq
3432,RhaljhkM,LBY_S_026,2022,29.25330606227905,21.548618148530696,3039.9580057363814,0.5060729379939729,1501.517526395072,4578.398485077691,Libya
3433,RhaljhkM,LBY_S_026,2023,29.25330606227905,21.548618148530696,2080.1740675972146,0.4169886295171929,1212.7651339926474,2947.583001201782,Libya
3434,RhaljhkM,LBY_S_026,2024,29.25330606227905,21.548618148530696,419.113255523415,0.5131683624744738,204.0375924951184,634.1889185517116,Libya
3435,RhaljhkM,LBY_S_026,2025,29.25330606227905,21.548618148530696,1258.681172701708,0.605010338893931,497.16604984603714,2020.1962955573788,Libya
3436,RiYRBp5D,IRN_S_114,2022,27.53062385769834,53.29069460459835,,,,,Iran
3437,RiYRBp5D,IRN_S_114,2023,27.53062385769834,53.29069460459835,888.0358049428575,0.5468818535426953,402.3851379234282,1373.6864719622868,Iran
3438,RiYRBp5D,IRN_S_114,2024,27.53062385769834,53.29069460459835,139.37393139654196,0.5727045216385412,59.55385068720253,219.1940121058814,Iran
3439,RiYRBp5D,IRN_S_114,2025,27.53062385769834,53.29069460459835,802.8400465279802,0.4457964990488096,444.9367644896233,1160.7433285663371,Iran
3440,Riv8oLBE,SYR_S_054,2022,35.082561869135645,40.5931097826042,,,,,Syria
3441,Riv8oLBE,SYR_S_054,2023,35.082561869135645,40.5931097826042,,,,,Syria
3442,Riv8oLBE,SYR_S_054,2024,35.082561869135645,40.5931097826042,,,,,Syria
3443,Riv8oLBE,SYR_S_054,2025,35.082561869135645,40.5931097826042,832.8170356888899,0.836521714186022,136.14750139109833,1529.4865699866814,Syria
3444,RkmT1wEr,DZA_S_308,2022,27.671145702894208,9.87445356967848,,,,,Libya
3445,RkmT1wEr,DZA_S_308,2023,27.671145702894208,9.87445356967848,12.700873296030377,0.8437801555586385,1.984128450575307,23.41761814148545,Libya
3446,RkmT1wEr,DZA_S_308,2024,27.671145702894208,9.87445356967848,,,,,Libya
3447,RkmT1wEr,DZA_S_308,2025,27.671145702894208,9.87445356967848,1059.997628121771,0.5940500600166947,430.30597351847894,1689.689282725063,Libya
3448,Rv67EvZk,,2022,48.18095886690901,-102.8372458444578,,,,,United States of America
3449,Rv67EvZk,,2023,48.18095886690901,-102.8372458444578,,,,,United States of America
3450,Rv67EvZk,,2024,48.18095886690901,-102.8372458444578,,,,,United States of America
3451,Rv67EvZk,,2025,48.18095886690901,-102.8372458444578,188.89134065888055,0.808101081558485,36.248043975406944,341.53463734235413,United States of America
3452,S7peApZF,,2022,23.543574328564205,72.41096548443691,,,,,India
3453,S7peApZF,,2023,23.543574328564205,72.41096548443691,,,,,India
3454,S7peApZF,,2024,23.543574328564205,72.41096548443691,,,,,India
3455,S7peApZF,,2025,23.543574328564205,72.41096548443691,176.6188652958866,0.7693082487959595,40.744515330778626,312.4932152609946,India
3456,SA1b6pzy,TKM_S_200,2022,39.49761189558554,53.635771529893866,117.31987085295502,0.6584941486507969,40.065422375816965,194.5743193300931,Turkmenistan
3457,SA1b6pzy,TKM_S_200,2023,39.49761189558554,53.635771529893866,220.52721232435243,0.4957627042075724,111.19804519107399,329.85637945763085,Turkmenistan
3458,SA1b6pzy,TKM_S_200,2024,39.49761189558554,53.635771529893866,100.98583706128782,0.5862960464378784,41.778240046035,160.19343407654065,Turkmenistan
3459,SA1b6pzy,TKM_S_200,2025,39.49761189558554,53.635771529893866,,,,,Turkmenistan
3460,SEHpS4EU,IRQ_S_010,2022,30.42512030947769,47.675639495632815,,,,,Iraq
3461,SEHpS4EU,IRQ_S_010,2023,30.42512030947769,47.675639495632815,168.9113398866593,0.9230439578751344,12.998748187685237,324.8239315856334,Iraq
3462,SEHpS4EU,IRQ_S_010,2024,30.42512030947769,47.675639495632815,,,,,Iraq
3463,SEHpS4EU,IRQ_S_010,2025,30.42512030947769,47.675639495632815,,,,,Iraq
3464,SG0u3qsi,LBY_S_068,2022,28.22242129694179,19.16863890660887,,,,,Libya
3465,SG0u3qsi,LBY_S_068,2023,28.22242129694179,19.16863890660887,,,,,Libya
3466,SG0u3qsi,LBY_S_068,2024,28.22242129694179,19.16863890660887,335.15999352216716,0.6511555924939514,116.9186893599715,553.4012976843628,Libya
3467,SG0u3qsi,LBY_S_068,2025,28.22242129694179,19.16863890660887,,,,,Libya
3468,SGbjUdfV,TKM_S_332,2022,36.46047537296098,61.466660061220715,,,,,Turkmenistan
3469,SGbjUdfV,TKM_S_332,2023,36.46047537296098,61.466660061220715,1434.3690235756603,0.6241168108696918,539.1552029713454,2329.5828441799754,Turkmenistan
3470,SGbjUdfV,TKM_S_332,2024,36.46047537296098,61.466660061220715,1411.7872371360295,0.4794595693032552,734.8923364709563,2088.6821378011027,Turkmenistan
3471,SGbjUdfV,TKM_S_332,2025,36.46047537296098,61.466660061220715,,,,,Turkmenistan
3472,SIoLtlJH,USA_S_358,2022,31.700216077630365,-104.3567203535004,,,,,United States of America
3473,SIoLtlJH,USA_S_358,2023,31.700216077630365,-104.3567203535004,232.66207712599515,0.865667356237718,31.254111923558895,434.07004232843144,United States of America
3474,SIoLtlJH,USA_S_358,2024,31.700216077630365,-104.3567203535004,,,,,United States of America
3475,SIoLtlJH,USA_S_358,2025,31.700216077630365,-104.3567203535004,,,,,United States of America
3476,SIq6PFSC,,2022,31.992092840150757,-104.05662855108856,,,,,United States of America
3477,SIq6PFSC,,2023,31.992092840150757,-104.05662855108856,,,,,United States of America
3478,SIq6PFSC,,2024,31.992092840150757,-104.05662855108856,,,,,United States of America
3479,SIq6PFSC,,2025,31.992092840150757,-104.05662855108856,326.9701643330061,0.5965345652937535,131.92115948858915,522.019169177423,United States of America
3480,SKYTN6zR,IRN_S_135,2022,30.67632206598712,49.77618354238219,,,,,Iran
3481,SKYTN6zR,IRN_S_135,2023,30.67632206598712,49.77618354238219,,,,,Iran
3482,SKYTN6zR,IRN_S_135,2024,30.67632206598712,49.77618354238219,,,,,Iran
3483,SKYTN6zR,IRN_S_135,2025,30.67632206598712,49.77618354238219,1942.688876275354,0.6035564106132385,770.1665511723356,3115.2112013783726,Iran
3484,SKaYkT7k,,2022,28.491116503800527,7.505145772697148,,,,,Algeria
3485,SKaYkT7k,,2023,28.491116503800527,7.505145772697148,,,,,Algeria
3486,SKaYkT7k,,2024,28.491116503800527,7.505145772697148,,,,,Algeria
3487,SKaYkT7k,,2025,28.491116503800527,7.505145772697148,193.4366865695413,0.8426513708697637,30.43699745521252,356.4363756838701,Algeria
3488,SKlTgDzZ,LBY_S_042,2022,28.85152448218496,19.726673894394295,,,,,Libya
3489,SKlTgDzZ,LBY_S_042,2023,28.85152448218496,19.726673894394295,,,,,Libya
3490,SKlTgDzZ,LBY_S_042,2024,28.85152448218496,19.726673894394295,,,,,Libya
3491,SKlTgDzZ,LBY_S_042,2025,28.85152448218496,19.726673894394295,447.6838452280344,0.6317028596845801,164.88067996289612,730.4870104931726,Libya
3492,SMSyy4Pt,,2022,31.974257220126233,-103.65676690373516,,,,,United States of America
3493,SMSyy4Pt,,2023,31.974257220126233,-103.65676690373516,,,,,United States of America
3494,SMSyy4Pt,,2024,31.974257220126233,-103.65676690373516,,,,,United States of America
3495,SMSyy4Pt,,2025,31.974257220126233,-103.65676690373516,140.0825409852754,0.8099172935309997,26.627268519535804,253.53781345101498,United States of America
3496,SOjwozhF,,2022,31.782748161553343,5.90551944412166,,,,,Algeria
3497,SOjwozhF,,2023,31.782748161553343,5.90551944412166,,,,,Algeria
3498,SOjwozhF,,2024,31.782748161553343,5.90551944412166,,,,,Algeria
3499,SOjwozhF,,2025,31.782748161553343,5.90551944412166,75.11842653927422,0.7891355788939817,15.83980352659902,134.39704955194944,Algeria
3500,SRBEzdN1,TKM_S_346,2022,36.502782614210126,61.67337648462467,,,,,Turkmenistan
3501,SRBEzdN1,TKM_S_346,2023,36.502782614210126,61.67337648462467,474.7797224276359,0.4996834578002195,237.54014903156636,712.0192958237054,Turkmenistan
3502,SRBEzdN1,TKM_S_346,2024,36.502782614210126,61.67337648462467,,,,,Turkmenistan
3503,SRBEzdN1,TKM_S_346,2025,36.502782614210126,61.67337648462467,,,,,Turkmenistan
3504,SRfLfz42,,2022,31.910821322930374,-101.86958556929255,,,,,United States of America
3505,SRfLfz42,,2023,31.910821322930374,-101.86958556929255,,,,,United States of America
3506,SRfLfz42,,2024,31.910821322930374,-101.86958556929255,,,,,United States of America
3507,SRfLfz42,,2025,31.910821322930374,-101.86958556929255,173.75476534816565,0.8192518139796842,31.405858649066573,316.1036720472647,United States of America
3508,SRtRTNi6,,2022,40.02422291022532,-104.9512197850248,,,,,United States of America
3509,SRtRTNi6,,2023,40.02422291022532,-104.9512197850248,,,,,United States of America
3510,SRtRTNi6,,2024,40.02422291022532,-104.9512197850248,,,,,United States of America
3511,SRtRTNi6,,2025,40.02422291022532,-104.9512197850248,266.06842190318054,0.7312415696064072,71.50813144799903,460.628712358362,United States of America
3512,SSa6sb2m,,2022,38.50680268202336,54.18213597174578,,,,,Turkmenistan
3513,SSa6sb2m,,2023,38.50680268202336,54.18213597174578,,,,,Turkmenistan
3514,SSa6sb2m,,2024,38.50680268202336,54.18213597174578,,,,,Turkmenistan
3515,SSa6sb2m,,2025,38.50680268202336,54.18213597174578,331.8932361949628,0.7050458297932952,97.89329407910313,565.8931783108225,Turkmenistan
3516,SSegBjTo,,2022,31.968146648759777,-93.6517764242085,,,,,United States of America
3517,SSegBjTo,,2023,31.968146648759777,-93.6517764242085,,,,,United States of America
3518,SSegBjTo,,2024,31.968146648759777,-93.6517764242085,,,,,United States of America
3519,SSegBjTo,,2025,31.968146648759777,-93.6517764242085,317.7394252400702,0.659399602716014,108.22217446955327,527.2566760105872,United States of America
3520,SUhqTXd4,IRQ_S_005,2022,30.2366436984942,47.45026417195344,111.3542429827001,0.9521864789857348,5.324238436880918,217.38424752851927,Iraq
3521,SUhqTXd4,IRQ_S_005,2023,30.2366436984942,47.45026417195344,,,,,Iraq
3522,SUhqTXd4,IRQ_S_005,2024,30.2366436984942,47.45026417195344,450.11508063370695,0.6269378313478844,167.9209081242326,732.3092531431813,Iraq
3523,SUhqTXd4,IRQ_S_005,2025,30.2366436984942,47.45026417195344,,,,,Iraq
3524,SWuhLWQP,TKM_S_104,2022,39.678527809534025,60.22466354754013,,,,,Turkmenistan
3525,SWuhLWQP,TKM_S_104,2023,39.678527809534025,60.22466354754013,881.2601116124661,0.5746738679464941,374.8229546051711,1387.697268619761,Turkmenistan
3526,SWuhLWQP,TKM_S_104,2024,39.678527809534025,60.22466354754013,,,,,Turkmenistan
3527,SWuhLWQP,TKM_S_104,2025,39.678527809534025,60.22466354754013,,,,,Turkmenistan
3528,SXTgtrM4,,2022,38.26608750604786,62.61278893410622,,,,,Turkmenistan
3529,SXTgtrM4,,2023,38.26608750604786,62.61278893410622,,,,,Turkmenistan
3530,SXTgtrM4,,2024,38.26608750604786,62.61278893410622,,,,,Turkmenistan
3531,SXTgtrM4,,2025,38.26608750604786,62.61278893410622,239.68493052967696,0.8154982435834062,44.222290669314674,435.1475703900393,Turkmenistan
3532,SXUuo3Uy,LBY_S_043,2022,29.19300720103479,21.436669557415815,,,,,Libya
3533,SXUuo3Uy,LBY_S_043,2023,29.19300720103479,21.436669557415815,,,,,Libya
3534,SXUuo3Uy,LBY_S_043,2024,29.19300720103479,21.436669557415815,,,,,Libya
3535,SXUuo3Uy,LBY_S_043,2025,29.19300720103479,21.436669557415815,1308.266307619751,0.6229333591937458,493.3035818941811,2123.2290333453207,Libya
3536,SZxmfa5X,TKM_S_243,2022,36.606335920909906,61.6868064644448,,,,,Turkmenistan
3537,SZxmfa5X,TKM_S_243,2023,36.606335920909906,61.6868064644448,194.52317662611537,0.7521004891679482,48.2222003311108,340.82415292111995,Turkmenistan
3538,SZxmfa5X,TKM_S_243,2024,36.606335920909906,61.6868064644448,415.684740788917,0.5411754173185497,190.72637771952168,640.6431038583123,Turkmenistan
3539,SZxmfa5X,TKM_S_243,2025,36.606335920909906,61.6868064644448,,,,,Turkmenistan
3540,Sba0tOLj,,2022,38.51090206231022,54.19252020132728,,,,,Turkmenistan
3541,Sba0tOLj,,2023,38.51090206231022,54.19252020132728,,,,,Turkmenistan
3542,Sba0tOLj,,2024,38.51090206231022,54.19252020132728,,,,,Turkmenistan
3543,Sba0tOLj,,2025,38.51090206231022,54.19252020132728,326.3235538725642,0.6227468184559438,123.10659891118806,529.5405088339404,Turkmenistan
3544,SchmTTsY,USA_S_021,2022,32.30826533974905,-103.62055553291506,,,,,United States of America
3545,SchmTTsY,USA_S_021,2023,32.30826533974905,-103.62055553291506,,,,,United States of America
3546,SchmTTsY,USA_S_021,2024,32.30826533974905,-103.62055553291506,185.04181257415007,0.8915747846071389,20.06319838503765,350.0204267632625,United States of America
3547,SchmTTsY,USA_S_021,2025,32.30826533974905,-103.62055553291506,66.31105815943,0.8439752129083479,10.34616873114723,122.27594758771278,United States of America
3548,Sd5aojVB,USA_S_582,2022,31.461323038380407,-103.25832812717812,,,,,United States of America
3549,Sd5aojVB,USA_S_582,2023,31.461323038380407,-103.25832812717812,,,,,United States of America
3550,Sd5aojVB,USA_S_582,2024,31.461323038380407,-103.25832812717812,,,,,United States of America
3551,Sd5aojVB,USA_S_582,2025,31.461323038380407,-103.25832812717812,340.5783206487869,0.787193541272825,72.47726633651666,608.6793749610572,United States of America
3552,Sdvi0X8L,,2022,31.90924629818371,-103.70689801619848,,,,,United States of America
3553,Sdvi0X8L,,2023,31.90924629818371,-103.70689801619848,,,,,United States of America
3554,Sdvi0X8L,,2024,31.90924629818371,-103.70689801619848,,,,,United States of America
3555,Sdvi0X8L,,2025,31.90924629818371,-103.70689801619848,244.25993304109588,0.7136198232259136,69.95120280313554,418.5686632790562,United States of America
3556,Sf40brDE,,2022,32.13385386900544,-103.98293296834748,,,,,United States of America
3557,Sf40brDE,,2023,32.13385386900544,-103.98293296834748,,,,,United States of America
3558,Sf40brDE,,2024,32.13385386900544,-103.98293296834748,,,,,United States of America
3559,Sf40brDE,,2025,32.13385386900544,-103.98293296834748,234.0228830606127,0.733671448192962,62.32697553524079,405.7187905859846,United States of America
3560,Sgpojhk9,USA_S_061,2022,31.433393416231105,-101.82790451287934,,,,,United States of America
3561,Sgpojhk9,USA_S_061,2023,31.433393416231105,-101.82790451287934,,,,,United States of America
3562,Sgpojhk9,USA_S_061,2024,31.433393416231105,-101.82790451287934,1531.577243626027,0.4953737615418115,772.8740633591625,2290.2804238928916,United States of America
3563,Sgpojhk9,USA_S_061,2025,31.433393416231105,-101.82790451287934,1077.9396335056429,0.539009250738535,496.92019930839524,1658.9590677028905,United States of America
3564,SiETShN9,,2022,35.41889742415197,-119.70074215102254,,,,,United States of America
3565,SiETShN9,,2023,35.41889742415197,-119.70074215102254,,,,,United States of America
3566,SiETShN9,,2024,35.41889742415197,-119.70074215102254,,,,,United States of America
3567,SiETShN9,,2025,35.41889742415197,-119.70074215102254,46.85079597279675,0.8211345658328488,8.37998796275091,85.32160398284259,United States of America
3568,SqVWh7gg,IRN_S_042,2022,31.50501237033801,48.88035880102997,,,,,Iran
3569,SqVWh7gg,IRN_S_042,2023,31.50501237033801,48.88035880102997,798.1256729024008,0.4857920578642073,410.4025598288883,1185.8487859759132,Iran
3570,SqVWh7gg,IRN_S_042,2024,31.50501237033801,48.88035880102997,676.9262556677528,0.5450047916530631,307.998202733061,1045.8543086024447,Iran
3571,SqVWh7gg,IRN_S_042,2025,31.50501237033801,48.88035880102997,,,,,Iran
3572,Srw9Ffbw,UZB_S_070,2022,40.1822420461091,62.9168283654524,,,,,Uzbekistan
3573,Srw9Ffbw,UZB_S_070,2023,40.1822420461091,62.9168283654524,,,,,Uzbekistan
3574,Srw9Ffbw,UZB_S_070,2024,40.1822420461091,62.9168283654524,,,,,Uzbekistan
3575,Srw9Ffbw,UZB_S_070,2025,40.1822420461091,62.9168283654524,894.0901718645339,0.6431208588741831,319.0821326240489,1469.098211105019,Uzbekistan
3576,Ssqyzf5b,,2022,32.2073872250226,-101.7864655840594,,,,,United States of America
3577,Ssqyzf5b,,2023,32.2073872250226,-101.7864655840594,,,,,United States of America
3578,Ssqyzf5b,,2024,32.2073872250226,-101.7864655840594,,,,,United States of America
3579,Ssqyzf5b,,2025,32.2073872250226,-101.7864655840594,192.9723123449199,0.8334703646533979,32.13560880679012,353.8090158830497,United States of America
3580,SwnBkSXJ,VEN_S_096,2022,9.683372462298117,-63.52436612528412,,,,,Venezuela
3581,SwnBkSXJ,VEN_S_096,2023,9.683372462298117,-63.52436612528412,,,,,Venezuela
3582,SwnBkSXJ,VEN_S_096,2024,9.683372462298117,-63.52436612528412,,,,,Venezuela
3583,SwnBkSXJ,VEN_S_096,2025,9.683372462298117,-63.52436612528412,893.4768222760575,0.4927666413951802,453.2012493986463,1333.7523951534688,Venezuela
3584,Sy4BVXX5,QAT_S_004,2022,26.58782018407953,52.044231436495,,,,,
3585,Sy4BVXX5,QAT_S_004,2023,26.58782018407953,52.044231436495,502.542153315657,0.937093502054104,31.613166935277548,973.4711396960365,
3586,Sy4BVXX5,QAT_S_004,2024,26.58782018407953,52.044231436495,,,,,
3587,Sy4BVXX5,QAT_S_004,2025,26.58782018407953,52.044231436495,,,,,
3588,SzbxrBpL,TKM_S_454,2022,38.662990417278365,54.30047650224809,,,,,Turkmenistan
3589,SzbxrBpL,TKM_S_454,2023,38.662990417278365,54.30047650224809,,,,,Turkmenistan
3590,SzbxrBpL,TKM_S_454,2024,38.662990417278365,54.30047650224809,,,,,Turkmenistan
3591,SzbxrBpL,TKM_S_454,2025,38.662990417278365,54.30047650224809,1796.128525950051,0.456704568916453,975.8284217874888,2616.428630112613,Turkmenistan
3592,T2fENyDr,TKM_S_275,2022,39.48396390591047,53.7609937158575,,,,,Turkmenistan
3593,T2fENyDr,TKM_S_275,2023,39.48396390591047,53.7609937158575,1432.6782523100371,0.4634766880356539,768.6652809086722,2096.691223711402,Turkmenistan
3594,T2fENyDr,TKM_S_275,2024,39.48396390591047,53.7609937158575,,,,,Turkmenistan
3595,T2fENyDr,TKM_S_275,2025,39.48396390591047,53.7609937158575,,,,,Turkmenistan
3596,T5jDo0PU,DZA_S_017,2022,31.760403887378743,5.9339164991649,,,,,Algeria
3597,T5jDo0PU,DZA_S_017,2023,31.760403887378743,5.9339164991649,334.3089517354592,0.927532981101904,24.226373123216206,644.3915303477022,Algeria
3598,T5jDo0PU,DZA_S_017,2024,31.760403887378743,5.9339164991649,170.01674384087354,0.7077232241660694,49.691945727593804,290.3415419541533,Algeria
3599,T5jDo0PU,DZA_S_017,2025,31.760403887378743,5.9339164991649,,,,,Algeria
3600,T7JgE7vM,,2022,36.48064727372834,-108.12055553567636,,,,,United States of America
3601,T7JgE7vM,,2023,36.48064727372834,-108.12055553567636,,,,,United States of America
3602,T7JgE7vM,,2024,36.48064727372834,-108.12055553567636,,,,,United States of America
3603,T7JgE7vM,,2025,36.48064727372834,-108.12055553567636,219.2150649075132,0.6157982645806831,84.22280836752478,354.2073214475016,United States of America
3604,T9FUvueE,KWT_S_013,2022,29.159021098541448,47.91562319269458,,,,,Kuwait
3605,T9FUvueE,KWT_S_013,2023,29.159021098541448,47.91562319269458,1997.427518675728,0.4632854538303501,1072.0484041928132,2922.8066331586424,Kuwait
3606,T9FUvueE,KWT_S_013,2024,29.159021098541448,47.91562319269458,,,,,Kuwait
3607,T9FUvueE,KWT_S_013,2025,29.159021098541448,47.91562319269458,1453.035907337807,0.5225027065678222,693.8207130135715,2212.2511016620424,Kuwait
3608,THGTMUQn,TKM_S_031,2022,39.46249306159208,53.62451755760679,,,,,Turkmenistan
3609,THGTMUQn,TKM_S_031,2023,39.46249306159208,53.62451755760679,1185.3757147076376,0.5457651126822397,538.4390041994334,1832.3124252158418,Turkmenistan
3610,THGTMUQn,TKM_S_031,2024,39.46249306159208,53.62451755760679,940.8368161303142,0.4532849375337219,514.3696587012589,1367.3039735593695,Turkmenistan
3611,THGTMUQn,TKM_S_031,2025,39.46249306159208,53.62451755760679,1217.7232708798024,0.5821566052676892,508.81762534894995,1926.6289164106547,Turkmenistan
3612,TLtueStH,TKM_S_014,2022,38.58875814923586,54.29388924169831,,,,,Turkmenistan
3613,TLtueStH,TKM_S_014,2023,38.58875814923586,54.29388924169831,314.4209566752831,1.006377779153169,-2.005307422803071,630.8472207733693,Turkmenistan
3614,TLtueStH,TKM_S_014,2024,38.58875814923586,54.29388924169831,,,,,Turkmenistan
3615,TLtueStH,TKM_S_014,2025,38.58875814923586,54.29388924169831,,,,,Turkmenistan
3616,TMbi7Wi8,USA_S_077,2022,32.51491679424413,-101.52361752409912,,,,,United States of America
3617,TMbi7Wi8,USA_S_077,2023,32.51491679424413,-101.52361752409912,1089.243573746659,0.6421630319862544,389.77161785796125,1788.7155296353567,United States of America
3618,TMbi7Wi8,USA_S_077,2024,32.51491679424413,-101.52361752409912,1635.2783553247957,0.454703217088593,891.7120263232678,2378.8446843263237,United States of America
3619,TMbi7Wi8,USA_S_077,2025,32.51491679424413,-101.52361752409912,,,,,United States of America
3620,TSEwg7zk,CHN_S_684,2022,37.38102066880491,94.12061347112336,,,,,China
3621,TSEwg7zk,CHN_S_684,2023,37.38102066880491,94.12061347112336,500.2822331918833,0.7537274668161394,123.20577287504392,877.3586935087226,China
3622,TSEwg7zk,CHN_S_684,2024,37.38102066880491,94.12061347112336,866.7018077909648,0.5974961064016762,348.8508522245694,1384.5527633573602,China
3623,TSEwg7zk,CHN_S_684,2025,37.38102066880491,94.12061347112336,175.3969249161348,0.7091197261669755,51.01950554907573,299.77434428319384,China
3624,TTTBPfaa,BHR_S_016,2022,26.014428931881213,50.56568939004664,,,,,
3625,TTTBPfaa,BHR_S_016,2023,26.014428931881213,50.56568939004664,1197.946628782624,0.5470628011693881,542.5945903893765,1853.2986671758713,
3626,TTTBPfaa,BHR_S_016,2024,26.014428931881213,50.56568939004664,,,,,
3627,TTTBPfaa,BHR_S_016,2025,26.014428931881213,50.56568939004664,,,,,
3628,TV7MCPWo,TKM_S_138,2022,36.43199621925019,61.67541891273125,,,,,Turkmenistan
3629,TV7MCPWo,TKM_S_138,2023,36.43199621925019,61.67541891273125,199.67086308663087,0.6430265109891874,71.27720464983489,328.06452152342683,Turkmenistan
3630,TV7MCPWo,TKM_S_138,2024,36.43199621925019,61.67541891273125,753.2242602262077,0.7670401854325962,175.47098398996718,1330.9775364624481,Turkmenistan
3631,TV7MCPWo,TKM_S_138,2025,36.43199621925019,61.67541891273125,,,,,Turkmenistan
3632,TXf96LSg,DZA_S_040,2022,28.752097864996404,9.263224173538989,,,,,Algeria
3633,TXf96LSg,DZA_S_040,2023,28.752097864996404,9.263224173538989,,,,,Algeria
3634,TXf96LSg,DZA_S_040,2024,28.752097864996404,9.263224173538989,1434.852414536859,0.6970280711824604,434.72000360073616,2434.984825472982,Algeria
3635,TXf96LSg,DZA_S_040,2025,28.752097864996404,9.263224173538989,,,,,Algeria
3636,TbD9cqzh,IND_S_027,2022,23.503736549414366,72.27932740365809,,,,,India
3637,TbD9cqzh,IND_S_027,2023,23.503736549414366,72.27932740365809,,,,,India
3638,TbD9cqzh,IND_S_027,2024,23.503736549414366,72.27932740365809,,,,,India
3639,TbD9cqzh,IND_S_027,2025,23.503736549414366,72.27932740365809,77.01494183946356,0.7495393741641978,19.289210531819954,134.74067314710717,India
3640,TdKT5B2G,,2022,31.609883257144073,5.860458138745685,,,,,Algeria
3641,TdKT5B2G,,2023,31.609883257144073,5.860458138745685,,,,,Algeria
3642,TdKT5B2G,,2024,31.609883257144073,5.860458138745685,,,,,Algeria
3643,TdKT5B2G,,2025,31.609883257144073,5.860458138745685,257.48496215381573,0.7300700571675194,69.5029011144029,445.46702319322856,Algeria
3644,TdeIgN79,LBY_S_079,2022,28.84413928656828,19.7544313697937,,,,,Libya
3645,TdeIgN79,LBY_S_079,2023,28.84413928656828,19.7544313697937,,,,,Libya
3646,TdeIgN79,LBY_S_079,2024,28.84413928656828,19.7544313697937,,,,,Libya
3647,TdeIgN79,LBY_S_079,2025,28.84413928656828,19.7544313697937,1693.3693310490216,0.5237673269814659,806.4378029330826,2580.3008591649605,Libya
3648,Tg74fvxN,,2022,39.93977859096133,49.25627987039684,,,,,Azerbaijan
3649,Tg74fvxN,,2023,39.93977859096133,49.25627987039684,,,,,Azerbaijan
3650,Tg74fvxN,,2024,39.93977859096133,49.25627987039684,,,,,Azerbaijan
3651,Tg74fvxN,,2025,39.93977859096133,49.25627987039684,322.33838026202807,0.5996621248476374,129.0442622341546,515.6324982899016,Azerbaijan
3652,TgmjZXoU,TKM_S_370,2022,39.89818444879175,61.71256231303343,,,,,Turkmenistan
3653,TgmjZXoU,TKM_S_370,2023,39.89818444879175,61.71256231303343,275.7301179680158,0.6102152537260919,107.4753940722378,443.9848418637938,Turkmenistan
3654,TgmjZXoU,TKM_S_370,2024,39.89818444879175,61.71256231303343,,,,,Turkmenistan
3655,TgmjZXoU,TKM_S_370,2025,39.89818444879175,61.71256231303343,,,,,Turkmenistan
3656,TgtbRYpD,CHN_S_286,2022,45.46641530189894,85.1383629655327,,,,,China
3657,TgtbRYpD,CHN_S_286,2023,45.46641530189894,85.1383629655327,438.5861486176762,0.6829263905832204,139.06409318241072,738.1082040529417,China
3658,TgtbRYpD,CHN_S_286,2024,45.46641530189894,85.1383629655327,763.457807987822,0.5295262891969631,359.18682796558306,1167.728788010061,China
3659,TgtbRYpD,CHN_S_286,2025,45.46641530189894,85.1383629655327,922.141812681848,0.587819314962268,380.08904405314,1464.194581310556,China
3660,ThKSIJ1h,,2022,29.54409180147558,28.387000872818124,,,,,Egypt
3661,ThKSIJ1h,,2023,29.54409180147558,28.387000872818124,,,,,Egypt
3662,ThKSIJ1h,,2024,29.54409180147558,28.387000872818124,,,,,Egypt
3663,ThKSIJ1h,,2025,29.54409180147558,28.387000872818124,263.13763653598284,0.7229776478885738,72.89500700223954,453.38026606972613,Egypt
3664,ThhS1bHf,SAU_S_017,2022,24.132893880869073,48.786895737847686,,,,,Saudi Arabia
3665,ThhS1bHf,SAU_S_017,2023,24.132893880869073,48.786895737847686,,,,,Saudi Arabia
3666,ThhS1bHf,SAU_S_017,2024,24.132893880869073,48.786895737847686,,,,,Saudi Arabia
3667,ThhS1bHf,SAU_S_017,2025,24.132893880869073,48.786895737847686,980.7326318580084,0.5292256865350116,461.7037314556652,1499.7615322603515,Saudi Arabia
3668,TjpCs13L,,2022,31.998794818075098,-104.12489156366236,,,,,United States of America
3669,TjpCs13L,,2023,31.998794818075098,-104.12489156366236,,,,,United States of America
3670,TjpCs13L,,2024,31.998794818075098,-104.12489156366236,,,,,United States of America
3671,TjpCs13L,,2025,31.998794818075098,-104.12489156366236,49.55667843995402,0.8313760448024925,8.35644312499609,90.75691375491195,United States of America
3672,TmmiTO9q,,2022,31.67768140074396,-103.70980325735027,,,,,United States of America
3673,TmmiTO9q,,2023,31.67768140074396,-103.70980325735027,,,,,United States of America
3674,TmmiTO9q,,2024,31.67768140074396,-103.70980325735027,,,,,United States of America
3675,TmmiTO9q,,2025,31.67768140074396,-103.70980325735027,109.68799221853186,0.863141461748224,15.01173827880045,204.36424615826326,United States of America
3676,Tn6qBjXy,USA_S_300,2022,31.349858131514495,-103.66137153880976,,,,,United States of America
3677,Tn6qBjXy,USA_S_300,2023,31.349858131514495,-103.66137153880976,708.4867321066932,0.5501715526356423,318.6974866818014,1098.275977531585,United States of America
3678,Tn6qBjXy,USA_S_300,2024,31.349858131514495,-103.66137153880976,435.6524541078711,0.5467948349393168,197.43994237304943,673.8649658426928,United States of America
3679,Tn6qBjXy,USA_S_300,2025,31.349858131514495,-103.66137153880976,,,,,United States of America
3680,TqE0TRID,TKM_S_033,2022,39.68888698384196,60.24403337898145,,,,,Turkmenistan
3681,TqE0TRID,TKM_S_033,2023,39.68888698384196,60.24403337898145,670.1974992002501,0.7359246975681881,176.98260729035007,1163.41239111015,Turkmenistan
3682,TqE0TRID,TKM_S_033,2024,39.68888698384196,60.24403337898145,287.0494907580449,0.7036767685498756,85.05943268753649,489.0395488285533,Turkmenistan
3683,TqE0TRID,TKM_S_033,2025,39.68888698384196,60.24403337898145,384.46912782761143,0.721689593277243,107.00175933804616,661.9364963171768,Turkmenistan
3684,TtWKUzM0,IRN_S_002,2022,30.31298864341148,50.684535150271344,,,,,Iran
3685,TtWKUzM0,IRN_S_002,2023,30.31298864341148,50.684535150271344,,,,,Iran
3686,TtWKUzM0,IRN_S_002,2024,30.31298864341148,50.684535150271344,777.6104605416765,0.5530778713761437,347.53132226546325,1207.6895988178899,Iran
3687,TtWKUzM0,IRN_S_002,2025,30.31298864341148,50.684535150271344,285.19313334101093,0.5179943567527054,137.46469968574542,432.92156699627645,Iran
3688,U18pHeeX,,2022,57.04998139183073,-111.62112820317614,,,,,Canada
3689,U18pHeeX,,2023,57.04998139183073,-111.62112820317614,,,,,Canada
3690,U18pHeeX,,2024,57.04998139183073,-111.62112820317614,,,,,Canada
3691,U18pHeeX,,2025,57.04998139183073,-111.62112820317614,216.40604921048245,0.718276167095637,60.9667416472673,371.84535677369763,Canada
3692,U31WBfkj,UZB_S_123,2022,44.78974836353777,56.1819529928685,,,,,Uzbekistan
3693,U31WBfkj,UZB_S_123,2023,44.78974836353777,56.1819529928685,,,,,Uzbekistan
3694,U31WBfkj,UZB_S_123,2024,44.78974836353777,56.1819529928685,,,,,Uzbekistan
3695,U31WBfkj,UZB_S_123,2025,44.78974836353777,56.1819529928685,1122.9123008323886,0.4667795057303793,598.7598520712833,1647.064749593494,Uzbekistan
3696,U4xSwuJY,,2022,31.44226972023221,-103.12770419411292,,,,,United States of America
3697,U4xSwuJY,,2023,31.44226972023221,-103.12770419411292,,,,,United States of America
3698,U4xSwuJY,,2024,31.44226972023221,-103.12770419411292,,,,,United States of America
3699,U4xSwuJY,,2025,31.44226972023221,-103.12770419411292,202.73900082691048,0.8367115375292571,33.10493972788089,372.3730619259401,United States of America
3700,U8S9HcrZ,,2022,31.487226067189397,-103.63141360045246,,,,,United States of America
3701,U8S9HcrZ,,2023,31.487226067189397,-103.63141360045246,,,,,United States of America
3702,U8S9HcrZ,,2024,31.487226067189397,-103.63141360045246,,,,,United States of America
3703,U8S9HcrZ,,2025,31.487226067189397,-103.63141360045246,217.16965371483136,0.7528875131864254,53.665333189914804,380.6739742397479,United States of America
3704,U8WjPTNE,,2022,37.303911764368664,94.2939429474064,,,,,China
3705,U8WjPTNE,,2023,37.303911764368664,94.2939429474064,,,,,China
3706,U8WjPTNE,,2024,37.303911764368664,94.2939429474064,,,,,China
3707,U8WjPTNE,,2025,37.303911764368664,94.2939429474064,237.01524235386077,0.8408104126344033,37.73035862966802,436.3001260780535,China
3708,U9InjUfZ,KAZ_S_123,2022,50.06478112493089,48.94210126332098,,,,,Kazakhstan
3709,U9InjUfZ,KAZ_S_123,2023,50.06478112493089,48.94210126332098,,,,,Kazakhstan
3710,U9InjUfZ,KAZ_S_123,2024,50.06478112493089,48.94210126332098,,,,,Kazakhstan
3711,U9InjUfZ,KAZ_S_123,2025,50.06478112493089,48.94210126332098,3801.95922799475,0.479628417058709,1978.4315417498767,5625.486914239624,Kazakhstan
3712,UQ1vdLzv,IRQ_S_002,2022,30.289327059923295,47.35614318658931,599.7930470560442,0.9446354457229872,33.20727470870929,1166.378819403379,Iraq
3713,UQ1vdLzv,IRQ_S_002,2023,30.289327059923295,47.35614318658931,188.8284883080351,0.7916560982905166,39.3412640079996,338.3157126080706,Iraq
3714,UQ1vdLzv,IRQ_S_002,2024,30.289327059923295,47.35614318658931,224.62175109760733,0.7213957846131972,62.5805667233586,386.66293547185603,Iraq
3715,UQ1vdLzv,IRQ_S_002,2025,30.289327059923295,47.35614318658931,,,,,Iraq
3716,UUiI7KKs,BHR_S_008,2022,25.994979531714066,50.54416819985397,,,,,
3717,UUiI7KKs,BHR_S_008,2023,25.994979531714066,50.54416819985397,,,,,
3718,UUiI7KKs,BHR_S_008,2024,25.994979531714066,50.54416819985397,203.32461107040672,0.5299655732597498,95.56956700666295,311.07965513415047,
3719,UUiI7KKs,BHR_S_008,2025,25.994979531714066,50.54416819985397,,,,,
3720,UYGcBIwg,TKM_S_222,2022,39.44765034025529,53.79423910771228,,,,,Turkmenistan
3721,UYGcBIwg,TKM_S_222,2023,39.44765034025529,53.79423910771228,629.8893147365751,0.5701825405231508,270.73742501168823,989.041204461462,Turkmenistan
3722,UYGcBIwg,TKM_S_222,2024,39.44765034025529,53.79423910771228,406.82168126452103,0.52077286942135,194.95998696957852,618.6833755594636,Turkmenistan
3723,UYGcBIwg,TKM_S_222,2025,39.44765034025529,53.79423910771228,2476.6522152956554,0.801557488721578,491.473085166537,4461.831345424774,Turkmenistan
3724,UbsWLEZA,USA_S_082,2022,31.711902676692457,-103.885551625406,,,,,United States of America
3725,UbsWLEZA,USA_S_082,2023,31.711902676692457,-103.885551625406,1188.1513800873122,0.5205266785954898,569.6868885418162,1806.6158716328082,United States of America
3726,UbsWLEZA,USA_S_082,2024,31.711902676692457,-103.885551625406,443.9837358153475,0.558759662209612,195.9035335646023,692.0639380660926,United States of America
3727,UbsWLEZA,USA_S_082,2025,31.711902676692457,-103.885551625406,403.6197866600892,0.6558172136450215,138.91898280067147,668.3205905195068,United States of America
3728,UcmoaAyp,DZA_S_001,2022,28.722120524527167,7.5215301529462435,,,,,Algeria
3729,UcmoaAyp,DZA_S_001,2023,28.722120524527167,7.5215301529462435,1706.9024044655216,0.5797851837080332,717.2656803207956,2696.5391286102476,Algeria
3730,UcmoaAyp,DZA_S_001,2024,28.722120524527167,7.5215301529462435,613.2553729764779,0.7239365790802741,169.29737616128892,1057.213369791667,Algeria
3731,UcmoaAyp,DZA_S_001,2025,28.722120524527167,7.5215301529462435,,,,,Algeria
3732,UdLJ47cb,,2022,31.634395254553446,-103.63426136366569,,,,,United States of America
3733,UdLJ47cb,,2023,31.634395254553446,-103.63426136366569,,,,,United States of America
3734,UdLJ47cb,,2024,31.634395254553446,-103.63426136366569,,,,,United States of America
3735,UdLJ47cb,,2025,31.634395254553446,-103.63426136366569,322.84439559615055,0.6870468840815361,101.03515955862852,544.6536316336726,United States of America
3736,UdWw1pO4,IRN_S_039,2022,32.06690441062662,48.722596942802625,,,,,Iran
3737,UdWw1pO4,IRN_S_039,2023,32.06690441062662,48.722596942802625,744.0902548786028,0.5475787274168782,336.64226002887693,1151.5382497283285,Iran
3738,UdWw1pO4,IRN_S_039,2024,32.06690441062662,48.722596942802625,368.2160885170315,0.8614233404123582,51.02615555311763,685.4060214809454,Iran
3739,UdWw1pO4,IRN_S_039,2025,32.06690441062662,48.722596942802625,,,,,Iran
3740,UifoiQOR,EGY_S_055,2022,29.786553679469048,28.15170452062808,,,,,Egypt
3741,UifoiQOR,EGY_S_055,2023,29.786553679469048,28.15170452062808,,,,,Egypt
3742,UifoiQOR,EGY_S_055,2024,29.786553679469048,28.15170452062808,,,,,Egypt
3743,UifoiQOR,EGY_S_055,2025,29.786553679469048,28.15170452062808,2258.157476061763,0.3605278948327437,1444.0287150163938,3072.2862371071324,Egypt
3744,UilLUAjP,TKM_S_401,2022,39.04032659094726,54.25226612170628,,,,,Turkmenistan
3745,UilLUAjP,TKM_S_401,2023,39.04032659094726,54.25226612170628,,,,,Turkmenistan
3746,UilLUAjP,TKM_S_401,2024,39.04032659094726,54.25226612170628,,,,,Turkmenistan
3747,UilLUAjP,TKM_S_401,2025,39.04032659094726,54.25226612170628,276.0648620754446,0.6730423789811275,90.26151055109051,461.86821359979865,Turkmenistan
3748,UlGHO6ea,UZB_S_121,2022,40.25032117043415,63.46953162430241,,,,,Uzbekistan
3749,UlGHO6ea,UZB_S_121,2023,40.25032117043415,63.46953162430241,,,,,Uzbekistan
3750,UlGHO6ea,UZB_S_121,2024,40.25032117043415,63.46953162430241,,,,,Uzbekistan
3751,UlGHO6ea,UZB_S_121,2025,40.25032117043415,63.46953162430241,449.9741013149812,0.5916613840956828,183.74180172374844,716.206400906214,Uzbekistan
3752,Uosej5Ql,TKM_S_255,2022,39.52098878271081,53.778803469229146,,,,,Turkmenistan
3753,Uosej5Ql,TKM_S_255,2023,39.52098878271081,53.778803469229146,1262.9050151898082,0.4814366628006045,654.8962392426802,1870.9137911369362,Turkmenistan
3754,Uosej5Ql,TKM_S_255,2024,39.52098878271081,53.778803469229146,,,,,Turkmenistan
3755,Uosej5Ql,TKM_S_255,2025,39.52098878271081,53.778803469229146,,,,,Turkmenistan
3756,Us7ADCU1,,2022,31.526716532802983,-103.72642886535246,,,,,United States of America
3757,Us7ADCU1,,2023,31.526716532802983,-103.72642886535246,,,,,United States of America
3758,Us7ADCU1,,2024,31.526716532802983,-103.72642886535246,,,,,United States of America
3759,Us7ADCU1,,2025,31.526716532802983,-103.72642886535246,153.1036336916491,0.8356923613749725,25.156096516786064,281.0511708665121,United States of America
3760,Ush99OEe,,2022,38.579711333429714,54.27564115120072,,,,,Turkmenistan
3761,Ush99OEe,,2023,38.579711333429714,54.27564115120072,,,,,Turkmenistan
3762,Ush99OEe,,2024,38.579711333429714,54.27564115120072,,,,,Turkmenistan
3763,Ush99OEe,,2025,38.579711333429714,54.27564115120072,221.19151960475224,0.7936262006113881,45.648134293373346,396.73490491613114,Turkmenistan
3764,UtPYd6xE,,2022,38.707092849331225,54.33137323952453,,,,,Turkmenistan
3765,UtPYd6xE,,2023,38.707092849331225,54.33137323952453,,,,,Turkmenistan
3766,UtPYd6xE,,2024,38.707092849331225,54.33137323952453,,,,,Turkmenistan
3767,UtPYd6xE,,2025,38.707092849331225,54.33137323952453,232.58572736882277,0.6451612003040952,82.53044032595204,382.6410144116935,Turkmenistan
3768,UvGkBRTE,VEN_S_001,2022,10.080398078964956,-64.88461892142702,,,,,Venezuela
3769,UvGkBRTE,VEN_S_001,2023,10.080398078964956,-64.88461892142702,,,,,Venezuela
3770,UvGkBRTE,VEN_S_001,2024,10.080398078964956,-64.88461892142702,877.7805435518502,0.5074447120984861,432.35544834352896,1323.2056387601715,Venezuela
3771,UvGkBRTE,VEN_S_001,2025,10.080398078964956,-64.88461892142702,186.8810875221454,0.4966756542831183,94.06180110394315,279.7003739403477,Venezuela
3772,Uvk4COyn,USA_S_961,2022,31.697796447403384,-103.59288146841364,,,,,United States of America
3773,Uvk4COyn,USA_S_961,2023,31.697796447403384,-103.59288146841364,,,,,United States of America
3774,Uvk4COyn,USA_S_961,2024,31.697796447403384,-103.59288146841364,,,,,United States of America
3775,Uvk4COyn,USA_S_961,2025,31.697796447403384,-103.59288146841364,1536.62060576485,0.5444482889773792,700.0101461487935,2373.231065380907,United States of America
3776,UxF9X1ci,USA_S_572,2022,31.31445635257809,-103.22490082922712,,,,,United States of America
3777,UxF9X1ci,USA_S_572,2023,31.31445635257809,-103.22490082922712,,,,,United States of America
3778,UxF9X1ci,USA_S_572,2024,31.31445635257809,-103.22490082922712,,,,,United States of America
3779,UxF9X1ci,USA_S_572,2025,31.31445635257809,-103.22490082922712,969.733401048452,0.5496117723980251,436.7565077446475,1502.7102943522566,United States of America
3780,Uy2PMJt4,,2022,32.078461559994594,-103.62560100579684,,,,,United States of America
3781,Uy2PMJt4,,2023,32.078461559994594,-103.62560100579684,,,,,United States of America
3782,Uy2PMJt4,,2024,32.078461559994594,-103.62560100579684,,,,,United States of America
3783,Uy2PMJt4,,2025,32.078461559994594,-103.62560100579684,208.313031290371,0.7373384318665914,54.71582746135266,361.9102351193893,United States of America
3784,V0MiL3Fg,,2022,27.394958023838136,95.4360508602653,,,,,India
3785,V0MiL3Fg,,2023,27.394958023838136,95.4360508602653,,,,,India
3786,V0MiL3Fg,,2024,27.394958023838136,95.4360508602653,,,,,India
3787,V0MiL3Fg,,2025,27.394958023838136,95.4360508602653,214.74023690077655,0.5545615394589717,95.65356054129762,333.8269132602555,India
3788,V13Qi2LX,USA_S_191,2022,31.86426866405586,-101.8229713304078,,,,,United States of America
3789,V13Qi2LX,USA_S_191,2023,31.86426866405586,-101.8229713304078,93.06948875874404,0.9572772140887796,3.9761878431065583,182.16278967438154,United States of America
3790,V13Qi2LX,USA_S_191,2024,31.86426866405586,-101.8229713304078,177.1757372412581,0.7981273158143609,35.76694164946227,318.5845328330539,United States of America
3791,V13Qi2LX,USA_S_191,2025,31.86426866405586,-101.8229713304078,,,,,United States of America
3792,V1O5OlHF,DZA_S_125,2022,31.66991080805681,6.009807568378147,,,,,Algeria
3793,V1O5OlHF,DZA_S_125,2023,31.66991080805681,6.009807568378147,,,,,Algeria
3794,V1O5OlHF,DZA_S_125,2024,31.66991080805681,6.009807568378147,659.8325319048461,0.5155764818186113,319.638396515879,1000.0266672938131,Algeria
3795,V1O5OlHF,DZA_S_125,2025,31.66991080805681,6.009807568378147,228.55838068227408,0.7133142330467359,65.52443465949383,391.59232670505435,Algeria
3796,V2ysZNtW,YEM_S_001,2022,15.56347140247128,45.79833048997219,3625.711049700243,0.3498259037626308,2357.3434049566986,4894.078694443788,Yemen
3797,V2ysZNtW,YEM_S_001,2023,15.56347140247128,45.79833048997219,2144.234362192093,0.5186257352786376,1032.1792394904983,3256.289484893688,Yemen
3798,V2ysZNtW,YEM_S_001,2024,15.56347140247128,45.79833048997219,1675.7403167524014,0.4669295656118017,893.2876185730196,2458.193014931783,Yemen
3799,V2ysZNtW,YEM_S_001,2025,15.56347140247128,45.79833048997219,1148.2719030183507,0.5125080351208893,559.7733262178915,1736.77047981881,Yemen
3800,V3s3M6zS,,2022,31.506979617927293,-103.2644458629616,,,,,United States of America
3801,V3s3M6zS,,2023,31.506979617927293,-103.2644458629616,,,,,United States of America
3802,V3s3M6zS,,2024,31.506979617927293,-103.2644458629616,,,,,United States of America
3803,V3s3M6zS,,2025,31.506979617927293,-103.2644458629616,212.73788529933688,0.7847636802372144,45.788919505946865,379.6868510927269,United States of America
3804,V61dQcRn,,2022,32.27017156729451,-103.75496769556511,,,,,United States of America
3805,V61dQcRn,,2023,32.27017156729451,-103.75496769556511,,,,,United States of America
3806,V61dQcRn,,2024,32.27017156729451,-103.75496769556511,,,,,United States of America
3807,V61dQcRn,,2025,32.27017156729451,-103.75496769556511,241.0889167018015,0.8404636793220488,38.462438726838485,443.7153946767645,United States of America
3808,V7NsaMzf,,2022,37.94267981900521,53.913539866655306,,,,,Turkmenistan
3809,V7NsaMzf,,2023,37.94267981900521,53.913539866655306,,,,,Turkmenistan
3810,V7NsaMzf,,2024,37.94267981900521,53.913539866655306,,,,,Turkmenistan
3811,V7NsaMzf,,2025,37.94267981900521,53.913539866655306,119.39014497938788,0.8579724531518423,16.95668940926835,221.82360054950743,Turkmenistan
3812,VFlEin7u,TKM_S_099,2022,38.57503828681126,54.208863726105704,,,,,Turkmenistan
3813,VFlEin7u,TKM_S_099,2023,38.57503828681126,54.208863726105704,,,,,Turkmenistan
3814,VFlEin7u,TKM_S_099,2024,38.57503828681126,54.208863726105704,,,,,Turkmenistan
3815,VFlEin7u,TKM_S_099,2025,38.57503828681126,54.208863726105704,409.4830567022312,0.6003663067955833,163.64322625454622,655.3228871499161,Turkmenistan
3816,VFo8INdF,,2022,35.42134570154916,-98.06042991652352,,,,,United States of America
3817,VFo8INdF,,2023,35.42134570154916,-98.06042991652352,,,,,United States of America
3818,VFo8INdF,,2024,35.42134570154916,-98.06042991652352,,,,,United States of America
3819,VFo8INdF,,2025,35.42134570154916,-98.06042991652352,187.71402534141433,0.8131995571580345,35.06506306142413,340.3629876214045,United States of America
3820,VKluFIn0,SAU_S_016,2022,24.87492887334492,49.22398697985793,,,,,Saudi Arabia
3821,VKluFIn0,SAU_S_016,2023,24.87492887334492,49.22398697985793,,,,,Saudi Arabia
3822,VKluFIn0,SAU_S_016,2024,24.87492887334492,49.22398697985793,,,,,Saudi Arabia
3823,VKluFIn0,SAU_S_016,2025,24.87492887334492,49.22398697985793,456.16855771935275,0.8566494556833797,65.39201104919687,846.9451043895086,Saudi Arabia
3824,VKpYp8eZ,TKM_S_035,2022,39.35914923025749,53.79889290847146,483.74320166651694,0.5685143204135252,208.72826411641415,758.7581392166197,Turkmenistan
3825,VKpYp8eZ,TKM_S_035,2023,39.35914923025749,53.79889290847146,2302.7038169422126,0.4229815300188748,1328.7026332716925,3276.705000612733,Turkmenistan
3826,VKpYp8eZ,TKM_S_035,2024,39.35914923025749,53.79889290847146,6570.551251469912,0.314949541509905,4501.159147352131,8639.943355587693,Turkmenistan
3827,VKpYp8eZ,TKM_S_035,2025,39.35914923025749,53.79889290847146,6088.056192373201,0.3687853783037944,3842.8700863340923,8333.24229841231,Turkmenistan
3828,VN3DRl3e,VEN_S_082,2022,9.229690806534276,-64.05802314003465,,,,,Venezuela
3829,VN3DRl3e,VEN_S_082,2023,9.229690806534276,-64.05802314003465,,,,,Venezuela
3830,VN3DRl3e,VEN_S_082,2024,9.229690806534276,-64.05802314003465,,,,,Venezuela
3831,VN3DRl3e,VEN_S_082,2025,9.229690806534276,-64.05802314003465,193.45498982617448,0.5549710989362505,86.09306152764127,300.8169181247077,Venezuela
3832,VShfhl7S,VEN_S_098,2022,9.248769827578954,-63.469629892996515,,,,,Venezuela
3833,VShfhl7S,VEN_S_098,2023,9.248769827578954,-63.469629892996515,,,,,Venezuela
3834,VShfhl7S,VEN_S_098,2024,9.248769827578954,-63.469629892996515,,,,,Venezuela
3835,VShfhl7S,VEN_S_098,2025,9.248769827578954,-63.469629892996515,225.0171101120514,0.6434548880374762,80.2287507183849,369.8054695057179,Venezuela
3836,VTLmqDIQ,CHN_S_007,2022,35.8704502349463,112.89056315601466,,,,,China
3837,VTLmqDIQ,CHN_S_007,2023,35.8704502349463,112.89056315601466,,,,,China
3838,VTLmqDIQ,CHN_S_007,2024,35.8704502349463,112.89056315601466,2188.8431995701617,0.4883626947420447,1119.8938362602785,3257.792562880045,China
3839,VTLmqDIQ,CHN_S_007,2025,35.8704502349463,112.89056315601466,,,,,China
3840,VUYRvoBw,TKM_S_413,2022,39.451514016922474,53.617430697649546,,,,,Turkmenistan
3841,VUYRvoBw,TKM_S_413,2023,39.451514016922474,53.617430697649546,,,,,Turkmenistan
3842,VUYRvoBw,TKM_S_413,2024,39.451514016922474,53.617430697649546,,,,,Turkmenistan
3843,VUYRvoBw,TKM_S_413,2025,39.451514016922474,53.617430697649546,450.1358858608816,0.6280820168464564,167.41363081441278,732.8581409073504,Turkmenistan
3844,VVlgHTZ2,LBY_S_002,2022,29.145310075600236,21.45371390764228,,,,,Libya
3845,VVlgHTZ2,LBY_S_002,2023,29.145310075600236,21.45371390764228,2866.426441794315,0.3909866780827984,1745.6918893484599,3987.16099424017,Libya
3846,VVlgHTZ2,LBY_S_002,2024,29.145310075600236,21.45371390764228,589.7666489667486,0.4743713887141448,309.9982246791045,869.5350732543926,Libya
3847,VVlgHTZ2,LBY_S_002,2025,29.145310075600236,21.45371390764228,751.6199563470353,0.3883405006492843,459.7354862012344,1043.5044264928363,Libya
3848,VVq3MDxV,UZB_S_097,2022,39.20190487814288,65.3156772940849,,,,,Uzbekistan
3849,VVq3MDxV,UZB_S_097,2023,39.20190487814288,65.3156772940849,,,,,Uzbekistan
3850,VVq3MDxV,UZB_S_097,2024,39.20190487814288,65.3156772940849,,,,,Uzbekistan
3851,VVq3MDxV,UZB_S_097,2025,39.20190487814288,65.3156772940849,915.8969036139756,0.6096568180412978,357.514111702802,1474.2796955251492,Uzbekistan
3852,VZO1PMQv,SYR_S_012,2022,35.09169163536901,40.60967778170884,,,,,Syria
3853,VZO1PMQv,SYR_S_012,2023,35.09169163536901,40.60967778170884,954.226748377933,0.6237563240621978,359.0217794878897,1549.4317172679762,Syria
3854,VZO1PMQv,SYR_S_012,2024,35.09169163536901,40.60967778170884,188.79273696175716,0.8281995736773394,32.4346726966518,345.15080122686254,Syria
3855,VZO1PMQv,SYR_S_012,2025,35.09169163536901,40.60967778170884,763.6466836961373,0.8464937773351585,117.22451786472698,1410.0688495275476,Syria
3856,VcBcNRLL,,2022,31.326356148258867,-103.2256328211972,,,,,United States of America
3857,VcBcNRLL,,2023,31.326356148258867,-103.2256328211972,,,,,United States of America
3858,VcBcNRLL,,2024,31.326356148258867,-103.2256328211972,,,,,United States of America
3859,VcBcNRLL,,2025,31.326356148258867,-103.2256328211972,237.3779573859563,0.7161142070603383,67.38822965890941,407.3676851130032,United States of America
3860,VfKiUfCk,TKM_S_179,2022,37.74261119854909,53.928001465750114,,,,,Turkmenistan
3861,VfKiUfCk,TKM_S_179,2023,37.74261119854909,53.928001465750114,,,,,Turkmenistan
3862,VfKiUfCk,TKM_S_179,2024,37.74261119854909,53.928001465750114,,,,,Turkmenistan
3863,VfKiUfCk,TKM_S_179,2025,37.74261119854909,53.928001465750114,695.6548644612054,0.538575750447063,320.99202378186186,1070.317705140549,Turkmenistan
3864,VflqtbdA,OMN_S_017,2022,22.87270525970888,55.35561307757496,,,,,Oman
3865,VflqtbdA,OMN_S_017,2023,22.87270525970888,55.35561307757496,51.957405244554685,0.8274195851158986,8.96683055340663,94.94797993570273,Oman
3866,VflqtbdA,OMN_S_017,2024,22.87270525970888,55.35561307757496,95.22360994147824,0.8508368778392599,14.20385096228739,176.2433689206691,Oman
3867,VflqtbdA,OMN_S_017,2025,22.87270525970888,55.35561307757496,165.4771488700535,0.9834935606984498,2.731438513617121,328.22285922648985,Oman
3868,ViDasyWe,DZA_S_081,2022,31.74955923697363,6.0027800292374565,,,,,Algeria
3869,ViDasyWe,DZA_S_081,2023,31.74955923697363,6.0027800292374565,1465.9691458910956,0.4557112678422055,797.9104877995093,2134.027803982682,Algeria
3870,ViDasyWe,DZA_S_081,2024,31.74955923697363,6.0027800292374565,288.1125196266702,0.9115888627188904,25.47235552511995,550.7526837282204,Algeria
3871,ViDasyWe,DZA_S_081,2025,31.74955923697363,6.0027800292374565,,,,,Algeria
3872,ViGkpFsb,DZA_S_257,2022,28.527323095454097,9.12229177972647,,,,,Algeria
3873,ViGkpFsb,DZA_S_257,2023,28.527323095454097,9.12229177972647,754.3370954494416,0.6598493723442241,256.5882364811624,1252.0859544177206,Algeria
3874,ViGkpFsb,DZA_S_257,2024,28.527323095454097,9.12229177972647,582.7425572457519,0.6122625014810922,225.9511414269793,939.5339730645244,Algeria
3875,ViGkpFsb,DZA_S_257,2025,28.527323095454097,9.12229177972647,440.1829412000252,0.7885037549797567,93.0970391857719,787.2688432142785,Algeria
3876,VkSphxuq,DZA_S_167,2022,31.749635028500432,5.905751698375812,148.43382377695022,0.6863634229708202,46.55427640475514,250.3133711491453,Algeria
3877,VkSphxuq,DZA_S_167,2023,31.749635028500432,5.905751698375812,,,,,Algeria
3878,VkSphxuq,DZA_S_167,2024,31.749635028500432,5.905751698375812,842.0840190248473,0.4992447050693625,421.67803130316395,1262.4900067465305,Algeria
3879,VkSphxuq,DZA_S_167,2025,31.749635028500432,5.905751698375812,,,,,Algeria
3880,Vkf0WaU9,TKM_S_118,2022,37.97504779459627,63.5291567750125,,,,,Turkmenistan
3881,Vkf0WaU9,TKM_S_118,2023,37.97504779459627,63.5291567750125,,,,,Turkmenistan
3882,Vkf0WaU9,TKM_S_118,2024,37.97504779459627,63.5291567750125,,,,,Turkmenistan
3883,Vkf0WaU9,TKM_S_118,2025,37.97504779459627,63.5291567750125,86.54259190080408,0.8870870865609473,9.771776188086761,163.3134076135214,Turkmenistan
3884,VoIiFaCj,USA_S_111,2022,31.641703713593376,-103.51345372900175,,,,,United States of America
3885,VoIiFaCj,USA_S_111,2023,31.641703713593376,-103.51345372900175,,,,,United States of America
3886,VoIiFaCj,USA_S_111,2024,31.641703713593376,-103.51345372900175,1384.7192740543255,0.5088026374241352,680.1704553234508,2089.2680927852,United States of America
3887,VoIiFaCj,USA_S_111,2025,31.641703713593376,-103.51345372900175,213.5160582380287,0.6326292753783643,78.43954903325996,348.5925674427974,United States of America
3888,Vp2cfUQR,USA_S_020,2022,32.200696693826984,-103.63934672920104,,,,,United States of America
3889,Vp2cfUQR,USA_S_020,2023,32.200696693826984,-103.63934672920104,,,,,United States of America
3890,Vp2cfUQR,USA_S_020,2024,32.200696693826984,-103.63934672920104,,,,,United States of America
3891,Vp2cfUQR,USA_S_020,2025,32.200696693826984,-103.63934672920104,225.57679488776708,0.7573507882256287,54.736031474105715,396.41755830142847,United States of America
3892,VqAgEuIq,DZA_S_269,2022,29.626527450500543,6.708149742380138,,,,,Algeria
3893,VqAgEuIq,DZA_S_269,2023,29.626527450500543,6.708149742380138,,,,,Algeria
3894,VqAgEuIq,DZA_S_269,2024,29.626527450500543,6.708149742380138,,,,,Algeria
3895,VqAgEuIq,DZA_S_269,2025,29.626527450500543,6.708149742380138,598.761059910552,0.838038613346123,96.97617153745819,1100.5459482836459,Algeria
3896,Vr6aSGWz,,2022,36.48449138517476,61.634488612499,,,,,Turkmenistan
3897,Vr6aSGWz,,2023,36.48449138517476,61.634488612499,,,,,Turkmenistan
3898,Vr6aSGWz,,2024,36.48449138517476,61.634488612499,,,,,Turkmenistan
3899,Vr6aSGWz,,2025,36.48449138517476,61.634488612499,234.6102972178395,0.7350711902998641,62.15502678531732,407.0655676503617,Turkmenistan
3900,VrXd4EN3,USA_S_023,2022,32.14040390011262,-103.92304316261112,,,,,United States of America
3901,VrXd4EN3,USA_S_023,2023,32.14040390011262,-103.92304316261112,,,,,United States of America
3902,VrXd4EN3,USA_S_023,2024,32.14040390011262,-103.92304316261112,1695.6863029441083,0.6210754755437441,642.537125970083,2748.8354799181334,United States of America
3903,VrXd4EN3,USA_S_023,2025,32.14040390011262,-103.92304316261112,,,,,United States of America
3904,Vrn1RgDJ,,2022,31.770382201967543,5.943821835944988,,,,,Algeria
3905,Vrn1RgDJ,,2023,31.770382201967543,5.943821835944988,,,,,Algeria
3906,Vrn1RgDJ,,2024,31.770382201967543,5.943821835944988,,,,,Algeria
3907,Vrn1RgDJ,,2025,31.770382201967543,5.943821835944988,315.0553143830254,0.7172788331425691,89.07280610700366,541.0378226590472,Algeria
3908,VsswbqvU,USA_S_348,2022,32.75648502708974,-104.214113200673,,,,,United States of America
3909,VsswbqvU,USA_S_348,2023,32.75648502708974,-104.214113200673,364.52952053163744,0.5448850729492037,165.9028261446179,563.156214918657,United States of America
3910,VsswbqvU,USA_S_348,2024,32.75648502708974,-104.214113200673,,,,,United States of America
3911,VsswbqvU,USA_S_348,2025,32.75648502708974,-104.214113200673,,,,,United States of America
3912,VvrTStbl,,2022,32.243815782888085,-101.9052169213114,,,,,United States of America
3913,VvrTStbl,,2023,32.243815782888085,-101.9052169213114,,,,,United States of America
3914,VvrTStbl,,2024,32.243815782888085,-101.9052169213114,,,,,United States of America
3915,VvrTStbl,,2025,32.243815782888085,-101.9052169213114,133.21501711255027,0.8706629473653765,17.22963768000818,249.20039654509236,United States of America
3916,Vw3iDJ2m,LBY_S_008,2022,28.858285163844275,19.74703534746716,,,,,Libya
3917,Vw3iDJ2m,LBY_S_008,2023,28.858285163844275,19.74703534746716,,,,,Libya
3918,Vw3iDJ2m,LBY_S_008,2024,28.858285163844275,19.74703534746716,,,,,Libya
3919,Vw3iDJ2m,LBY_S_008,2025,28.858285163844275,19.74703534746716,415.3055509282358,0.5484836457190312,187.51724826776623,643.0938535887053,Libya
3920,VyezQDEL,,2022,40.0238755376877,61.082624966676555,,,,,Turkmenistan
3921,VyezQDEL,,2023,40.0238755376877,61.082624966676555,,,,,Turkmenistan
3922,VyezQDEL,,2024,40.0238755376877,61.082624966676555,,,,,Turkmenistan
3923,VyezQDEL,,2025,40.0238755376877,61.082624966676555,505.66054815266887,0.6476098147727952,178.18981422560887,833.1312820797289,Turkmenistan
3924,W5ZDoKwL,TKM_S_063,2022,36.437442372851464,61.69518483052385,,,,,Turkmenistan
3925,W5ZDoKwL,TKM_S_063,2023,36.437442372851464,61.69518483052385,395.84912951166774,0.6748967326760716,128.69184537157605,663.0064136517594,Turkmenistan
3926,W5ZDoKwL,TKM_S_063,2024,36.437442372851464,61.69518483052385,725.9159605074802,0.4917813326827063,368.9240420334648,1082.9078789814957,Turkmenistan
3927,W5ZDoKwL,TKM_S_063,2025,36.437442372851464,61.69518483052385,,,,,Turkmenistan
3928,W66Yn1yd,,2022,45.32017762088407,85.05899843098064,,,,,China
3929,W66Yn1yd,,2023,45.32017762088407,85.05899843098064,,,,,China
3930,W66Yn1yd,,2024,45.32017762088407,85.05899843098064,,,,,China
3931,W66Yn1yd,,2025,45.32017762088407,85.05899843098064,238.19809120540617,0.6972415062723886,72.11649530214098,404.2796871086714,China
3932,W6HFkapK,,2022,31.970502267811433,-103.6954677387296,,,,,United States of America
3933,W6HFkapK,,2023,31.970502267811433,-103.6954677387296,,,,,United States of America
3934,W6HFkapK,,2024,31.970502267811433,-103.6954677387296,,,,,United States of America
3935,W6HFkapK,,2025,31.970502267811433,-103.6954677387296,176.472517695207,0.7324169865194846,47.22104808137706,305.72398730903694,United States of America
3936,W7ZVU15P,,2022,32.264318393736446,-101.82798343385436,,,,,United States of America
3937,W7ZVU15P,,2023,32.264318393736446,-101.82798343385436,,,,,United States of America
3938,W7ZVU15P,,2024,32.264318393736446,-101.82798343385436,,,,,United States of America
3939,W7ZVU15P,,2025,32.264318393736446,-101.82798343385436,140.5071963639622,0.7935735415636245,29.004402930237106,252.0099897976873,United States of America
3940,W8bytTrx,,2022,23.49895164029237,72.41118676542773,,,,,India
3941,W8bytTrx,,2023,23.49895164029237,72.41118676542773,,,,,India
3942,W8bytTrx,,2024,23.49895164029237,72.41118676542773,,,,,India
3943,W8bytTrx,,2025,23.49895164029237,72.41118676542773,157.7136163143322,0.7593190691226112,37.95865998657281,277.4685726420916,India
3944,W9uQHoAs,TKM_S_289,2022,36.43119481686708,61.72042488070067,,,,,Turkmenistan
3945,W9uQHoAs,TKM_S_289,2023,36.43119481686708,61.72042488070067,950.4023910288412,0.6052877638659973,375.1354529900967,1525.6693290675857,Turkmenistan
3946,W9uQHoAs,TKM_S_289,2024,36.43119481686708,61.72042488070067,,,,,Turkmenistan
3947,W9uQHoAs,TKM_S_289,2025,36.43119481686708,61.72042488070067,,,,,Turkmenistan
3948,WA8nXxUY,USA_S_570,2022,32.32165973147085,-101.38945188972804,,,,,United States of America
3949,WA8nXxUY,USA_S_570,2023,32.32165973147085,-101.38945188972804,,,,,United States of America
3950,WA8nXxUY,USA_S_570,2024,32.32165973147085,-101.38945188972804,,,,,United States of America
3951,WA8nXxUY,USA_S_570,2025,32.32165973147085,-101.38945188972804,568.3951789666328,0.7237976428524084,156.9920882219111,979.7982697113545,United States of America
3952,WAUs3NQ5,KAZ_S_068,2022,43.29807313047266,52.74888117470875,,,,,Kazakhstan
3953,WAUs3NQ5,KAZ_S_068,2023,43.29807313047266,52.74888117470875,,,,,Kazakhstan
3954,WAUs3NQ5,KAZ_S_068,2024,43.29807313047266,52.74888117470875,,,,,Kazakhstan
3955,WAUs3NQ5,KAZ_S_068,2025,43.29807313047266,52.74888117470875,811.6752861429296,0.701165435261128,242.55663084382184,1380.7939414420375,Kazakhstan
3956,WAltMCUy,,2022,27.266919793931432,95.37035456225595,,,,,India
3957,WAltMCUy,,2023,27.266919793931432,95.37035456225595,,,,,India
3958,WAltMCUy,,2024,27.266919793931432,95.37035456225595,,,,,India
3959,WAltMCUy,,2025,27.266919793931432,95.37035456225595,165.3827648939261,0.6594827863853242,56.31567828157074,274.44985150628145,India
3960,WCiJ8uz1,USA_S_334,2022,32.410540679166196,-104.06554149012236,,,,,United States of America
3961,WCiJ8uz1,USA_S_334,2023,32.410540679166196,-104.06554149012236,558.5822141518515,0.5167906295857382,269.9121600249205,847.2522682787826,United States of America
3962,WCiJ8uz1,USA_S_334,2024,32.410540679166196,-104.06554149012236,,,,,United States of America
3963,WCiJ8uz1,USA_S_334,2025,32.410540679166196,-104.06554149012236,,,,,United States of America
3964,WCtcEV8s,DZA_S_135,2022,30.909482524983417,5.627755526233608,,,,,Algeria
3965,WCtcEV8s,DZA_S_135,2023,30.909482524983417,5.627755526233608,,,,,Algeria
3966,WCtcEV8s,DZA_S_135,2024,30.909482524983417,5.627755526233608,1966.242286710553,0.5345222955865785,915.2419459386247,3017.242627482481,Algeria
3967,WCtcEV8s,DZA_S_135,2025,30.909482524983417,5.627755526233608,446.0651244858838,0.5166876066983765,215.5888028836591,676.5414460881085,Algeria
3968,WFHiPT9K,USA_S_344,2022,32.47940420923866,-101.91504731478594,,,,,United States of America
3969,WFHiPT9K,USA_S_344,2023,32.47940420923866,-101.91504731478594,217.5785647225455,0.7030911415420324,64.601003276694,370.556126168397,United States of America
3970,WFHiPT9K,USA_S_344,2024,32.47940420923866,-101.91504731478594,,,,,United States of America
3971,WFHiPT9K,USA_S_344,2025,32.47940420923866,-101.91504731478594,1230.4232611587706,0.5895904964208901,504.9773998043605,1955.8691225131806,United States of America
3972,WIchiMU0,BHR_S_020,2022,25.999891245694613,50.53381569574861,,,,,
3973,WIchiMU0,BHR_S_020,2023,25.999891245694613,50.53381569574861,,,,,
3974,WIchiMU0,BHR_S_020,2024,25.999891245694613,50.53381569574861,744.988380560835,0.5847770623871307,309.33626386392416,1180.640497257746,
3975,WIchiMU0,BHR_S_020,2025,25.999891245694613,50.53381569574861,,,,,
3976,WIeLDFku,TKM_S_385,2022,39.04070962016396,54.24926853253928,,,,,Turkmenistan
3977,WIeLDFku,TKM_S_385,2023,39.04070962016396,54.24926853253928,,,,,Turkmenistan
3978,WIeLDFku,TKM_S_385,2024,39.04070962016396,54.24926853253928,,,,,Turkmenistan
3979,WIeLDFku,TKM_S_385,2025,39.04070962016396,54.24926853253928,329.94600206367124,0.6859505524077354,103.61935968337215,556.2726444439703,Turkmenistan
3980,WIikHobn,USA_S_312,2022,32.08448221891699,-103.4576062402899,,,,,United States of America
3981,WIikHobn,USA_S_312,2023,32.08448221891699,-103.4576062402899,55.44177241924806,0.9268539327648,4.055347613016977,106.82819722547914,United States of America
3982,WIikHobn,USA_S_312,2024,32.08448221891699,-103.4576062402899,,,,,United States of America
3983,WIikHobn,USA_S_312,2025,32.08448221891699,-103.4576062402899,,,,,United States of America
3984,WKCpYlA9,TKM_S_102,2022,39.68672284303744,60.21525778097942,1865.1121715578229,0.7982047296509086,376.3708148908918,3353.853528224754,Turkmenistan
3985,WKCpYlA9,TKM_S_102,2023,39.68672284303744,60.21525778097942,795.4004439512137,0.5057265676409057,393.14530753171374,1197.6555803707136,Turkmenistan
3986,WKCpYlA9,TKM_S_102,2024,39.68672284303744,60.21525778097942,249.1636600484082,0.6684017286035366,82.6222389668682,415.7050811299482,Turkmenistan
3987,WKCpYlA9,TKM_S_102,2025,39.68672284303744,60.21525778097942,649.5986082479661,0.6981248635613051,196.09766849524107,1103.0995480006911,Turkmenistan
3988,WLChxt45,LBY_S_083,2022,28.14551282285488,21.089774788022353,,,,,Libya
3989,WLChxt45,LBY_S_083,2023,28.14551282285488,21.089774788022353,,,,,Libya
3990,WLChxt45,LBY_S_083,2024,28.14551282285488,21.089774788022353,,,,,Libya
3991,WLChxt45,LBY_S_083,2025,28.14551282285488,21.089774788022353,662.8684258892777,0.5674290224180778,286.7376429951148,1038.9992087834405,Libya
3992,WNUjXuT3,TKM_S_130,2022,36.47195541491431,61.73293786265635,1135.4030623871658,0.8591692581032674,159.89965562780674,2110.906469146525,Turkmenistan
3993,WNUjXuT3,TKM_S_130,2023,36.47195541491431,61.73293786265635,536.3605785896473,0.8708409866808575,69.27580311392325,1003.4453540653712,Turkmenistan
3994,WNUjXuT3,TKM_S_130,2024,36.47195541491431,61.73293786265635,,,,,Turkmenistan
3995,WNUjXuT3,TKM_S_130,2025,36.47195541491431,61.73293786265635,,,,,Turkmenistan
3996,WOmL2zND,CHN_S_086,2022,38.743816515760486,110.84018442568468,,,,,China
3997,WOmL2zND,CHN_S_086,2023,38.743816515760486,110.84018442568468,,,,,China
3998,WOmL2zND,CHN_S_086,2024,38.743816515760486,110.84018442568468,1016.69109623661,0.6269131861058228,379.31404180949505,1654.0681506637247,China
3999,WOmL2zND,CHN_S_086,2025,38.743816515760486,110.84018442568468,,,,,China
4000,WQmQC1La,,2022,37.308158380034314,94.31289314266274,,,,,China
4001,WQmQC1La,,2023,37.308158380034314,94.31289314266274,,,,,China
4002,WQmQC1La,,2024,37.308158380034314,94.31289314266274,,,,,China
4003,WQmQC1La,,2025,37.308158380034314,94.31289314266274,293.9315683038311,0.7777425806710139,65.32847183053113,522.5346647771311,China
4004,WSWWInZV,,2022,28.914633134088483,9.745540478773536,,,,,Algeria
4005,WSWWInZV,,2023,28.914633134088483,9.745540478773536,,,,,Algeria
4006,WSWWInZV,,2024,28.914633134088483,9.745540478773536,,,,,Algeria
4007,WSWWInZV,,2025,28.914633134088483,9.745540478773536,246.8540521133324,0.8485024720251612,37.397778665741896,456.3103255609229,Algeria
4008,WYVP0mo9,,2022,31.383077803575414,-103.78203154993012,,,,,United States of America
4009,WYVP0mo9,,2023,31.383077803575414,-103.78203154993012,,,,,United States of America
4010,WYVP0mo9,,2024,31.383077803575414,-103.78203154993012,,,,,United States of America
4011,WYVP0mo9,,2025,31.383077803575414,-103.78203154993012,279.1754031097798,0.7101706195768543,80.9132341126894,477.43757210687016,United States of America
4012,Wd5gII1V,MEX_S_009,2022,25.953872076039424,-98.86688862166922,,,,,Mexico
4013,Wd5gII1V,MEX_S_009,2023,25.953872076039424,-98.86688862166922,,,,,Mexico
4014,Wd5gII1V,MEX_S_009,2024,25.953872076039424,-98.86688862166922,1720.8713670991883,0.5439492533636336,784.8046718307294,2656.938062367647,Mexico
4015,Wd5gII1V,MEX_S_009,2025,25.953872076039424,-98.86688862166922,,,,,Mexico
4016,WfNBtnKM,IRN_S_019,2022,30.057251541253542,51.54055154540772,,,,,Iran
4017,WfNBtnKM,IRN_S_019,2023,30.057251541253542,51.54055154540772,1231.4838117822972,0.4621381334707156,662.3681816058244,1800.59944195877,Iran
4018,WfNBtnKM,IRN_S_019,2024,30.057251541253542,51.54055154540772,1017.0062485365778,0.4187260672570116,591.1592217110497,1442.853275362106,Iran
4019,WfNBtnKM,IRN_S_019,2025,30.057251541253542,51.54055154540772,629.4549816100945,0.5178196901061977,303.510798096953,955.3991651232359,Iran
4020,WgGyKyLP,,2022,32.08274257017592,-104.20358531888353,,,,,United States of America
4021,WgGyKyLP,,2023,32.08274257017592,-104.20358531888353,,,,,United States of America
4022,WgGyKyLP,,2024,32.08274257017592,-104.20358531888353,,,,,United States of America
4023,WgGyKyLP,,2025,32.08274257017592,-104.20358531888353,223.60549084899023,0.7205479905595763,62.48700373966258,384.72397795831785,United States of America
4024,Whxad2xF,,2022,45.52067942336096,85.15614502519722,,,,,China
4025,Whxad2xF,,2023,45.52067942336096,85.15614502519722,,,,,China
4026,Whxad2xF,,2024,45.52067942336096,85.15614502519722,,,,,China
4027,Whxad2xF,,2025,45.52067942336096,85.15614502519722,127.13032000386843,0.7759333552551785,28.485664248602262,225.7749757591346,China
4028,WkoKO6Tw,ARG_S_001,2022,-38.47226329882716,-69.04762309944626,,,,,Argentina
4029,WkoKO6Tw,ARG_S_001,2023,-38.47226329882716,-69.04762309944626,41.48584138656061,0.8453703581873151,6.414940793901728,76.55674197921948,Argentina
4030,WkoKO6Tw,ARG_S_001,2024,-38.47226329882716,-69.04762309944626,,,,,Argentina
4031,WkoKO6Tw,ARG_S_001,2025,-38.47226329882716,-69.04762309944626,,,,,Argentina
4032,Wo9w6Zi6,DZA_S_246,2022,29.616211261787043,6.68935633292315,,,,,Algeria
4033,Wo9w6Zi6,DZA_S_246,2023,29.616211261787043,6.68935633292315,,,,,Algeria
4034,Wo9w6Zi6,DZA_S_246,2024,29.616211261787043,6.68935633292315,,,,,Algeria
4035,Wo9w6Zi6,DZA_S_246,2025,29.616211261787043,6.68935633292315,688.7675694735861,0.7193646504013236,193.29252765145048,1184.2426112957219,Algeria
4036,WqwX3oAJ,,2022,23.510108378816067,72.41448481793002,,,,,India
4037,WqwX3oAJ,,2023,23.510108378816067,72.41448481793002,,,,,India
4038,WqwX3oAJ,,2024,23.510108378816067,72.41448481793002,,,,,India
4039,WqwX3oAJ,,2025,23.510108378816067,72.41448481793002,139.309966069255,0.7484200721674673,35.04759121005576,243.57234092845425,India
4040,WwzShdQG,LBY_S_019,2022,28.20973121287708,19.911955627885177,,,,,Libya
4041,WwzShdQG,LBY_S_019,2023,28.20973121287708,19.911955627885177,351.76536141021074,0.6828648587424117,111.55715758035379,591.9735652400677,Libya
4042,WwzShdQG,LBY_S_019,2024,28.20973121287708,19.911955627885177,363.0332375537333,0.436114450616419,204.70919660248694,521.3572785049796,Libya
4043,WwzShdQG,LBY_S_019,2025,28.20973121287708,19.911955627885177,685.6152681043269,0.5326219881343301,320.4415009113485,1050.7890352973054,Libya
4044,X3aqvP0r,DZA_S_049,2022,28.091203028158382,9.762205356517605,,,,,Libya
4045,X3aqvP0r,DZA_S_049,2023,28.091203028158382,9.762205356517605,226.66654982266084,0.6104919911398438,88.28843649662602,365.0446631486957,Libya
4046,X3aqvP0r,DZA_S_049,2024,28.091203028158382,9.762205356517605,,,,,Libya
4047,X3aqvP0r,DZA_S_049,2025,28.091203028158382,9.762205356517605,,,,,Libya
4048,X46i042e,IRN_S_027,2022,32.0645963312426,49.09670957661229,,,,,Iran
4049,X46i042e,IRN_S_027,2023,32.0645963312426,49.09670957661229,805.270577435125,0.5077219538524088,396.41702647990587,1214.1241283903441,Iran
4050,X46i042e,IRN_S_027,2024,32.0645963312426,49.09670957661229,933.4530027776102,0.5136920618440519,453.9456051462581,1412.9604004089624,Iran
4051,X46i042e,IRN_S_027,2025,32.0645963312426,49.09670957661229,321.8567240242695,0.791269174851335,67.18141958523194,576.5320284633071,Iran
4052,X4EcGQ8G,EGY_S_035,2022,29.633818492599655,32.300472415180785,,,,,Egypt
4053,X4EcGQ8G,EGY_S_035,2023,29.633818492599655,32.300472415180785,192.2933189281114,0.5091336488567897,94.39031981145966,290.19631804476313,Egypt
4054,X4EcGQ8G,EGY_S_035,2024,29.633818492599655,32.300472415180785,321.74658586047985,0.5004050369463604,160.74297367560112,482.7501980453586,Egypt
4055,X4EcGQ8G,EGY_S_035,2025,29.633818492599655,32.300472415180785,637.076857863933,0.4887079149352778,325.732355003732,948.421360724134,Egypt
4056,X8ssv1xL,TKM_S_030,2022,39.67717041283868,60.195377838749785,,,,,Turkmenistan
4057,X8ssv1xL,TKM_S_030,2023,39.67717041283868,60.195377838749785,583.4849247332095,0.59657551142486,235.3921073517991,931.5777421146199,Turkmenistan
4058,X8ssv1xL,TKM_S_030,2024,39.67717041283868,60.195377838749785,211.0421353878395,0.795646565562002,43.12718517763395,378.95708559804507,Turkmenistan
4059,X8ssv1xL,TKM_S_030,2025,39.67717041283868,60.195377838749785,,,,,Turkmenistan
4060,XBNmfcMO,USA_S_318,2022,32.13843981627988,-103.6817769120803,,,,,United States of America
4061,XBNmfcMO,USA_S_318,2023,32.13843981627988,-103.6817769120803,,,,,United States of America
4062,XBNmfcMO,USA_S_318,2024,32.13843981627988,-103.6817769120803,102.81285560701394,0.90162135156361,10.114589776503749,195.51112143752414,United States of America
4063,XBNmfcMO,USA_S_318,2025,32.13843981627988,-103.6817769120803,,,,,United States of America
4064,XEnw2ieJ,KWT_S_008,2022,28.915195114330327,47.92424693203198,,,,,Kuwait
4065,XEnw2ieJ,KWT_S_008,2023,28.915195114330327,47.92424693203198,,,,,Kuwait
4066,XEnw2ieJ,KWT_S_008,2024,28.915195114330327,47.92424693203198,209.93413020652784,0.660358104712927,71.30242586878828,348.56583454426743,Kuwait
4067,XEnw2ieJ,KWT_S_008,2025,28.915195114330327,47.92424693203198,,,,,Kuwait
4068,XHqZQTxn,,2022,31.969104165606584,-103.64684428707824,,,,,United States of America
4069,XHqZQTxn,,2023,31.969104165606584,-103.64684428707824,,,,,United States of America
4070,XHqZQTxn,,2024,31.969104165606584,-103.64684428707824,,,,,United States of America
4071,XHqZQTxn,,2025,31.969104165606584,-103.64684428707824,262.3838829092442,0.694170754075997,80.24466505274606,444.52310076574236,United States of America
4072,XJc4Ouaz,TKM_S_025,2022,37.9285571831856,53.91631318011069,,,,,Turkmenistan
4073,XJc4Ouaz,TKM_S_025,2023,37.9285571831856,53.91631318011069,,,,,Turkmenistan
4074,XJc4Ouaz,TKM_S_025,2024,37.9285571831856,53.91631318011069,,,,,Turkmenistan
4075,XJc4Ouaz,TKM_S_025,2025,37.9285571831856,53.91631318011069,1257.3905069087543,0.4894805465803223,641.9223143221487,1872.8586994953598,Turkmenistan
4076,XOaegRdQ,VEN_S_081,2022,9.222568749720915,-64.08093931073486,,,,,Venezuela
4077,XOaegRdQ,VEN_S_081,2023,9.222568749720915,-64.08093931073486,,,,,Venezuela
4078,XOaegRdQ,VEN_S_081,2024,9.222568749720915,-64.08093931073486,,,,,Venezuela
4079,XOaegRdQ,VEN_S_081,2025,9.222568749720915,-64.08093931073486,316.61432976493654,0.5450000637782373,144.05949984994228,489.1691596799308,Venezuela
4080,XOpTu6QK,,2022,31.71576931562549,5.8769222253074815,,,,,Algeria
4081,XOpTu6QK,,2023,31.71576931562549,5.8769222253074815,,,,,Algeria
4082,XOpTu6QK,,2024,31.71576931562549,5.8769222253074815,,,,,Algeria
4083,XOpTu6QK,,2025,31.71576931562549,5.8769222253074815,258.381954977944,0.7436607417249352,66.23343869070735,450.5304712651807,Algeria
4084,XPA1dRKd,,2022,35.35846310090648,-119.67537456595385,,,,,United States of America
4085,XPA1dRKd,,2023,35.35846310090648,-119.67537456595385,,,,,United States of America
4086,XPA1dRKd,,2024,35.35846310090648,-119.67537456595385,,,,,United States of America
4087,XPA1dRKd,,2025,35.35846310090648,-119.67537456595385,76.39469988864155,0.8348810987071711,12.614208910207893,140.17519086707523,United States of America
4088,XRlKgPUY,USA_S_313,2022,32.26960677371388,-103.43998331628106,,,,,United States of America
4089,XRlKgPUY,USA_S_313,2023,32.26960677371388,-103.43998331628106,58.31396309879032,0.9152560645082944,4.941754727109583,111.68617147047105,United States of America
4090,XRlKgPUY,USA_S_313,2024,32.26960677371388,-103.43998331628106,,,,,United States of America
4091,XRlKgPUY,USA_S_313,2025,32.26960677371388,-103.43998331628106,,,,,United States of America
4092,XT6c7del,IRN_S_202,2022,30.486130719974646,50.48470797804632,,,,,Iran
4093,XT6c7del,IRN_S_202,2023,30.486130719974646,50.48470797804632,,,,,Iran
4094,XT6c7del,IRN_S_202,2024,30.486130719974646,50.48470797804632,,,,,Iran
4095,XT6c7del,IRN_S_202,2025,30.486130719974646,50.48470797804632,667.3631939567603,0.5321614235252657,312.2182466523627,1022.5081412611578,Iran
4096,XTQFBaMy,IRN_S_056,2022,31.13119131063823,49.32202687630075,,,,,Iran
4097,XTQFBaMy,IRN_S_056,2023,31.13119131063823,49.32202687630075,2536.0462133873575,0.467468018408356,1350.5257154231547,3721.56671135156,Iran
4098,XTQFBaMy,IRN_S_056,2024,31.13119131063823,49.32202687630075,2028.6539194181792,0.5743855063521386,863.4245106999178,3193.8833281364405,Iran
4099,XTQFBaMy,IRN_S_056,2025,31.13119131063823,49.32202687630075,2299.6615135447096,0.4996348981919825,1150.6703673487782,3448.652659740641,Iran
4100,XXkgYjaE,USA_S_982,2022,31.65790386961501,-101.79900254585418,,,,,United States of America
4101,XXkgYjaE,USA_S_982,2023,31.65790386961501,-101.79900254585418,,,,,United States of America
4102,XXkgYjaE,USA_S_982,2024,31.65790386961501,-101.79900254585418,,,,,United States of America
4103,XXkgYjaE,USA_S_982,2025,31.65790386961501,-101.79900254585418,1003.5343958677544,0.6702704959690269,330.8948986274969,1676.1738931080117,United States of America
4104,XY2NGtDr,,2022,32.03469518715724,-103.66852250135102,,,,,United States of America
4105,XY2NGtDr,,2023,32.03469518715724,-103.66852250135102,,,,,United States of America
4106,XY2NGtDr,,2024,32.03469518715724,-103.66852250135102,,,,,United States of America
4107,XY2NGtDr,,2025,32.03469518715724,-103.66852250135102,91.3447758033638,0.7766284517376284,20.403823996876596,162.285727609851,United States of America
4108,XZLc3vkr,DZA_S_321,2022,31.450843580377366,5.95538488618499,,,,,Algeria
4109,XZLc3vkr,DZA_S_321,2023,31.450843580377366,5.95538488618499,,,,,Algeria
4110,XZLc3vkr,DZA_S_321,2024,31.450843580377366,5.95538488618499,,,,,Algeria
4111,XZLc3vkr,DZA_S_321,2025,31.450843580377366,5.95538488618499,744.0356442766956,0.5787352766999341,313.43596981160846,1174.6353187417828,Algeria
4112,XZLh9MD3,EGY_S_006,2022,29.56664449717737,28.526686897662504,,,,,Egypt
4113,XZLh9MD3,EGY_S_006,2023,29.56664449717737,28.526686897662504,,,,,Egypt
4114,XZLh9MD3,EGY_S_006,2024,29.56664449717737,28.526686897662504,335.92094651656225,0.6606999061177145,113.9780086900958,557.8638843430288,Egypt
4115,XZLh9MD3,EGY_S_006,2025,29.56664449717737,28.526686897662504,883.9691449092156,0.4985890884205721,443.2317747570172,1324.706515061414,Egypt
4116,Xa6Xb96D,USA_S_213,2022,32.39848084001006,-101.63473551174413,,,,,United States of America
4117,Xa6Xb96D,USA_S_213,2023,32.39848084001006,-101.63473551174413,128.89633377012464,0.9720363223176698,3.6044155319818145,254.18825200826745,United States of America
4118,Xa6Xb96D,USA_S_213,2024,32.39848084001006,-101.63473551174413,767.5639973931571,0.833919411858512,127.47748012328702,1407.6505146630273,United States of America
4119,Xa6Xb96D,USA_S_213,2025,32.39848084001006,-101.63473551174413,424.17995140827617,0.6991318893000814,127.62222057699131,720.7376822395611,United States of America
4120,XcivZxz8,,2022,41.8300608771653,-75.67676452457385,,,,,United States of America
4121,XcivZxz8,,2023,41.8300608771653,-75.67676452457385,,,,,United States of America
4122,XcivZxz8,,2024,41.8300608771653,-75.67676452457385,,,,,United States of America
4123,XcivZxz8,,2025,41.8300608771653,-75.67676452457385,155.1331192009326,0.8095232134379414,29.549258034742437,280.7169803671228,United States of America
4124,Xd72YpMi,USA_S_240,2022,31.874749376975178,-103.86222796822142,,,,,United States of America
4125,Xd72YpMi,USA_S_240,2023,31.874749376975178,-103.86222796822142,296.14272840653405,0.8205780549938538,53.13450433012724,539.1509524829409,United States of America
4126,Xd72YpMi,USA_S_240,2024,31.874749376975178,-103.86222796822142,1203.7483965769295,0.4579731485621152,652.4639533199954,1755.0328398338636,United States of America
4127,Xd72YpMi,USA_S_240,2025,31.874749376975178,-103.86222796822142,357.4940703035164,0.5607482843944732,157.0298836996224,557.9582569074105,United States of America
4128,Xex43MtC,,2022,43.426922622229206,52.82913235507693,,,,,Kazakhstan
4129,Xex43MtC,,2023,43.426922622229206,52.82913235507693,,,,,Kazakhstan
4130,Xex43MtC,,2024,43.426922622229206,52.82913235507693,,,,,Kazakhstan
4131,Xex43MtC,,2025,43.426922622229206,52.82913235507693,311.9857909068738,0.6633435224592623,105.03203740946924,518.9395444042783,Kazakhstan
4132,XhtZAcnC,,2022,38.70623402199535,54.3611070713715,,,,,Turkmenistan
4133,XhtZAcnC,,2023,38.70623402199535,54.3611070713715,,,,,Turkmenistan
4134,XhtZAcnC,,2024,38.70623402199535,54.3611070713715,,,,,Turkmenistan
4135,XhtZAcnC,,2025,38.70623402199535,54.3611070713715,116.86913167209562,0.8055925416329327,22.720230849938233,211.01803249425302,Turkmenistan
4136,XhvoZfk1,IRN_S_018,2022,30.36109628519028,49.88064062865315,,,,,Iran
4137,XhvoZfk1,IRN_S_018,2023,30.36109628519028,49.88064062865315,3470.4643476647625,0.4650986060862759,1856.3562170937646,5084.57247823576,Iran
4138,XhvoZfk1,IRN_S_018,2024,30.36109628519028,49.88064062865315,542.1217680981589,0.4476344467723527,299.4493903522898,784.794145844028,Iran
4139,XhvoZfk1,IRN_S_018,2025,30.36109628519028,49.88064062865315,,,,,Iran
4140,XlZL013h,TKM_S_136,2022,36.50732102433019,61.570735758993074,,,,,Turkmenistan
4141,XlZL013h,TKM_S_136,2023,36.50732102433019,61.570735758993074,772.2258542066589,0.5763026108741746,327.1900782428217,1217.2616301704961,Turkmenistan
4142,XlZL013h,TKM_S_136,2024,36.50732102433019,61.570735758993074,,,,,Turkmenistan
4143,XlZL013h,TKM_S_136,2025,36.50732102433019,61.570735758993074,373.8167391696248,0.714023699288854,106.90272821163262,640.730750127617,Turkmenistan
4144,XqSJ70Xe,TKM_S_312,2022,38.484772667408286,54.16710683036164,,,,,Turkmenistan
4145,XqSJ70Xe,TKM_S_312,2023,38.484772667408286,54.16710683036164,,,,,Turkmenistan
4146,XqSJ70Xe,TKM_S_312,2024,38.484772667408286,54.16710683036164,,,,,Turkmenistan
4147,XqSJ70Xe,TKM_S_312,2025,38.484772667408286,54.16710683036164,1654.5028269749075,0.7935937855654981,341.4996652870723,2967.5059886627428,Turkmenistan
4148,Y1aWlapx,AZE_S_004,2022,40.24905495649235,49.631988987826766,,,,,Azerbaijan
4149,Y1aWlapx,AZE_S_004,2023,40.24905495649235,49.631988987826766,,,,,Azerbaijan
4150,Y1aWlapx,AZE_S_004,2024,40.24905495649235,49.631988987826766,914.791253339092,0.6644074155472698,306.99716094281814,1522.585345735366,Azerbaijan
4151,Y1aWlapx,AZE_S_004,2025,40.24905495649235,49.631988987826766,1019.3747297060042,0.7122259608646845,293.34958335996737,1745.3998760520412,Azerbaijan
4152,Y4f7xO1p,USA_S_165,2022,31.70508076819484,-101.89134745269568,,,,,United States of America
4153,Y4f7xO1p,USA_S_165,2023,31.70508076819484,-101.89134745269568,,,,,United States of America
4154,Y4f7xO1p,USA_S_165,2024,31.70508076819484,-101.89134745269568,,,,,United States of America
4155,Y4f7xO1p,USA_S_165,2025,31.70508076819484,-101.89134745269568,460.33529142606903,0.5791966464889224,193.71063437158904,726.959948480549,United States of America
4156,Y69mTkqr,TKM_S_093,2022,37.488308790828874,54.0308653167908,,,,,Turkmenistan
4157,Y69mTkqr,TKM_S_093,2023,37.488308790828874,54.0308653167908,,,,,Turkmenistan
4158,Y69mTkqr,TKM_S_093,2024,37.488308790828874,54.0308653167908,,,,,Turkmenistan
4159,Y69mTkqr,TKM_S_093,2025,37.488308790828874,54.0308653167908,549.2606572016571,0.5536912163147002,245.13985584185997,853.3814585614541,Turkmenistan
4160,Y9mvgucI,VEN_S_061,2022,9.653127165509805,-63.627384651927805,,,,,Venezuela
4161,Y9mvgucI,VEN_S_061,2023,9.653127165509805,-63.627384651927805,,,,,Venezuela
4162,Y9mvgucI,VEN_S_061,2024,9.653127165509805,-63.627384651927805,,,,,Venezuela
4163,Y9mvgucI,VEN_S_061,2025,9.653127165509805,-63.627384651927805,570.56921661188,0.5760757921658504,241.87810316674256,899.2603300570175,Venezuela
4164,YA6tGsfY,USA_S_425,2022,32.23363868037203,-103.9145327465467,,,,,United States of America
4165,YA6tGsfY,USA_S_425,2023,32.23363868037203,-103.9145327465467,,,,,United States of America
4166,YA6tGsfY,USA_S_425,2024,32.23363868037203,-103.9145327465467,2207.0186883573137,0.5163450319456263,1067.4355532128623,3346.6018235017655,United States of America
4167,YA6tGsfY,USA_S_425,2025,32.23363868037203,-103.9145327465467,1512.261931391444,0.6476142867406046,532.8994993284049,2491.624363454483,United States of America
4168,YALi2J3f,,2022,31.28477082498315,-103.19740906794156,,,,,United States of America
4169,YALi2J3f,,2023,31.28477082498315,-103.19740906794156,,,,,United States of America
4170,YALi2J3f,,2024,31.28477082498315,-103.19740906794156,,,,,United States of America
4171,YALi2J3f,,2025,31.28477082498315,-103.19740906794156,186.08062317285015,0.7542050714604677,45.73767347536236,326.4235728703379,United States of America
4172,YCVHlayP,VEN_S_052,2022,9.65198644512136,-63.63317022319086,,,,,Venezuela
4173,YCVHlayP,VEN_S_052,2023,9.65198644512136,-63.63317022319086,,,,,Venezuela
4174,YCVHlayP,VEN_S_052,2024,9.65198644512136,-63.63317022319086,,,,,Venezuela
4175,YCVHlayP,VEN_S_052,2025,9.65198644512136,-63.63317022319086,1578.6851208622832,0.5478607564442638,713.7854963593687,2443.5847453651977,Venezuela
4176,YF5zSa0x,LBY_S_065,2022,29.70941689189574,19.688266078585023,,,,,Libya
4177,YF5zSa0x,LBY_S_065,2023,29.70941689189574,19.688266078585023,,,,,Libya
4178,YF5zSa0x,LBY_S_065,2024,29.70941689189574,19.688266078585023,60.81537155080627,0.7018751940903241,18.13057083990895,103.5001722617036,Libya
4179,YF5zSa0x,LBY_S_065,2025,29.70941689189574,19.688266078585023,475.4934461427981,0.5423674354363395,217.60128519154148,733.3856070940548,Libya
4180,YGGAhRzu,VEN_S_090,2022,9.668499936410656,-63.483229996315664,,,,,Venezuela
4181,YGGAhRzu,VEN_S_090,2023,9.668499936410656,-63.483229996315664,,,,,Venezuela
4182,YGGAhRzu,VEN_S_090,2024,9.668499936410656,-63.483229996315664,,,,,Venezuela
4183,YGGAhRzu,VEN_S_090,2025,9.668499936410656,-63.483229996315664,282.76432642321663,0.5766629422125705,119.70461799524884,445.8240348511844,Venezuela
4184,YHcdvVlR,,2022,32.1308755943955,-103.99319879213157,,,,,United States of America
4185,YHcdvVlR,,2023,32.1308755943955,-103.99319879213157,,,,,United States of America
4186,YHcdvVlR,,2024,32.1308755943955,-103.99319879213157,,,,,United States of America
4187,YHcdvVlR,,2025,32.1308755943955,-103.99319879213157,124.3752982101217,0.8401808510805546,19.87755430654387,228.8730421136995,United States of America
4188,YHceNelL,DZA_S_103,2022,31.874814949152835,6.20340606173232,,,,,Algeria
4189,YHceNelL,DZA_S_103,2023,31.874814949152835,6.20340606173232,,,,,Algeria
4190,YHceNelL,DZA_S_103,2024,31.874814949152835,6.20340606173232,88.74118826423346,0.6345803696361402,32.42777221356589,145.05460431490104,Algeria
4191,YHceNelL,DZA_S_103,2025,31.874814949152835,6.20340606173232,310.8311845482319,0.5766418178148999,131.59292525678083,490.0694438396829,Algeria
4192,YWMIkmQc,,2022,31.457904599813908,-103.22776540016284,,,,,United States of America
4193,YWMIkmQc,,2023,31.457904599813908,-103.22776540016284,,,,,United States of America
4194,YWMIkmQc,,2024,31.457904599813908,-103.22776540016284,,,,,United States of America
4195,YWMIkmQc,,2025,31.457904599813908,-103.22776540016284,271.24090733160347,0.7216900677604644,75.48903854004871,466.99277612315825,United States of America
4196,YZ62Inkx,,2022,31.780589766836695,-103.7882616443118,,,,,United States of America
4197,YZ62Inkx,,2023,31.780589766836695,-103.7882616443118,,,,,United States of America
4198,YZ62Inkx,,2024,31.780589766836695,-103.7882616443118,,,,,United States of America
4199,YZ62Inkx,,2025,31.780589766836695,-103.7882616443118,172.74940374871198,0.7532201013074339,42.63108035630833,302.86772714111567,United States of America
4200,YZdjpnyN,,2022,32.19381038926921,-102.01096061204716,,,,,United States of America
4201,YZdjpnyN,,2023,32.19381038926921,-102.01096061204716,,,,,United States of America
4202,YZdjpnyN,,2024,32.19381038926921,-102.01096061204716,,,,,United States of America
4203,YZdjpnyN,,2025,32.19381038926921,-102.01096061204716,95.45644067897514,0.8316419835198847,16.07085701296404,174.84202434498624,United States of America
4204,YatAWvdZ,,2022,31.887781004331288,-103.6741956632658,,,,,United States of America
4205,YatAWvdZ,,2023,31.887781004331288,-103.6741956632658,,,,,United States of America
4206,YatAWvdZ,,2024,31.887781004331288,-103.6741956632658,,,,,United States of America
4207,YatAWvdZ,,2025,31.887781004331288,-103.6741956632658,219.00949567358373,0.7006094645916886,65.5693701692185,372.449621177949,United States of America
4208,YbOe0eqx,USA_S_017,2022,32.313934969792285,-103.71860219000423,,,,,United States of America
4209,YbOe0eqx,USA_S_017,2023,32.313934969792285,-103.71860219000423,,,,,United States of America
4210,YbOe0eqx,USA_S_017,2024,32.313934969792285,-103.71860219000423,359.5553639590311,0.741996778036557,92.76644237566848,626.3442855423938,United States of America
4211,YbOe0eqx,USA_S_017,2025,32.313934969792285,-103.71860219000423,,,,,United States of America
4212,YbPtye6T,IRQ_S_040,2022,36.30637732536156,43.08933206612472,2306.5759701127386,0.4585501983646927,1248.8951014743088,3364.2568387511683,Iraq
4213,YbPtye6T,IRQ_S_040,2023,36.30637732536156,43.08933206612472,569.7961468903023,0.6525921458411114,197.95165669916287,941.6406370814418,Iraq
4214,YbPtye6T,IRQ_S_040,2024,36.30637732536156,43.08933206612472,,,,,Iraq
4215,YbPtye6T,IRQ_S_040,2025,36.30637732536156,43.08933206612472,432.71308575695537,0.4851201286852123,222.79525791076586,642.6309136031449,Iraq
4216,YbhzwPtz,UZB_S_023,2022,38.689777552236364,65.97212113700786,,,,,Uzbekistan
4217,YbhzwPtz,UZB_S_023,2023,38.689777552236364,65.97212113700786,1180.58583315515,0.4836670549870278,609.5753600735922,1751.5963062367082,Uzbekistan
4218,YbhzwPtz,UZB_S_023,2024,38.689777552236364,65.97212113700786,2080.198646000667,0.5985745688979557,835.0446382487066,3325.3526537526272,Uzbekistan
4219,YbhzwPtz,UZB_S_023,2025,38.689777552236364,65.97212113700786,1664.2482426007882,0.5340404465734696,775.4723679131513,2553.0241172884253,Uzbekistan
4220,YchV4Hrg,,2022,31.601136834577915,5.964740876882217,,,,,Algeria
4221,YchV4Hrg,,2023,31.601136834577915,5.964740876882217,,,,,Algeria
4222,YchV4Hrg,,2024,31.601136834577915,5.964740876882217,,,,,Algeria
4223,YchV4Hrg,,2025,31.601136834577915,5.964740876882217,168.6346800615861,0.768848907303128,38.98009056282302,298.28926956034917,Algeria
4224,YdGdTdhg,IRN_S_165,2022,30.49802935870804,50.55400969348256,,,,,Iran
4225,YdGdTdhg,IRN_S_165,2023,30.49802935870804,50.55400969348256,,,,,Iran
4226,YdGdTdhg,IRN_S_165,2024,30.49802935870804,50.55400969348256,,,,,Iran
4227,YdGdTdhg,IRN_S_165,2025,30.49802935870804,50.55400969348256,846.9672495108886,0.598329879377963,340.2014372739535,1353.7330617478237,Iran
4228,YjBJWwrU,DZA_S_370,2022,28.362916001780896,9.759750215098869,,,,,Libya
4229,YjBJWwrU,DZA_S_370,2023,28.362916001780896,9.759750215098869,,,,,Libya
4230,YjBJWwrU,DZA_S_370,2024,28.362916001780896,9.759750215098869,,,,,Libya
4231,YjBJWwrU,DZA_S_370,2025,28.362916001780896,9.759750215098869,1502.596961100627,0.5998937366956645,601.1984553584218,2403.995466842832,Libya
4232,YkeRW90F,,2022,38.398742861639015,54.052811361545096,,,,,Turkmenistan
4233,YkeRW90F,,2023,38.398742861639015,54.052811361545096,,,,,Turkmenistan
4234,YkeRW90F,,2024,38.398742861639015,54.052811361545096,,,,,Turkmenistan
4235,YkeRW90F,,2025,38.398742861639015,54.052811361545096,305.1238751647888,0.7227334144558138,84.60065503495147,525.6470952946261,Turkmenistan
4236,YnjL2J2d,ARE_S_009,2022,24.988461941897032,55.62193572537732,,,,,United Arab Emirates
4237,YnjL2J2d,ARE_S_009,2023,24.988461941897032,55.62193572537732,732.3634697559042,0.5402241380216575,336.72304558847065,1128.0038939233377,United Arab Emirates
4238,YnjL2J2d,ARE_S_009,2024,24.988461941897032,55.62193572537732,,,,,United Arab Emirates
4239,YnjL2J2d,ARE_S_009,2025,24.988461941897032,55.62193572537732,,,,,United Arab Emirates
4240,YoAcsjys,SYR_S_015,2022,35.04059230672391,40.69639353904451,,,,,Syria
4241,YoAcsjys,SYR_S_015,2023,35.04059230672391,40.69639353904451,,,,,Syria
4242,YoAcsjys,SYR_S_015,2024,35.04059230672391,40.69639353904451,391.5254578917688,0.9054053494419556,37.036213873850215,746.0147019096873,Syria
4243,YoAcsjys,SYR_S_015,2025,35.04059230672391,40.69639353904451,,,,,Syria
4244,YqJQfNJ2,,2022,31.88153414054744,-101.76418289347951,,,,,United States of America
4245,YqJQfNJ2,,2023,31.88153414054744,-101.76418289347951,,,,,United States of America
4246,YqJQfNJ2,,2024,31.88153414054744,-101.76418289347951,,,,,United States of America
4247,YqJQfNJ2,,2025,31.88153414054744,-101.76418289347951,173.43650635500458,0.7779711655175265,38.50790536271376,308.3651073472954,United States of America
4248,YrmoSiDm,IND_S_015,2022,22.800602205075528,72.58223119107602,,,,,India
4249,YrmoSiDm,IND_S_015,2023,22.800602205075528,72.58223119107602,405.93034168844514,0.8433860682411752,63.574346832030585,748.2863365448598,India
4250,YrmoSiDm,IND_S_015,2024,22.800602205075528,72.58223119107602,1064.7724857493706,0.5956859959085897,430.50242715969216,1699.042544339049,India
4251,YrmoSiDm,IND_S_015,2025,22.800602205075528,72.58223119107602,584.4779092041086,0.7366711395978096,153.90990176097284,1015.0459166472444,India
4252,YulgoBjJ,,2022,54.55098828109405,86.30286238058852,,,,,Russia
4253,YulgoBjJ,,2023,54.55098828109405,86.30286238058852,,,,,Russia
4254,YulgoBjJ,,2024,54.55098828109405,86.30286238058852,,,,,Russia
4255,YulgoBjJ,,2025,54.55098828109405,86.30286238058852,176.06712670799405,0.8534373694712892,25.804861239955443,326.3293921760327,Russia
4256,YwrSRzUx,UZB_S_043,2022,38.57572443448103,65.93086040049134,,,,,Uzbekistan
4257,YwrSRzUx,UZB_S_043,2023,38.57572443448103,65.93086040049134,,,,,Uzbekistan
4258,YwrSRzUx,UZB_S_043,2024,38.57572443448103,65.93086040049134,417.1554891788755,0.8430674277901479,65.46528392830004,768.845694429451,Uzbekistan
4259,YwrSRzUx,UZB_S_043,2025,38.57572443448103,65.93086040049134,85.89380500784134,0.8483898675826567,13.022371151068299,158.7652388646144,Uzbekistan
4260,YxBTSmb1,QAT_S_006,2022,24.920780956960904,51.567336826096735,,,,,
4261,YxBTSmb1,QAT_S_006,2023,24.920780956960904,51.567336826096735,,,,,
4262,YxBTSmb1,QAT_S_006,2024,24.920780956960904,51.567336826096735,,,,,
4263,YxBTSmb1,QAT_S_006,2025,24.920780956960904,51.567336826096735,597.8068018840277,0.8378349584590586,96.94336486098064,1098.6702389070747,
4264,YyJURHYG,USA_S_1038,2022,39.82712951172755,-80.28015905304734,,,,,United States of America
4265,YyJURHYG,USA_S_1038,2023,39.82712951172755,-80.28015905304734,,,,,United States of America
4266,YyJURHYG,USA_S_1038,2024,39.82712951172755,-80.28015905304734,640.9718965624664,0.7047557466029335,189.24326904908713,1092.7005240758458,United States of America
4267,YyJURHYG,USA_S_1038,2025,39.82712951172755,-80.28015905304734,184.64279096773785,0.9756104893267727,4.503347321042099,364.7822346144336,United States of America
4268,Z0SqAjcU,,2022,31.85213974582278,-101.77616846704284,,,,,United States of America
4269,Z0SqAjcU,,2023,31.85213974582278,-101.77616846704284,,,,,United States of America
4270,Z0SqAjcU,,2024,31.85213974582278,-101.77616846704284,,,,,United States of America
4271,Z0SqAjcU,,2025,31.85213974582278,-101.77616846704284,223.43668944664577,0.742643044293247,57.50298618918393,389.37039270410764,United States of America
4272,Z1FrO8Sw,,2022,31.883916432381604,-101.9221981013392,,,,,United States of America
4273,Z1FrO8Sw,,2023,31.883916432381604,-101.9221981013392,,,,,United States of America
4274,Z1FrO8Sw,,2024,31.883916432381604,-101.9221981013392,,,,,United States of America
4275,Z1FrO8Sw,,2025,31.883916432381604,-101.9221981013392,224.04144044022863,0.7204804309774212,62.623966875050456,385.45891400540677,United States of America
4276,Z2O652u9,USA_S_075,2022,31.827098487370268,-101.90582936194204,,,,,United States of America
4277,Z2O652u9,USA_S_075,2023,31.827098487370268,-101.90582936194204,,,,,United States of America
4278,Z2O652u9,USA_S_075,2024,31.827098487370268,-101.90582936194204,44.00366777581931,0.904642352138642,4.1960862563747625,83.81124929526385,United States of America
4279,Z2O652u9,USA_S_075,2025,31.827098487370268,-101.90582936194204,107.50501945499995,0.809672650442161,20.46114541703406,194.54889349296585,United States of America
4280,Z3Gvdnvn,DZA_S_180,2022,31.398422954376,6.933502547942162,,,,,Algeria
4281,Z3Gvdnvn,DZA_S_180,2023,31.398422954376,6.933502547942162,,,,,Algeria
4282,Z3Gvdnvn,DZA_S_180,2024,31.398422954376,6.933502547942162,,,,,Algeria
4283,Z3Gvdnvn,DZA_S_180,2025,31.398422954376,6.933502547942162,1123.3438377137509,0.4971693403276752,564.8517229564463,1681.8359524710554,Algeria
4284,Z3sTxLMc,DZA_S_028,2022,28.68431879996441,7.194607108760946,,,,,Algeria
4285,Z3sTxLMc,DZA_S_028,2023,28.68431879996441,7.194607108760946,1339.1466812417127,0.5132051022350552,651.8897717873247,2026.4035906961008,Algeria
4286,Z3sTxLMc,DZA_S_028,2024,28.68431879996441,7.194607108760946,2865.8522996048137,0.5850645442130167,1189.1437301546976,4542.56086905493,Algeria
4287,Z3sTxLMc,DZA_S_028,2025,28.68431879996441,7.194607108760946,406.59737373829495,0.689584691068869,126.21404937955936,686.9806980970305,Algeria
4288,Z4dZXyuV,,2022,31.63742288339188,5.835388175430978,,,,,Algeria
4289,Z4dZXyuV,,2023,31.63742288339188,5.835388175430978,,,,,Algeria
4290,Z4dZXyuV,,2024,31.63742288339188,5.835388175430978,,,,,Algeria
4291,Z4dZXyuV,,2025,31.63742288339188,5.835388175430978,150.77992437875048,0.85449638622395,21.939023881987737,279.6208248755132,Algeria
4292,Z5wyvtn9,,2022,38.66786608798022,54.28243948116723,,,,,Turkmenistan
4293,Z5wyvtn9,,2023,38.66786608798022,54.28243948116723,,,,,Turkmenistan
4294,Z5wyvtn9,,2024,38.66786608798022,54.28243948116723,,,,,Turkmenistan
4295,Z5wyvtn9,,2025,38.66786608798022,54.28243948116723,201.4047228888324,0.8100530341529787,38.25621601999384,364.5532297576709,Turkmenistan
4296,Z7U5V085,UZB_S_001,2022,38.53820163393784,65.99027675858284,,,,,Uzbekistan
4297,Z7U5V085,UZB_S_001,2023,38.53820163393784,65.99027675858284,63.841699828874454,0.9407665304972282,3.781565379818744,123.90183427793016,Uzbekistan
4298,Z7U5V085,UZB_S_001,2024,38.53820163393784,65.99027675858284,222.59540153057716,0.7546930000993539,54.60421014114556,390.5865929200088,Uzbekistan
4299,Z7U5V085,UZB_S_001,2025,38.53820163393784,65.99027675858284,796.4415883988814,0.5499691351339661,358.42329684242645,1234.4598799553364,Uzbekistan
4300,ZBs9gl4g,TKM_S_081,2022,37.89474092915137,63.246295787564975,,,,,Turkmenistan
4301,ZBs9gl4g,TKM_S_081,2023,37.89474092915137,63.246295787564975,,,,,Turkmenistan
4302,ZBs9gl4g,TKM_S_081,2024,37.89474092915137,63.246295787564975,1451.8141506292427,0.547864446351171,656.4167947899571,2247.2115064685286,Turkmenistan
4303,ZBs9gl4g,TKM_S_081,2025,37.89474092915137,63.246295787564975,,,,,Turkmenistan
4304,ZBsOB4E7,USA_S_238,2022,31.522880727929948,-103.46251271526796,,,,,United States of America
4305,ZBsOB4E7,USA_S_238,2023,31.522880727929948,-103.46251271526796,,,,,United States of America
4306,ZBsOB4E7,USA_S_238,2024,31.522880727929948,-103.46251271526796,,,,,United States of America
4307,ZBsOB4E7,USA_S_238,2025,31.522880727929948,-103.46251271526796,1309.569057129558,0.551481843285425,587.3654995941932,2031.7726146649225,United States of America
4308,ZF7jSKF5,BHR_S_013,2022,26.067022975967102,50.558471194270645,,,,,
4309,ZF7jSKF5,BHR_S_013,2023,26.067022975967102,50.558471194270645,185.09104769376216,0.8881855934231067,20.695845660573468,349.48624972695086,
4310,ZF7jSKF5,BHR_S_013,2024,26.067022975967102,50.558471194270645,551.6145380503644,0.5762641943078721,233.7388307122621,869.4902453884667,
4311,ZF7jSKF5,BHR_S_013,2025,26.067022975967102,50.558471194270645,760.1210926980191,0.5878737485000689,313.26585661966624,1206.976328776372,
4312,ZFr5PkgE,RUS_S_030,2022,60.315112826582094,60.277414130495025,,,,,Russia
4313,ZFr5PkgE,RUS_S_030,2023,60.315112826582094,60.277414130495025,,,,,Russia
4314,ZFr5PkgE,RUS_S_030,2024,60.315112826582094,60.277414130495025,,,,,Russia
4315,ZFr5PkgE,RUS_S_030,2025,60.315112826582094,60.277414130495025,2734.9794856020635,0.5127204646351518,1332.6995329765653,4137.259438227562,Russia
4316,ZG0oTDHD,USA_S_295,2022,32.08410071294322,-103.58729727531907,,,,,United States of America
4317,ZG0oTDHD,USA_S_295,2023,32.08410071294322,-103.58729727531907,81.82057283959006,0.9306677908856568,5.672801065969807,157.96834461321032,United States of America
4318,ZG0oTDHD,USA_S_295,2024,32.08410071294322,-103.58729727531907,,,,,United States of America
4319,ZG0oTDHD,USA_S_295,2025,32.08410071294322,-103.58729727531907,,,,,United States of America
4320,ZHZai03W,IRN_S_064,2022,30.341308515899012,49.89701147916609,,,,,Iran
4321,ZHZai03W,IRN_S_064,2023,30.341308515899012,49.89701147916609,,,,,Iran
4322,ZHZai03W,IRN_S_064,2024,30.341308515899012,49.89701147916609,2160.7216711470073,0.5307972896577391,1013.8164643974353,3307.6268778965796,Iran
4323,ZHZai03W,IRN_S_064,2025,30.341308515899012,49.89701147916609,295.4938358083906,0.8936588061438863,31.423167276986703,559.5645043397944,Iran
4324,ZIbe0ZRp,USA_S_146,2022,31.273381404243192,-101.46884893848812,,,,,United States of America
4325,ZIbe0ZRp,USA_S_146,2023,31.273381404243192,-101.46884893848812,886.0736626301363,0.6028702021056268,351.886254559833,1420.2610707004396,United States of America
4326,ZIbe0ZRp,USA_S_146,2024,31.273381404243192,-101.46884893848812,,,,,United States of America
4327,ZIbe0ZRp,USA_S_146,2025,31.273381404243192,-101.46884893848812,1757.0643258268385,0.5574089144362223,777.6610073730876,2736.4676442805894,United States of America
4328,ZIqyd6EX,MEX_S_085,2022,20.412815063449894,-97.5378613991588,,,,,Mexico
4329,ZIqyd6EX,MEX_S_085,2023,20.412815063449894,-97.5378613991588,,,,,Mexico
4330,ZIqyd6EX,MEX_S_085,2024,20.412815063449894,-97.5378613991588,,,,,Mexico
4331,ZIqyd6EX,MEX_S_085,2025,20.412815063449894,-97.5378613991588,135.99042001687832,0.8768429077167508,16.748184707656506,255.23265532610014,Mexico
4332,ZItRq5tF,TKM_S_201,2022,39.469687249358216,53.646930412634575,,,,,Turkmenistan
4333,ZItRq5tF,TKM_S_201,2023,39.469687249358216,53.646930412634575,1446.0406533734415,0.5079489464839959,711.5258269193728,2180.55547982751,Turkmenistan
4334,ZItRq5tF,TKM_S_201,2024,39.469687249358216,53.646930412634575,226.05856496804617,0.5399123510657964,104.00675367758829,348.11037625850406,Turkmenistan
4335,ZItRq5tF,TKM_S_201,2025,39.469687249358216,53.646930412634575,1532.3193787194937,0.5767310881074122,648.5831561025261,2416.055601336461,Turkmenistan
4336,ZPJXlf4J,,2022,32.333873969950986,-102.05490207206924,,,,,United States of America
4337,ZPJXlf4J,,2023,32.333873969950986,-102.05490207206924,,,,,United States of America
4338,ZPJXlf4J,,2024,32.333873969950986,-102.05490207206924,,,,,United States of America
4339,ZPJXlf4J,,2025,32.333873969950986,-102.05490207206924,269.07190780511587,0.8003691441226465,53.715055247687644,484.4287603625441,United States of America
4340,ZRLUQ80g,TKM_S_478,2022,39.33450769578831,54.132806907352744,,,,,Turkmenistan
4341,ZRLUQ80g,TKM_S_478,2023,39.33450769578831,54.132806907352744,,,,,Turkmenistan
4342,ZRLUQ80g,TKM_S_478,2024,39.33450769578831,54.132806907352744,,,,,Turkmenistan
4343,ZRLUQ80g,TKM_S_478,2025,39.33450769578831,54.132806907352744,1075.7346679705072,0.5149435561188235,521.7920326054724,1629.677303335542,Turkmenistan
4344,ZRVo5NqN,USA_S_427,2022,32.5762698755956,-101.8379213484921,,,,,United States of America
4345,ZRVo5NqN,USA_S_427,2023,32.5762698755956,-101.8379213484921,,,,,United States of America
4346,ZRVo5NqN,USA_S_427,2024,32.5762698755956,-101.8379213484921,,,,,United States of America
4347,ZRVo5NqN,USA_S_427,2025,32.5762698755956,-101.8379213484921,1068.327609140501,0.779305895998544,235.7736044792805,1900.8816138017214,United States of America
4348,ZRlcnZ7c,,2022,32.25990785962189,-102.00752426371592,,,,,United States of America
4349,ZRlcnZ7c,,2023,32.25990785962189,-102.00752426371592,,,,,United States of America
4350,ZRlcnZ7c,,2024,32.25990785962189,-102.00752426371592,,,,,United States of America
4351,ZRlcnZ7c,,2025,32.25990785962189,-102.00752426371592,347.76842690522415,0.681970468848796,110.60062975786019,584.9362240525882,United States of America
4352,ZSQlYbGQ,,2022,28.42074071425519,-98.79915909345164,,,,,United States of America
4353,ZSQlYbGQ,,2023,28.42074071425519,-98.79915909345164,,,,,United States of America
4354,ZSQlYbGQ,,2024,28.42074071425519,-98.79915909345164,,,,,United States of America
4355,ZSQlYbGQ,,2025,28.42074071425519,-98.79915909345164,256.6818034689661,0.7360072763767364,67.76212840230366,445.60147853562853,United States of America
4356,ZUh2buFs,DZA_S_158,2022,31.669308823975687,6.197983736529749,,,,,Algeria
4357,ZUh2buFs,DZA_S_158,2023,31.669308823975687,6.197983736529749,525.3410173618236,0.6586745666902075,179.31225038643163,871.3697843372155,Algeria
4358,ZUh2buFs,DZA_S_158,2024,31.669308823975687,6.197983736529749,,,,,Algeria
4359,ZUh2buFs,DZA_S_158,2025,31.669308823975687,6.197983736529749,479.64199509355143,0.5220928765546283,229.22432615875823,730.0596640283446,Algeria
4360,ZVrKSDJb,EGY_S_005,2022,29.60394515431924,28.61767175156979,,,,,Egypt
4361,ZVrKSDJb,EGY_S_005,2023,29.60394515431924,28.61767175156979,1170.4006154230508,0.4574578596222857,634.991654991016,1705.8095758550855,Egypt
4362,ZVrKSDJb,EGY_S_005,2024,29.60394515431924,28.61767175156979,535.947594843751,0.6040854875386764,212.18943071738266,859.7057589701192,Egypt
4363,ZVrKSDJb,EGY_S_005,2025,29.60394515431924,28.61767175156979,907.02985267597,0.7731899498738853,205.72348635131914,1608.336219000621,Egypt
4364,ZXmPD0v7,DZA_S_041,2022,28.421336027640084,9.52512248082282,649.0337899815464,0.5697580478984894,279.2415647815024,1018.8260151815905,Algeria
4365,ZXmPD0v7,DZA_S_041,2023,28.421336027640084,9.52512248082282,,,,,Algeria
4366,ZXmPD0v7,DZA_S_041,2024,28.421336027640084,9.52512248082282,174.70074510696983,0.5858166948054587,72.35813202835385,277.0433581855858,Algeria
4367,ZXmPD0v7,DZA_S_041,2025,28.421336027640084,9.52512248082282,548.5240145519349,0.5240573411815705,261.0659779116068,835.982051192263,Algeria
4368,ZaHIT8Th,,2022,31.9962420525548,-104.07687574725465,,,,,United States of America
4369,ZaHIT8Th,,2023,31.9962420525548,-104.07687574725465,,,,,United States of America
4370,ZaHIT8Th,,2024,31.9962420525548,-104.07687574725465,,,,,United States of America
4371,ZaHIT8Th,,2025,31.9962420525548,-104.07687574725465,187.83958118877763,0.730023848826584,50.71220716737258,324.9669552101827,United States of America
4372,ZgawKQGd,TKM_S_252,2022,38.427956879150265,54.02620514182595,,,,,Turkmenistan
4373,ZgawKQGd,TKM_S_252,2023,38.427956879150265,54.02620514182595,661.7334298720399,0.6938005586308527,202.62240656210844,1120.8444531819714,Turkmenistan
4374,ZgawKQGd,TKM_S_252,2024,38.427956879150265,54.02620514182595,244.2350146051897,0.9485931237972196,12.555359160193234,475.91467005018615,Turkmenistan
4375,ZgawKQGd,TKM_S_252,2025,38.427956879150265,54.02620514182595,719.580805883627,0.7652619130497108,168.91302177927003,1270.248589987984,Turkmenistan
4376,ZgdjrTB6,IRQ_S_018,2022,30.696221972376076,47.349193285040585,,,,,Iraq
4377,ZgdjrTB6,IRQ_S_018,2023,30.696221972376076,47.349193285040585,98.94620924262291,0.9096432320616264,8.940459666917434,188.9519588183284,Iraq
4378,ZgdjrTB6,IRQ_S_018,2024,30.696221972376076,47.349193285040585,,,,,Iraq
4379,ZgdjrTB6,IRQ_S_018,2025,30.696221972376076,47.349193285040585,,,,,Iraq
4380,ZgkVBjEl,SYR_S_020,2022,34.86704100223906,38.810227832739216,,,,,Syria
4381,ZgkVBjEl,SYR_S_020,2023,34.86704100223906,38.810227832739216,,,,,Syria
4382,ZgkVBjEl,SYR_S_020,2024,34.86704100223906,38.810227832739216,351.66910277401115,0.5329582042799944,164.24416925881738,539.094036289205,Syria
4383,ZgkVBjEl,SYR_S_020,2025,34.86704100223906,38.810227832739216,,,,,Syria
4384,Zhx9sLuE,EGY_S_024,2022,29.637410610444313,28.713324200492533,,,,,Egypt
4385,Zhx9sLuE,EGY_S_024,2023,29.637410610444313,28.713324200492533,,,,,Egypt
4386,Zhx9sLuE,EGY_S_024,2024,29.637410610444313,28.713324200492533,,,,,Egypt
4387,Zhx9sLuE,EGY_S_024,2025,29.637410610444313,28.713324200492533,230.48542196692077,0.8865987705129177,26.13733022989777,434.83351370394377,Egypt
4388,ZkUBn5me,VEN_S_058,2022,8.703526729203356,-63.78592843777842,,,,,Venezuela
4389,ZkUBn5me,VEN_S_058,2023,8.703526729203356,-63.78592843777842,,,,,Venezuela
4390,ZkUBn5me,VEN_S_058,2024,8.703526729203356,-63.78592843777842,,,,,Venezuela
4391,ZkUBn5me,VEN_S_058,2025,8.703526729203356,-63.78592843777842,1010.3624398970404,0.5187258706967184,486.2613035421873,1534.4635762518935,Venezuela
4392,ZrEtXew8,TKM_S_051,2022,36.575608925762985,61.45201760088163,,,,,Turkmenistan
4393,ZrEtXew8,TKM_S_051,2023,36.575608925762985,61.45201760088163,,,,,Turkmenistan
4394,ZrEtXew8,TKM_S_051,2024,36.575608925762985,61.45201760088163,885.8839605740748,0.6000290189350244,354.3278768205389,1417.4400443276106,Turkmenistan
4395,ZrEtXew8,TKM_S_051,2025,36.575608925762985,61.45201760088163,,,,,Turkmenistan
4396,ZvLNNMbZ,,2022,31.722427808437203,-101.97000782759788,,,,,United States of America
4397,ZvLNNMbZ,,2023,31.722427808437203,-101.97000782759788,,,,,United States of America
4398,ZvLNNMbZ,,2024,31.722427808437203,-101.97000782759788,,,,,United States of America
4399,ZvLNNMbZ,,2025,31.722427808437203,-101.97000782759788,63.94193117527574,0.8004281073140471,12.761012226644716,115.12285012390677,United States of America
4400,ZvmFvoE6,,2022,39.478203977975944,54.32294089937274,,,,,Turkmenistan
4401,ZvmFvoE6,,2023,39.478203977975944,54.32294089937274,,,,,Turkmenistan
4402,ZvmFvoE6,,2024,39.478203977975944,54.32294089937274,,,,,Turkmenistan
4403,ZvmFvoE6,,2025,39.478203977975944,54.32294089937274,274.71397506748565,0.8046927854074677,53.653621280073,495.7743288548983,Turkmenistan
4404,ZwJTJD1Q,DZA_S_243,2022,29.554818454515615,6.886911356349399,,,,,Algeria
4405,ZwJTJD1Q,DZA_S_243,2023,29.554818454515615,6.886911356349399,,,,,Algeria
4406,ZwJTJD1Q,DZA_S_243,2024,29.554818454515615,6.886911356349399,,,,,Algeria
4407,ZwJTJD1Q,DZA_S_243,2025,29.554818454515615,6.886911356349399,1321.256051211766,0.631127127942665,487.3755143336174,2155.1365880899143,Algeria
4408,ZyQV6hyS,ARG_S_045,2022,-46.55901703687869,-68.1046939787137,,,,,Argentina
4409,ZyQV6hyS,ARG_S_045,2023,-46.55901703687869,-68.1046939787137,,,,,Argentina
4410,ZyQV6hyS,ARG_S_045,2024,-46.55901703687869,-68.1046939787137,,,,,Argentina
4411,ZyQV6hyS,ARG_S_045,2025,-46.55901703687869,-68.1046939787137,175.94378885738905,0.9188193331918588,14.283234100193653,337.6043436145844,Argentina
4412,a09f2X5J,NGA_S_008,2022,5.7093440999958425,6.478532591805542,,,,,Nigeria
4413,a09f2X5J,NGA_S_008,2023,5.7093440999958425,6.478532591805542,,,,,Nigeria
4414,a09f2X5J,NGA_S_008,2024,5.7093440999958425,6.478532591805542,79.86207652556642,0.9396221181235804,4.821903022866223,154.90225002826662,Nigeria
4415,a09f2X5J,NGA_S_008,2025,5.7093440999958425,6.478532591805542,,,,,Nigeria
4416,a1PMygD6,,2022,37.50166635650623,54.04512726437062,,,,,Turkmenistan
4417,a1PMygD6,,2023,37.50166635650623,54.04512726437062,,,,,Turkmenistan
4418,a1PMygD6,,2024,37.50166635650623,54.04512726437062,,,,,Turkmenistan
4419,a1PMygD6,,2025,37.50166635650623,54.04512726437062,126.6135991566608,0.8179643681950006,23.04818651758768,230.1790117957339,Turkmenistan
4420,a7BXnaU6,EGY_S_004,2022,29.55305679403652,28.53813531922424,,,,,Egypt
4421,a7BXnaU6,EGY_S_004,2023,29.55305679403652,28.53813531922424,783.1137321326821,0.5760909956872584,331.9689624520003,1234.2585018133639,Egypt
4422,a7BXnaU6,EGY_S_004,2024,29.55305679403652,28.53813531922424,199.0093143160024,0.5423926830274666,91.06811837668944,306.95051025531535,Egypt
4423,a7BXnaU6,EGY_S_004,2025,29.55305679403652,28.53813531922424,667.3723637293405,0.6151490666551662,256.8388770697846,1077.9058503888964,Egypt
4424,aArnp9w3,,2022,-45.81907119420293,-68.48661764146955,,,,,Argentina
4425,aArnp9w3,,2023,-45.81907119420293,-68.48661764146955,,,,,Argentina
4426,aArnp9w3,,2024,-45.81907119420293,-68.48661764146955,,,,,Argentina
4427,aArnp9w3,,2025,-45.81907119420293,-68.48661764146955,256.4910066757894,0.6978097203355242,77.5090890387797,435.472924312799,Argentina
4428,aFyQopq5,,2022,31.934981460982428,-103.53881661876204,,,,,United States of America
4429,aFyQopq5,,2023,31.934981460982428,-103.53881661876204,,,,,United States of America
4430,aFyQopq5,,2024,31.934981460982428,-103.53881661876204,,,,,United States of America
4431,aFyQopq5,,2025,31.934981460982428,-103.53881661876204,185.0627193694597,0.7802597769952223,40.66572322411565,329.45971551480375,United States of America
4432,aHSOPltb,USA_S_108,2022,32.06181756518684,-103.50307203052562,,,,,United States of America
4433,aHSOPltb,USA_S_108,2023,32.06181756518684,-103.50307203052562,173.66081997898635,0.93223106419452,11.768808961082954,335.5528309968897,United States of America
4434,aHSOPltb,USA_S_108,2024,32.06181756518684,-103.50307203052562,,,,,United States of America
4435,aHSOPltb,USA_S_108,2025,32.06181756518684,-103.50307203052562,,,,,United States of America
4436,aKNWfV6Q,,2022,31.302098148062782,-103.09140171351794,,,,,United States of America
4437,aKNWfV6Q,,2023,31.302098148062782,-103.09140171351794,,,,,United States of America
4438,aKNWfV6Q,,2024,31.302098148062782,-103.09140171351794,,,,,United States of America
4439,aKNWfV6Q,,2025,31.302098148062782,-103.09140171351794,280.8337820382602,0.8282706240271617,48.22741014152251,513.4401539349979,United States of America
4440,aME2GvBH,DZA_S_203,2022,29.634158745701825,6.768047216607452,,,,,Algeria
4441,aME2GvBH,DZA_S_203,2023,29.634158745701825,6.768047216607452,478.68140709232887,0.878074778711587,58.363336486381115,898.9994776982767,Algeria
4442,aME2GvBH,DZA_S_203,2024,29.634158745701825,6.768047216607452,,,,,Algeria
4443,aME2GvBH,DZA_S_203,2025,29.634158745701825,6.768047216607452,1007.8927706281512,0.5445972144600735,458.99717526961433,1556.788365986688,Algeria
4444,aMoqxdmU,TKM_S_310,2022,36.10585530471328,62.33206316354992,,,,,Turkmenistan
4445,aMoqxdmU,TKM_S_310,2023,36.10585530471328,62.33206316354992,745.4076802336122,0.6791236985802362,239.18365948324742,1251.6317009839768,Turkmenistan
4446,aMoqxdmU,TKM_S_310,2024,36.10585530471328,62.33206316354992,,,,,Turkmenistan
4447,aMoqxdmU,TKM_S_310,2025,36.10585530471328,62.33206316354992,,,,,Turkmenistan
4448,aOlQJpCw,SYR_S_062,2022,34.395995713327174,37.14159640368083,,,,,Syria
4449,aOlQJpCw,SYR_S_062,2023,34.395995713327174,37.14159640368083,,,,,Syria
4450,aOlQJpCw,SYR_S_062,2024,34.395995713327174,37.14159640368083,,,,,Syria
4451,aOlQJpCw,SYR_S_062,2025,34.395995713327174,37.14159640368083,649.2546676379592,0.7635680421977032,153.50455218192218,1145.0047830939961,Syria
4452,aOpVZOJB,,2022,39.9938762005024,61.02643699485204,,,,,Turkmenistan
4453,aOpVZOJB,,2023,39.9938762005024,61.02643699485204,,,,,Turkmenistan
4454,aOpVZOJB,,2024,39.9938762005024,61.02643699485204,,,,,Turkmenistan
4455,aOpVZOJB,,2025,39.9938762005024,61.02643699485204,375.5960885937471,0.7240521428131393,103.64493581521077,647.5472413722835,Turkmenistan
4456,aQsiQb1b,,2022,31.809412757171305,5.948263979009888,,,,,Algeria
4457,aQsiQb1b,,2023,31.809412757171305,5.948263979009888,,,,,Algeria
4458,aQsiQb1b,,2024,31.809412757171305,5.948263979009888,,,,,Algeria
4459,aQsiQb1b,,2025,31.809412757171305,5.948263979009888,112.5730532298072,0.7132051270071351,32.28537450346157,192.86073195615285,Algeria
4460,aSLH6YTG,LBY_S_128,2022,29.05557826477093,20.7846139386281,,,,,Libya
4461,aSLH6YTG,LBY_S_128,2023,29.05557826477093,20.7846139386281,,,,,Libya
4462,aSLH6YTG,LBY_S_128,2024,29.05557826477093,20.7846139386281,,,,,Libya
4463,aSLH6YTG,LBY_S_128,2025,29.05557826477093,20.7846139386281,77.22442631899429,0.8588285589588582,10.901883547027893,143.5469690909607,Libya
4464,aVbu4RuE,EGY_S_003,2022,29.63593687301437,28.699548862128506,,,,,Egypt
4465,aVbu4RuE,EGY_S_003,2023,29.63593687301437,28.699548862128506,1803.975447786012,0.6642718627837161,605.6453166691094,3002.3055789029145,Egypt
4466,aVbu4RuE,EGY_S_003,2024,29.63593687301437,28.699548862128506,473.1629690163899,0.5977846678766844,190.31340073138136,756.0125373013984,Egypt
4467,aVbu4RuE,EGY_S_003,2025,29.63593687301437,28.699548862128506,,,,,Egypt
4468,aWFW3TpR,IND_S_016,2022,27.14018332709905,69.75097453591428,,,,,India
4469,aWFW3TpR,IND_S_016,2023,27.14018332709905,69.75097453591428,1178.7988194257186,0.5187888605380294,567.2511230922757,1790.3465157591615,India
4470,aWFW3TpR,IND_S_016,2024,27.14018332709905,69.75097453591428,797.0090140798907,0.7387977309678873,208.1805629167145,1385.8374652430668,India
4471,aWFW3TpR,IND_S_016,2025,27.14018332709905,69.75097453591428,,,,,India
4472,aY3cqb25,USA_S_057,2022,31.128028685888353,-103.57565205528836,,,,,United States of America
4473,aY3cqb25,USA_S_057,2023,31.128028685888353,-103.57565205528836,872.6286034650926,0.6003612999208272,348.73616074069355,1396.5210461894917,United States of America
4474,aY3cqb25,USA_S_057,2024,31.128028685888353,-103.57565205528836,,,,,United States of America
4475,aY3cqb25,USA_S_057,2025,31.128028685888353,-103.57565205528836,,,,,United States of America
4476,aYhyUuhB,IRN_S_108,2022,30.997579246445348,51.23160836641273,,,,,Iran
4477,aYhyUuhB,IRN_S_108,2023,30.997579246445348,51.23160836641273,,,,,Iran
4478,aYhyUuhB,IRN_S_108,2024,30.997579246445348,51.23160836641273,,,,,Iran
4479,aYhyUuhB,IRN_S_108,2025,30.997579246445348,51.23160836641273,461.9096935580987,0.5869686845824571,190.78316833441562,733.0362187817818,Iran
4480,abwy9t9w,UZB_S_007,2022,38.4993799697088,65.99724945762148,,,,,Uzbekistan
4481,abwy9t9w,UZB_S_007,2023,38.4993799697088,65.99724945762148,,,,,Uzbekistan
4482,abwy9t9w,UZB_S_007,2024,38.4993799697088,65.99724945762148,85.46959586541175,0.7661661128477307,19.985687834542745,150.95350389628075,Uzbekistan
4483,abwy9t9w,UZB_S_007,2025,38.4993799697088,65.99724945762148,,,,,Uzbekistan
4484,ae9VpPqr,,2022,31.47807242405983,-103.7269853396031,,,,,United States of America
4485,ae9VpPqr,,2023,31.47807242405983,-103.7269853396031,,,,,United States of America
4486,ae9VpPqr,,2024,31.47807242405983,-103.7269853396031,,,,,United States of America
4487,ae9VpPqr,,2025,31.47807242405983,-103.7269853396031,183.0633422703993,0.7875182345722261,38.897622150723265,327.22906239007534,United States of America
4488,aeGQ7aF9,DZA_S_131,2022,32.804737201945805,3.272070934914642,,,,,Algeria
4489,aeGQ7aF9,DZA_S_131,2023,32.804737201945805,3.272070934914642,,,,,Algeria
4490,aeGQ7aF9,DZA_S_131,2024,32.804737201945805,3.272070934914642,70.68429814990537,0.9137943089583984,6.093388767803191,135.27520753200756,Algeria
4491,aeGQ7aF9,DZA_S_131,2025,32.804737201945805,3.272070934914642,,,,,Algeria
4492,afMPGrDC,USA_S_019,2022,32.19918489346133,-103.672982614838,,,,,United States of America
4493,afMPGrDC,USA_S_019,2023,32.19918489346133,-103.672982614838,,,,,United States of America
4494,afMPGrDC,USA_S_019,2024,32.19918489346133,-103.672982614838,19.20203576791073,0.8871477724115696,2.1669925106414425,36.237079025180016,United States of America
4495,afMPGrDC,USA_S_019,2025,32.19918489346133,-103.672982614838,,,,,United States of America
4496,afVo9HkT,UZB_S_062,2022,39.57192092679409,65.15765435560388,,,,,Uzbekistan
4497,afVo9HkT,UZB_S_062,2023,39.57192092679409,65.15765435560388,,,,,Uzbekistan
4498,afVo9HkT,UZB_S_062,2024,39.57192092679409,65.15765435560388,,,,,Uzbekistan
4499,afVo9HkT,UZB_S_062,2025,39.57192092679409,65.15765435560388,1112.3247854160009,0.539001632088365,512.779910664436,1711.8696601675656,Uzbekistan
4500,ai9OgF3P,USA_S_109,2022,32.075485928404994,-103.27879883139144,,,,,United States of America
4501,ai9OgF3P,USA_S_109,2023,32.075485928404994,-103.27879883139144,,,,,United States of America
4502,ai9OgF3P,USA_S_109,2024,32.075485928404994,-103.27879883139144,59.34886996897206,0.9407851104769418,3.5143367785310247,115.1834031594131,United States of America
4503,ai9OgF3P,USA_S_109,2025,32.075485928404994,-103.27879883139144,184.82513404469768,0.9482016039452298,9.573645494123241,360.0766225952721,United States of America
4504,alhJ10Uu,,2022,9.61634816847184,-63.687337324806435,,,,,Venezuela
4505,alhJ10Uu,,2023,9.61634816847184,-63.687337324806435,,,,,Venezuela
4506,alhJ10Uu,,2024,9.61634816847184,-63.687337324806435,,,,,Venezuela
4507,alhJ10Uu,,2025,9.61634816847184,-63.687337324806435,116.06974976823454,0.820699932310414,20.811313990157757,211.32818554631132,Venezuela
4508,amHCma3o,,2022,32.18996458865701,-93.48587369439323,,,,,United States of America
4509,amHCma3o,,2023,32.18996458865701,-93.48587369439323,,,,,United States of America
4510,amHCma3o,,2024,32.18996458865701,-93.48587369439323,,,,,United States of America
4511,amHCma3o,,2025,32.18996458865701,-93.48587369439323,285.95407575250897,0.5997796936759779,114.44462779227175,457.4635237127462,United States of America
4512,amcEoj4e,,2022,9.364637466749825,-64.51919400116726,,,,,Venezuela
4513,amcEoj4e,,2023,9.364637466749825,-64.51919400116726,,,,,Venezuela
4514,amcEoj4e,,2024,9.364637466749825,-64.51919400116726,,,,,Venezuela
4515,amcEoj4e,,2025,9.364637466749825,-64.51919400116726,550.3004894431665,0.6004604316809117,219.86681999790574,880.7341588884273,Venezuela
4516,aoYDHPCf,SYR_S_011,2022,35.18225983017445,40.48151248979892,,,,,Syria
4517,aoYDHPCf,SYR_S_011,2023,35.18225983017445,40.48151248979892,253.18634577075383,0.9587476515123576,10.444531368047848,495.9281601734598,Syria
4518,aoYDHPCf,SYR_S_011,2024,35.18225983017445,40.48151248979892,340.700543965415,0.873922975941215,42.95451067836876,638.4465772524613,Syria
4519,aoYDHPCf,SYR_S_011,2025,35.18225983017445,40.48151248979892,275.1890053001019,0.8976979428378383,28.152401350609438,522.2256092495943,Syria
4520,aobLBwxQ,DZA_S_137,2022,31.86083702833269,5.9165271267799815,,,,,Algeria
4521,aobLBwxQ,DZA_S_137,2023,31.86083702833269,5.9165271267799815,,,,,Algeria
4522,aobLBwxQ,DZA_S_137,2024,31.86083702833269,5.9165271267799815,367.9856726894848,0.8932972373297027,39.2650878990558,696.7062574799138,Algeria
4523,aobLBwxQ,DZA_S_137,2025,31.86083702833269,5.9165271267799815,320.78633478189226,0.805290177324967,62.460250361956014,579.1124192018285,Algeria
4524,aoiz1Jfu,,2022,36.303022430597885,61.319660682238286,,,,,Turkmenistan
4525,aoiz1Jfu,,2023,36.303022430597885,61.319660682238286,,,,,Turkmenistan
4526,aoiz1Jfu,,2024,36.303022430597885,61.319660682238286,,,,,Turkmenistan
4527,aoiz1Jfu,,2025,36.303022430597885,61.319660682238286,394.24235650665497,0.6544686497418133,136.22309377271392,652.261619240596,Turkmenistan
4528,apt5fVTf,DZA_S_204,2022,29.555190980065415,6.853883105995973,,,,,Algeria
4529,apt5fVTf,DZA_S_204,2023,29.555190980065415,6.853883105995973,,,,,Algeria
4530,apt5fVTf,DZA_S_204,2024,29.555190980065415,6.853883105995973,261.2690254261598,0.9154825663087024,22.08178753204541,500.4562633202743,Algeria
4531,apt5fVTf,DZA_S_204,2025,29.555190980065415,6.853883105995973,262.8062838371963,0.5519952033068696,117.73847576016027,407.87409191423234,Algeria
4532,aq17btfz,IRN_S_050,2022,30.507304533066293,50.43710836668597,,,,,Iran
4533,aq17btfz,IRN_S_050,2023,30.507304533066293,50.43710836668597,,,,,Iran
4534,aq17btfz,IRN_S_050,2024,30.507304533066293,50.43710836668597,162.2487712668917,0.5660514506756649,70.40761892092353,254.08992361285988,Iran
4535,aq17btfz,IRN_S_050,2025,30.507304533066293,50.43710836668597,,,,,Iran
4536,atjHMD9X,,2022,-45.762359983079385,-68.48235732303213,,,,,Argentina
4537,atjHMD9X,,2023,-45.762359983079385,-68.48235732303213,,,,,Argentina
4538,atjHMD9X,,2024,-45.762359983079385,-68.48235732303213,,,,,Argentina
4539,atjHMD9X,,2025,-45.762359983079385,-68.48235732303213,409.4441963317869,0.6236238128772917,154.10504545487953,664.7833472086943,Argentina
4540,aw0fXVh7,,2022,32.093116397720934,-104.23029492585604,,,,,United States of America
4541,aw0fXVh7,,2023,32.093116397720934,-104.23029492585604,,,,,United States of America
4542,aw0fXVh7,,2024,32.093116397720934,-104.23029492585604,,,,,United States of America
4543,aw0fXVh7,,2025,32.093116397720934,-104.23029492585604,151.82005614077468,0.8308790008508624,25.675959585405977,277.9641526961434,United States of America
4544,b2GS6uEX,,2022,32.20923607520398,-101.81983224200154,,,,,United States of America
4545,b2GS6uEX,,2023,32.20923607520398,-101.81983224200154,,,,,United States of America
4546,b2GS6uEX,,2024,32.20923607520398,-101.81983224200154,,,,,United States of America
4547,b2GS6uEX,,2025,32.20923607520398,-101.81983224200154,158.61711782823906,0.768589024347025,36.70574199189569,280.5284936645824,United States of America
4548,b2S5qMZT,USA_S_088,2022,32.30569506333873,-103.78850027182824,,,,,United States of America
4549,b2S5qMZT,USA_S_088,2023,32.30569506333873,-103.78850027182824,,,,,United States of America
4550,b2S5qMZT,USA_S_088,2024,32.30569506333873,-103.78850027182824,902.5154284372852,0.7860249421196741,193.11579103775523,1611.9150658368153,United States of America
4551,b2S5qMZT,USA_S_088,2025,32.30569506333873,-103.78850027182824,519.9216921314284,0.6182834566636809,198.46271112597873,841.3806731368779,United States of America
4552,b2gPnKMU,,2022,54.56213229177876,86.07387190395028,,,,,Russia
4553,b2gPnKMU,,2023,54.56213229177876,86.07387190395028,,,,,Russia
4554,b2gPnKMU,,2024,54.56213229177876,86.07387190395028,,,,,Russia
4555,b2gPnKMU,,2025,54.56213229177876,86.07387190395028,276.2779240474868,0.683565133141578,87.42396811188772,465.1318799830859,Russia
4556,b3mWqO1v,USA_S_1020,2022,31.441534139133942,-102.46624162290688,,,,,United States of America
4557,b3mWqO1v,USA_S_1020,2023,31.441534139133942,-102.46624162290688,,,,,United States of America
4558,b3mWqO1v,USA_S_1020,2024,31.441534139133942,-102.46624162290688,,,,,United States of America
4559,b3mWqO1v,USA_S_1020,2025,31.441534139133942,-102.46624162290688,1005.3797711025006,0.5417530518309316,460.7122118586375,1550.0473303463637,United States of America
4560,b5B4B0BE,USA_S_1100,2022,31.628091857696912,-102.20003744911772,,,,,United States of America
4561,b5B4B0BE,USA_S_1100,2023,31.628091857696912,-102.20003744911772,,,,,United States of America
4562,b5B4B0BE,USA_S_1100,2024,31.628091857696912,-102.20003744911772,,,,,United States of America
4563,b5B4B0BE,USA_S_1100,2025,31.628091857696912,-102.20003744911772,667.3256392607075,0.7267602878522343,182.33986558041943,1152.3114129409955,United States of America
4564,bC0mrvVi,TKM_S_181,2022,37.76400235165721,53.93179695973824,,,,,Turkmenistan
4565,bC0mrvVi,TKM_S_181,2023,37.76400235165721,53.93179695973824,,,,,Turkmenistan
4566,bC0mrvVi,TKM_S_181,2024,37.76400235165721,53.93179695973824,,,,,Turkmenistan
4567,bC0mrvVi,TKM_S_181,2025,37.76400235165721,53.93179695973824,972.9449455145696,0.5480862090319925,439.6872387306506,1506.2026522984884,Turkmenistan
4568,bCfA3GJN,VEN_S_039,2022,8.406579638880103,-64.79467128592336,,,,,Venezuela
4569,bCfA3GJN,VEN_S_039,2023,8.406579638880103,-64.79467128592336,,,,,Venezuela
4570,bCfA3GJN,VEN_S_039,2024,8.406579638880103,-64.79467128592336,632.2428347328799,0.6730698498902938,206.69924486500656,1057.7864246007534,Venezuela
4571,bCfA3GJN,VEN_S_039,2025,8.406579638880103,-64.79467128592336,229.67012741589673,0.6890261130906762,71.42141222948106,387.9188426023124,Venezuela
4572,bKDwfuxV,DZA_S_152,2022,31.719449083707143,6.209125362639091,,,,,Algeria
4573,bKDwfuxV,DZA_S_152,2023,31.719449083707143,6.209125362639091,,,,,Algeria
4574,bKDwfuxV,DZA_S_152,2024,31.719449083707143,6.209125362639091,,,,,Algeria
4575,bKDwfuxV,DZA_S_152,2025,31.719449083707143,6.209125362639091,1061.236237904371,0.526684812296582,502.2992291413765,1620.1732466673652,Algeria
4576,bNeM8IuA,TUN_S_005,2022,31.67047322299217,9.294512703782138,,,,,Tunisia
4577,bNeM8IuA,TUN_S_005,2023,31.67047322299217,9.294512703782138,,,,,Tunisia
4578,bNeM8IuA,TUN_S_005,2024,31.67047322299217,9.294512703782138,,,,,Tunisia
4579,bNeM8IuA,TUN_S_005,2025,31.67047322299217,9.294512703782138,599.0624795074934,0.5958543788159811,242.10847790859452,956.0164811063923,Tunisia
4580,bOi44jZK,,2022,35.800126556674954,-0.1915818016276205,,,,,Algeria
4581,bOi44jZK,,2023,35.800126556674954,-0.1915818016276205,,,,,Algeria
4582,bOi44jZK,,2024,35.800126556674954,-0.1915818016276205,,,,,Algeria
4583,bOi44jZK,,2025,35.800126556674954,-0.1915818016276205,327.1348648130414,0.6812029545993407,104.28962834994172,549.9801012761411,Algeria
4584,bOw0se1K,,2022,32.12553278410729,-103.48146102570487,,,,,United States of America
4585,bOw0se1K,,2023,32.12553278410729,-103.48146102570487,,,,,United States of America
4586,bOw0se1K,,2024,32.12553278410729,-103.48146102570487,,,,,United States of America
4587,bOw0se1K,,2025,32.12553278410729,-103.48146102570487,243.3167052134715,0.7336202377713181,64.81464608103082,421.8187643459122,United States of America
4588,bPImaroj,DZA_S_350,2022,32.35256126930315,6.971054226117461,,,,,Algeria
4589,bPImaroj,DZA_S_350,2023,32.35256126930315,6.971054226117461,,,,,Algeria
4590,bPImaroj,DZA_S_350,2024,32.35256126930315,6.971054226117461,,,,,Algeria
4591,bPImaroj,DZA_S_350,2025,32.35256126930315,6.971054226117461,2094.321153785863,0.5205261428744931,1004.1722416652497,3184.470065906476,Algeria
4592,bPekawnm,LBY_S_033,2022,29.043364441753027,20.779495201492946,210.3626367200823,0.858707117544538,29.722743303111656,391.00253013705293,Libya
4593,bPekawnm,LBY_S_033,2023,29.043364441753027,20.779495201492946,474.71432769347086,0.9114792921510946,42.02204831344329,907.4066070734984,Libya
4594,bPekawnm,LBY_S_033,2024,29.043364441753027,20.779495201492946,202.0599742330359,0.559747539063105,88.95740091293963,315.16254755313213,Libya
4595,bPekawnm,LBY_S_033,2025,29.043364441753027,20.779495201492946,68.24876574969626,0.8834154305907786,7.956752967639154,128.54077853175338,Libya
4596,bQfwJoeN,EGY_S_045,2022,29.785745606974604,28.55270686797131,,,,,Egypt
4597,bQfwJoeN,EGY_S_045,2023,29.785745606974604,28.55270686797131,,,,,Egypt
4598,bQfwJoeN,EGY_S_045,2024,29.785745606974604,28.55270686797131,,,,,Egypt
4599,bQfwJoeN,EGY_S_045,2025,29.785745606974604,28.55270686797131,319.8221477591305,0.6506932615651727,111.71603131296328,527.9282642052976,Egypt
4600,bQjl0ToT,,2022,46.549438274777096,64.66863373114872,,,,,Kazakhstan
4601,bQjl0ToT,,2023,46.549438274777096,64.66863373114872,,,,,Kazakhstan
4602,bQjl0ToT,,2024,46.549438274777096,64.66863373114872,,,,,Kazakhstan
4603,bQjl0ToT,,2025,46.549438274777096,64.66863373114872,445.8867991645083,0.595446637068292,180.38500408885693,711.3885942401597,Kazakhstan
4604,bRNn8gEF,VEN_S_010,2022,9.735834567904387,-63.467489891674624,,,,,Venezuela
4605,bRNn8gEF,VEN_S_010,2023,9.735834567904387,-63.467489891674624,,,,,Venezuela
4606,bRNn8gEF,VEN_S_010,2024,9.735834567904387,-63.467489891674624,729.2945120602391,0.5390481318800561,336.16966774379017,1122.419356376688,Venezuela
4607,bRNn8gEF,VEN_S_010,2025,9.735834567904387,-63.467489891674624,47.10560431671657,0.8429259431920314,7.39906836841763,86.81214026501551,Venezuela
4608,bRi0JCBg,TKM_S_347,2022,38.021475606528895,53.99767143457738,,,,,Turkmenistan
4609,bRi0JCBg,TKM_S_347,2023,38.021475606528895,53.99767143457738,,,,,Turkmenistan
4610,bRi0JCBg,TKM_S_347,2024,38.021475606528895,53.99767143457738,,,,,Turkmenistan
4611,bRi0JCBg,TKM_S_347,2025,38.021475606528895,53.99767143457738,960.8600255912612,0.7527748059077254,237.54880632230754,1684.1712448602148,Turkmenistan
4612,bTP9vjh6,JOR_S_008,2022,32.315448282569086,38.76143154431732,,,,,Jordan
4613,bTP9vjh6,JOR_S_008,2023,32.315448282569086,38.76143154431732,,,,,Jordan
4614,bTP9vjh6,JOR_S_008,2024,32.315448282569086,38.76143154431732,,,,,Jordan
4615,bTP9vjh6,JOR_S_008,2025,32.315448282569086,38.76143154431732,923.535121742052,0.6746706203461348,300.45310824489866,1546.6171352392053,Jordan
4616,bVfJ02sg,,2022,39.042567525595246,64.94578623124733,,,,,Uzbekistan
4617,bVfJ02sg,,2023,39.042567525595246,64.94578623124733,,,,,Uzbekistan
4618,bVfJ02sg,,2024,39.042567525595246,64.94578623124733,,,,,Uzbekistan
4619,bVfJ02sg,,2025,39.042567525595246,64.94578623124733,359.6276202303718,0.5995525253214923,144.0119723458938,575.2432681148498,Uzbekistan
4620,bVt0ZLqP,TKM_S_087,2022,38.10135524393372,54.81602372870741,,,,,Turkmenistan
4621,bVt0ZLqP,TKM_S_087,2023,38.10135524393372,54.81602372870741,,,,,Turkmenistan
4622,bVt0ZLqP,TKM_S_087,2024,38.10135524393372,54.81602372870741,,,,,Turkmenistan
4623,bVt0ZLqP,TKM_S_087,2025,38.10135524393372,54.81602372870741,533.9072702213269,0.9078755412187748,49.18591830850113,1018.6286221341527,Turkmenistan
4624,bZ8ojw7I,DZA_S_197,2022,32.42192797894896,4.0159153858737024,,,,,Algeria
4625,bZ8ojw7I,DZA_S_197,2023,32.42192797894896,4.0159153858737024,,,,,Algeria
4626,bZ8ojw7I,DZA_S_197,2024,32.42192797894896,4.0159153858737024,1822.3842958748712,0.6627311271359764,614.6334973948151,3030.1350943549273,Algeria
4627,bZ8ojw7I,DZA_S_197,2025,32.42192797894896,4.0159153858737024,3482.433735826304,0.5844369175231391,1447.1708977813894,5517.696573871219,Algeria
4628,bbyS52EQ,,2022,36.724191637670074,61.73042037521278,,,,,Turkmenistan
4629,bbyS52EQ,,2023,36.724191637670074,61.73042037521278,,,,,Turkmenistan
4630,bbyS52EQ,,2024,36.724191637670074,61.73042037521278,,,,,Turkmenistan
4631,bbyS52EQ,,2025,36.724191637670074,61.73042037521278,270.06871374620283,0.8140704311302248,50.21375951204621,489.9236679803595,Turkmenistan
4632,bc9xTW0v,JOR_S_005,2022,32.572022404069216,39.01950549056725,,,,,Jordan
4633,bc9xTW0v,JOR_S_005,2023,32.572022404069216,39.01950549056725,,,,,Jordan
4634,bc9xTW0v,JOR_S_005,2024,32.572022404069216,39.01950549056725,,,,,Jordan
4635,bc9xTW0v,JOR_S_005,2025,32.572022404069216,39.01950549056725,221.8355747725389,0.9393448217290176,13.455476334674188,430.2156732104036,Jordan
4636,bfqyOfUK,CHN_S_299,2022,37.33045056930919,94.13067149833084,,,,,China
4637,bfqyOfUK,CHN_S_299,2023,37.33045056930919,94.13067149833084,1279.854120931102,0.4726319818704924,674.9541312503185,1884.7541106118856,China
4638,bfqyOfUK,CHN_S_299,2024,37.33045056930919,94.13067149833084,,,,,China
4639,bfqyOfUK,CHN_S_299,2025,37.33045056930919,94.13067149833084,1447.37141939761,0.606007032701609,570.2541603113483,2324.488678483872,China
4640,bh2gh9uP,DZA_S_027,2022,28.60176449389507,7.257777700066407,,,,,Algeria
4641,bh2gh9uP,DZA_S_027,2023,28.60176449389507,7.257777700066407,1249.2387204877252,0.496553607421634,628.924727298759,1869.5527136766914,Algeria
4642,bh2gh9uP,DZA_S_027,2024,28.60176449389507,7.257777700066407,1163.7347983503337,0.4989467588009092,583.093092609605,1744.3765040910623,Algeria
4643,bh2gh9uP,DZA_S_027,2025,28.60176449389507,7.257777700066407,267.70061481691374,0.7862478818266475,57.22157345342407,478.1796561804034,Algeria
4644,bjEZFFPJ,,2022,28.31132069174612,9.448037302518545,,,,,Algeria
4645,bjEZFFPJ,,2023,28.31132069174612,9.448037302518545,,,,,Algeria
4646,bjEZFFPJ,,2024,28.31132069174612,9.448037302518545,,,,,Algeria
4647,bjEZFFPJ,,2025,28.31132069174612,9.448037302518545,226.33984089358648,0.743813676747914,57.98517164399007,394.6945101431829,Algeria
4648,bn7jWw2A,EGY_S_014,2022,29.733192134952297,28.480477715198013,,,,,Egypt
4649,bn7jWw2A,EGY_S_014,2023,29.733192134952297,28.480477715198013,,,,,Egypt
4650,bn7jWw2A,EGY_S_014,2024,29.733192134952297,28.480477715198013,214.57535065842615,0.5933935385909717,87.24772403682408,341.9029772800282,Egypt
4651,bn7jWw2A,EGY_S_014,2025,29.733192134952297,28.480477715198013,1688.9647159228043,0.5562081284802105,749.548812210271,2628.3806196353376,Egypt
4652,bnE1M9Vm,SAU_S_005,2022,25.60335361986769,48.887407823793225,,,,,Saudi Arabia
4653,bnE1M9Vm,SAU_S_005,2023,25.60335361986769,48.887407823793225,763.0656775891696,0.5918648720445467,311.4339079612704,1214.6974472170687,Saudi Arabia
4654,bnE1M9Vm,SAU_S_005,2024,25.60335361986769,48.887407823793225,,,,,Saudi Arabia
4655,bnE1M9Vm,SAU_S_005,2025,25.60335361986769,48.887407823793225,,,,,Saudi Arabia
4656,bsQi8DOM,,2022,38.50618219968242,54.19685862182768,,,,,Turkmenistan
4657,bsQi8DOM,,2023,38.50618219968242,54.19685862182768,,,,,Turkmenistan
4658,bsQi8DOM,,2024,38.50618219968242,54.19685862182768,,,,,Turkmenistan
4659,bsQi8DOM,,2025,38.50618219968242,54.19685862182768,964.7824024883804,0.4537723276355558,526.9908460494044,1402.5739589273564,Turkmenistan
4660,buzsBw8N,,2022,31.35384013695146,-103.66788694642295,,,,,United States of America
4661,buzsBw8N,,2023,31.35384013695146,-103.66788694642295,,,,,United States of America
4662,buzsBw8N,,2024,31.35384013695146,-103.66788694642295,,,,,United States of America
4663,buzsBw8N,,2025,31.35384013695146,-103.66788694642295,272.130001548491,0.7489004623862543,68.33171755965398,475.92828553732807,United States of America
4664,bwmaJ4sD,OMN_S_002,2022,22.873780045724168,55.61493435486517,,,,,Oman
4665,bwmaJ4sD,OMN_S_002,2023,22.873780045724168,55.61493435486517,750.5654753367502,0.5199293685170866,360.3244417141867,1140.8065089593138,Oman
4666,bwmaJ4sD,OMN_S_002,2024,22.873780045724168,55.61493435486517,126.38543854004992,0.5912903527388299,51.6549480046521,201.11592907544775,Oman
4667,bwmaJ4sD,OMN_S_002,2025,22.873780045724168,55.61493435486517,,,,,Oman
4668,bxjy3nmO,DZA_S_259,2022,28.71052659543214,9.034126575783526,,,,,Algeria
4669,bxjy3nmO,DZA_S_259,2023,28.71052659543214,9.034126575783526,,,,,Algeria
4670,bxjy3nmO,DZA_S_259,2024,28.71052659543214,9.034126575783526,,,,,Algeria
4671,bxjy3nmO,DZA_S_259,2025,28.71052659543214,9.034126575783526,274.6857656092111,0.7134291450723823,78.71693468707883,470.6545965313434,Algeria
4672,bybQ2V7M,IRN_S_087,2022,29.89137448731528,50.431661840040434,,,,,Iran
4673,bybQ2V7M,IRN_S_087,2023,29.89137448731528,50.431661840040434,,,,,Iran
4674,bybQ2V7M,IRN_S_087,2024,29.89137448731528,50.431661840040434,654.2208572713322,0.5806120027785578,274.37237507151895,1034.0693394711454,Iran
4675,bybQ2V7M,IRN_S_087,2025,29.89137448731528,50.431661840040434,835.2714240493141,0.4773038427306948,436.59316362743675,1233.9496844711914,Iran
4676,c04S9KJy,JOR_S_006,2022,32.1560049794021,38.844840856107986,,,,,Jordan
4677,c04S9KJy,JOR_S_006,2023,32.1560049794021,38.844840856107986,,,,,Jordan
4678,c04S9KJy,JOR_S_006,2024,32.1560049794021,38.844840856107986,,,,,Jordan
4679,c04S9KJy,JOR_S_006,2025,32.1560049794021,38.844840856107986,428.0879499317091,0.8346989061831303,70.76340637353286,785.4124934898853,Jordan
4680,c0rKsS1Z,OMN_S_014,2022,22.15079443849981,56.02574740694602,,,,,Oman
4681,c0rKsS1Z,OMN_S_014,2023,22.15079443849981,56.02574740694602,,,,,Oman
4682,c0rKsS1Z,OMN_S_014,2024,22.15079443849981,56.02574740694602,,,,,Oman
4683,c0rKsS1Z,OMN_S_014,2025,22.15079443849981,56.02574740694602,176.01267225648772,0.5800596139802744,73.9148295317529,278.11051498122254,Oman
4684,c1gN7bvw,USA_S_168,2022,31.121111745996473,-101.22207415389836,,,,,United States of America
4685,c1gN7bvw,USA_S_168,2023,31.121111745996473,-101.22207415389836,899.055068496658,0.5196184630287596,431.8894556262084,1366.2206813671075,United States of America
4686,c1gN7bvw,USA_S_168,2024,31.121111745996473,-101.22207415389836,,,,,United States of America
4687,c1gN7bvw,USA_S_168,2025,31.121111745996473,-101.22207415389836,,,,,United States of America
4688,c59b6Dcu,,2022,48.33239823702856,57.438601933402985,,,,,Kazakhstan
4689,c59b6Dcu,,2023,48.33239823702856,57.438601933402985,,,,,Kazakhstan
4690,c59b6Dcu,,2024,48.33239823702856,57.438601933402985,,,,,Kazakhstan
4691,c59b6Dcu,,2025,48.33239823702856,57.438601933402985,168.88134926136556,0.8134122113258255,31.511197506989134,306.25150101574195,Kazakhstan
4692,c5rhaLZq,VEN_S_006,2022,9.222411258192931,-63.676018033517806,,,,,Venezuela
4693,c5rhaLZq,VEN_S_006,2023,9.222411258192931,-63.676018033517806,,,,,Venezuela
4694,c5rhaLZq,VEN_S_006,2024,9.222411258192931,-63.676018033517806,837.0886244335923,0.7155341412342072,238.123134412578,1436.0541144546064,Venezuela
4695,c5rhaLZq,VEN_S_006,2025,9.222411258192931,-63.676018033517806,,,,,Venezuela
4696,c68MTcSW,,2022,36.62095578476043,61.722840711427665,,,,,Turkmenistan
4697,c68MTcSW,,2023,36.62095578476043,61.722840711427665,,,,,Turkmenistan
4698,c68MTcSW,,2024,36.62095578476043,61.722840711427665,,,,,Turkmenistan
4699,c68MTcSW,,2025,36.62095578476043,61.722840711427665,237.5200160535306,0.7096008822928693,68.9756030997288,406.0644290073324,Turkmenistan
4700,c9ejsLIh,,2022,31.45269266138725,-103.13728267584877,,,,,United States of America
4701,c9ejsLIh,,2023,31.45269266138725,-103.13728267584877,,,,,United States of America
4702,c9ejsLIh,,2024,31.45269266138725,-103.13728267584877,,,,,United States of America
4703,c9ejsLIh,,2025,31.45269266138725,-103.13728267584877,216.63975073548903,0.8031610110543214,42.643149500217504,390.63635197076053,United States of America
4704,cAiuUx0p,IND_S_047,2022,25.908563703341176,71.56781264183721,,,,,India
4705,cAiuUx0p,IND_S_047,2023,25.908563703341176,71.56781264183721,1591.78102142696,0.4110102750088231,937.5426660564399,2246.01937679748,India
4706,cAiuUx0p,IND_S_047,2024,25.908563703341176,71.56781264183721,549.9917502989797,0.6614053651173807,186.22425588093574,913.7592447170236,India
4707,cAiuUx0p,IND_S_047,2025,25.908563703341176,71.56781264183721,,,,,India
4708,cBmb8Dfl,USA_S_045,2022,28.323175054645827,-98.72043138470931,,,,,United States of America
4709,cBmb8Dfl,USA_S_045,2023,28.323175054645827,-98.72043138470931,,,,,United States of America
4710,cBmb8Dfl,USA_S_045,2024,28.323175054645827,-98.72043138470931,,,,,United States of America
4711,cBmb8Dfl,USA_S_045,2025,28.323175054645827,-98.72043138470931,245.94804899588547,0.839215653119507,39.54459642433494,452.351501567436,United States of America
4712,cBotkwYK,TKM_S_052,2022,38.71292275554825,54.381427041280176,,,,,Turkmenistan
4713,cBotkwYK,TKM_S_052,2023,38.71292275554825,54.381427041280176,,,,,Turkmenistan
4714,cBotkwYK,TKM_S_052,2024,38.71292275554825,54.381427041280176,242.43507853334756,0.7800956791449463,53.31252129631741,431.5576357703777,Turkmenistan
4715,cBotkwYK,TKM_S_052,2025,38.71292275554825,54.381427041280176,,,,,Turkmenistan
4716,cD2znugJ,VEN_S_019,2022,9.198859576312644,-63.685661294405065,,,,,Venezuela
4717,cD2znugJ,VEN_S_019,2023,9.198859576312644,-63.685661294405065,,,,,Venezuela
4718,cD2znugJ,VEN_S_019,2024,9.198859576312644,-63.685661294405065,,,,,Venezuela
4719,cD2znugJ,VEN_S_019,2025,9.198859576312644,-63.685661294405065,187.30898484393424,0.8841456267005164,21.700565052456454,352.917404635412,Venezuela
4720,cDLYsAEZ,,2022,31.339176228029825,-103.16757100008236,,,,,United States of America
4721,cDLYsAEZ,,2023,31.339176228029825,-103.16757100008236,,,,,United States of America
4722,cDLYsAEZ,,2024,31.339176228029825,-103.16757100008236,,,,,United States of America
4723,cDLYsAEZ,,2025,31.339176228029825,-103.16757100008236,245.7876183782721,0.7395122163717197,64.02467195462967,427.55056480191456,United States of America
4724,cKqsaoQ8,,2022,31.399627319483105,-103.16294295015228,,,,,United States of America
4725,cKqsaoQ8,,2023,31.399627319483105,-103.16294295015228,,,,,United States of America
4726,cKqsaoQ8,,2024,31.399627319483105,-103.16294295015228,,,,,United States of America
4727,cKqsaoQ8,,2025,31.399627319483105,-103.16294295015228,143.0696984584047,0.8180883631874687,26.026043024843688,260.11335389196574,United States of America
4728,cL1n1Q4a,USA_S_016,2022,32.31217745129195,-103.7675731354604,,,,,United States of America
4729,cL1n1Q4a,USA_S_016,2023,32.31217745129195,-103.7675731354604,,,,,United States of America
4730,cL1n1Q4a,USA_S_016,2024,32.31217745129195,-103.7675731354604,72.65058657090624,0.9255906235859842,5.4058848428536095,139.89528829895886,United States of America
4731,cL1n1Q4a,USA_S_016,2025,32.31217745129195,-103.7675731354604,,,,,United States of America
4732,cO6yhYyp,TKM_S_277,2022,36.19640813559607,61.60980944656843,,,,,Turkmenistan
4733,cO6yhYyp,TKM_S_277,2023,36.19640813559607,61.60980944656843,296.8073840448996,0.7250797351171588,81.59836464080695,512.0164034489923,Turkmenistan
4734,cO6yhYyp,TKM_S_277,2024,36.19640813559607,61.60980944656843,,,,,Turkmenistan
4735,cO6yhYyp,TKM_S_277,2025,36.19640813559607,61.60980944656843,,,,,Turkmenistan
4736,cPerIucY,KWT_S_018,2022,28.976943299516527,47.95480648319847,,,,,Kuwait
4737,cPerIucY,KWT_S_018,2023,28.976943299516527,47.95480648319847,1732.5583403511182,0.4596422126097225,936.2013913167016,2528.915289385535,Kuwait
4738,cPerIucY,KWT_S_018,2024,28.976943299516527,47.95480648319847,144.1145900053231,0.5665371831105194,62.46831613857994,225.76086387206624,Kuwait
4739,cPerIucY,KWT_S_018,2025,28.976943299516527,47.95480648319847,,,,,Kuwait
4740,cRxAdMbM,KAZ_S_029,2022,43.45798604686936,52.709062626560105,,,,,Kazakhstan
4741,cRxAdMbM,KAZ_S_029,2023,43.45798604686936,52.709062626560105,582.9571983339403,0.8124363699402003,109.34156828900444,1056.572828378876,Kazakhstan
4742,cRxAdMbM,KAZ_S_029,2024,43.45798604686936,52.709062626560105,,,,,Kazakhstan
4743,cRxAdMbM,KAZ_S_029,2025,43.45798604686936,52.709062626560105,,,,,Kazakhstan
4744,cSFhmghQ,,2022,27.31042868234864,95.32098059751388,,,,,India
4745,cSFhmghQ,,2023,27.31042868234864,95.32098059751388,,,,,India
4746,cSFhmghQ,,2024,27.31042868234864,95.32098059751388,,,,,India
4747,cSFhmghQ,,2025,27.31042868234864,95.32098059751388,194.65287271315177,0.7021116364086886,57.98482572086863,331.3209197054349,India
4748,cTTYg2vp,IRN_S_068,2022,30.23166682465761,50.76357007898393,,,,,Iran
4749,cTTYg2vp,IRN_S_068,2023,30.23166682465761,50.76357007898393,,,,,Iran
4750,cTTYg2vp,IRN_S_068,2024,30.23166682465761,50.76357007898393,412.2140715029932,0.746932495747807,104.31798629289756,720.1101567130888,Iran
4751,cTTYg2vp,IRN_S_068,2025,30.23166682465761,50.76357007898393,1826.2369330839376,0.4011611191555969,1093.6216811647005,2558.852185003175,Iran
4752,cWJlQOJv,IRQ_S_052,2022,30.20438579360001,47.3883971590866,,,,,Iraq
4753,cWJlQOJv,IRQ_S_052,2023,30.20438579360001,47.3883971590866,1434.542509935525,0.7842546279354321,309.49590754847895,2559.589112322571,Iraq
4754,cWJlQOJv,IRQ_S_052,2024,30.20438579360001,47.3883971590866,,,,,Iraq
4755,cWJlQOJv,IRQ_S_052,2025,30.20438579360001,47.3883971590866,,,,,Iraq
4756,cZYbsZpD,DZA_S_011,2022,28.088333363816677,9.782898137836428,,,,,Libya
4757,cZYbsZpD,DZA_S_011,2023,28.088333363816677,9.782898137836428,917.1790169603196,0.5111362333045032,448.37558896529475,1385.9824449553444,Libya
4758,cZYbsZpD,DZA_S_011,2024,28.088333363816677,9.782898137836428,621.6902474477264,0.495803301817235,313.4541700555698,929.9263248398829,Libya
4759,cZYbsZpD,DZA_S_011,2025,28.088333363816677,9.782898137836428,1773.5511272613169,0.7263042665140349,485.41337665064634,3061.6888778719876,Libya
4760,cbFgW9r3,,2022,37.927682647069666,53.9197203461731,,,,,Turkmenistan
4761,cbFgW9r3,,2023,37.927682647069666,53.9197203461731,,,,,Turkmenistan
4762,cbFgW9r3,,2024,37.927682647069666,53.9197203461731,,,,,Turkmenistan
4763,cbFgW9r3,,2025,37.927682647069666,53.9197203461731,329.18672523876216,0.647482052761939,116.04422863918802,542.3292218383363,Turkmenistan
4764,cbaCTSFV,LBY_S_106,2022,28.11784606068072,21.395252143865967,,,,,Libya
4765,cbaCTSFV,LBY_S_106,2023,28.11784606068072,21.395252143865967,,,,,Libya
4766,cbaCTSFV,LBY_S_106,2024,28.11784606068072,21.395252143865967,,,,,Libya
4767,cbaCTSFV,LBY_S_106,2025,28.11784606068072,21.395252143865967,185.3612729360361,0.5814746075912446,77.57839949294092,293.14414637913126,Libya
4768,cbc8zROj,,2022,27.140327426703827,94.77393294820888,,,,,India
4769,cbc8zROj,,2023,27.140327426703827,94.77393294820888,,,,,India
4770,cbc8zROj,,2024,27.140327426703827,94.77393294820888,,,,,India
4771,cbc8zROj,,2025,27.140327426703827,94.77393294820888,183.34005423732452,0.6311179545118599,67.63085422697081,299.0492542476782,India
4772,cewn4qlW,LBY_S_077,2022,29.09830703373851,20.526144857321512,,,,,Libya
4773,cewn4qlW,LBY_S_077,2023,29.09830703373851,20.526144857321512,,,,,Libya
4774,cewn4qlW,LBY_S_077,2024,29.09830703373851,20.526144857321512,,,,,Libya
4775,cewn4qlW,LBY_S_077,2025,29.09830703373851,20.526144857321512,191.53824314784825,0.6154151596386719,73.66270466410447,309.41378163159203,Libya
4776,cf0Sqbr3,USA_S_034,2022,32.32036975272042,-101.73820322752348,,,,,United States of America
4777,cf0Sqbr3,USA_S_034,2023,32.32036975272042,-101.73820322752348,,,,,United States of America
4778,cf0Sqbr3,USA_S_034,2024,32.32036975272042,-101.73820322752348,29.57394517404649,0.9283110183236752,2.1201260136788527,57.02776433441413,United States of America
4779,cf0Sqbr3,USA_S_034,2025,32.32036975272042,-101.73820322752348,,,,,United States of America
4780,cjxTykx1,IRQ_S_009,2022,30.27218566423087,47.7429041972384,,,,,Iraq
4781,cjxTykx1,IRQ_S_009,2023,30.27218566423087,47.7429041972384,1417.591681496117,0.5614320441770989,621.710285945301,2213.4730770469328,Iraq
4782,cjxTykx1,IRQ_S_009,2024,30.27218566423087,47.7429041972384,1544.143303244466,0.6494617150239854,541.2813452765132,2547.005261212419,Iraq
4783,cjxTykx1,IRQ_S_009,2025,30.27218566423087,47.7429041972384,1235.5704054066348,0.4853621809980344,635.871258661845,1835.2695521514247,Iraq
4784,ckZbC8E5,USA_S_598,2022,31.44096403201052,-102.18736972887272,,,,,United States of America
4785,ckZbC8E5,USA_S_598,2023,31.44096403201052,-102.18736972887272,,,,,United States of America
4786,ckZbC8E5,USA_S_598,2024,31.44096403201052,-102.18736972887272,,,,,United States of America
4787,ckZbC8E5,USA_S_598,2025,31.44096403201052,-102.18736972887272,159.8515685688143,0.8096821480690938,30.4226071578027,289.28052997982587,United States of America
4788,ckc400tt,USA_S_378,2022,32.3010776883016,-103.55853464518124,,,,,United States of America
4789,ckc400tt,USA_S_378,2023,32.3010776883016,-103.55853464518124,,,,,United States of America
4790,ckc400tt,USA_S_378,2024,32.3010776883016,-103.55853464518124,176.55494442702968,0.9173714965369436,14.588470837008543,338.5214180170508,United States of America
4791,ckc400tt,USA_S_378,2025,32.3010776883016,-103.55853464518124,,,,,United States of America
4792,cmTfqB62,DZA_S_022,2022,32.7101509413775,3.0031476712149288,,,,,Algeria
4793,cmTfqB62,DZA_S_022,2023,32.7101509413775,3.0031476712149288,802.4184899321505,0.6722957289701522,262.9559663040866,1341.8810135602143,Algeria
4794,cmTfqB62,DZA_S_022,2024,32.7101509413775,3.0031476712149288,,,,,Algeria
4795,cmTfqB62,DZA_S_022,2025,32.7101509413775,3.0031476712149288,507.1944995744184,0.7458399271560332,128.90859095789347,885.4804081909433,Algeria
4796,cnqPTSvS,IRN_S_092,2022,30.294448837917503,50.08931369096526,,,,,Iran
4797,cnqPTSvS,IRN_S_092,2023,30.294448837917503,50.08931369096526,,,,,Iran
4798,cnqPTSvS,IRN_S_092,2024,30.294448837917503,50.08931369096526,553.1566436372741,0.6329911750903825,203.013369772264,903.2999175022842,Iran
4799,cnqPTSvS,IRN_S_092,2025,30.294448837917503,50.08931369096526,1133.008911007975,0.6606701711191149,384.4637198928542,1881.5541021230958,Iran
4800,coKpEQ66,TKM_S_079,2022,39.49014684555007,53.703094775887216,,,,,Turkmenistan
4801,coKpEQ66,TKM_S_079,2023,39.49014684555007,53.703094775887216,2648.1081513770114,0.5339687418207875,1234.1011735808572,4062.1151291731658,Turkmenistan
4802,coKpEQ66,TKM_S_079,2024,39.49014684555007,53.703094775887216,507.5730305170815,0.8523007942754055,74.96813345459833,940.1779275795648,Turkmenistan
4803,coKpEQ66,TKM_S_079,2025,39.49014684555007,53.703094775887216,1346.500264524515,0.593787106954318,546.9657679392793,2146.0347611097504,Turkmenistan
4804,cocpriBH,TKM_S_163,2022,38.57903352903675,54.2097489421424,,,,,Turkmenistan
4805,cocpriBH,TKM_S_163,2023,38.57903352903675,54.2097489421424,,,,,Turkmenistan
4806,cocpriBH,TKM_S_163,2024,38.57903352903675,54.2097489421424,,,,,Turkmenistan
4807,cocpriBH,TKM_S_163,2025,38.57903352903675,54.2097489421424,241.69049274785544,0.7622495105241289,57.4620329524671,425.9189525432438,Turkmenistan
4808,cqE1qZXz,LBY_S_016,2022,28.89767989531289,20.965536942324377,,,,,Libya
4809,cqE1qZXz,LBY_S_016,2023,28.89767989531289,20.965536942324377,,,,,Libya
4810,cqE1qZXz,LBY_S_016,2024,28.89767989531289,20.965536942324377,,,,,Libya
4811,cqE1qZXz,LBY_S_016,2025,28.89767989531289,20.965536942324377,1266.4723945426847,0.6474068006357677,446.5495534982855,2086.395235587084,Libya
4812,cr2joPg1,EGY_S_038,2022,30.61271132875324,25.985594960556057,,,,,Egypt
4813,cr2joPg1,EGY_S_038,2023,30.61271132875324,25.985594960556057,117.28753119499515,0.976898994641486,2.7094598866224544,231.86560250336785,Egypt
4814,cr2joPg1,EGY_S_038,2024,30.61271132875324,25.985594960556057,,,,,Egypt
4815,cr2joPg1,EGY_S_038,2025,30.61271132875324,25.985594960556057,,,,,Egypt
4816,crzOtnIw,TKM_S_146,2022,36.430616619471856,61.48127584328304,,,,,Turkmenistan
4817,crzOtnIw,TKM_S_146,2023,36.430616619471856,61.48127584328304,900.7894219322202,0.4558646712899999,490.1513482015796,1311.4274956628608,Turkmenistan
4818,crzOtnIw,TKM_S_146,2024,36.430616619471856,61.48127584328304,,,,,Turkmenistan
4819,crzOtnIw,TKM_S_146,2025,36.430616619471856,61.48127584328304,,,,,Turkmenistan
4820,csQ6LCTx,,2022,31.95334024903432,-103.6696931314926,,,,,United States of America
4821,csQ6LCTx,,2023,31.95334024903432,-103.6696931314926,,,,,United States of America
4822,csQ6LCTx,,2024,31.95334024903432,-103.6696931314926,,,,,United States of America
4823,csQ6LCTx,,2025,31.95334024903432,-103.6696931314926,100.66979047473508,0.8776472618216095,12.317224516428695,189.02235643304147,United States of America
4824,cvNveDpY,,2022,32.61698998066095,-104.1059962259473,,,,,United States of America
4825,cvNveDpY,,2023,32.61698998066095,-104.1059962259473,,,,,United States of America
4826,cvNveDpY,,2024,32.61698998066095,-104.1059962259473,,,,,United States of America
4827,cvNveDpY,,2025,32.61698998066095,-104.1059962259473,406.7266071030689,0.609731075169917,158.7327556539023,654.7204585522354,United States of America
4828,cwMp5vaZ,,2022,36.49132080906542,61.58753166494798,,,,,Turkmenistan
4829,cwMp5vaZ,,2023,36.49132080906542,61.58753166494798,,,,,Turkmenistan
4830,cwMp5vaZ,,2024,36.49132080906542,61.58753166494798,,,,,Turkmenistan
4831,cwMp5vaZ,,2025,36.49132080906542,61.58753166494798,364.97161882618894,0.6841954360522331,115.2597029367152,614.6835347156627,Turkmenistan
4832,cwsl5Koe,USA_S_387,2022,32.01803183665364,-103.97691581988757,,,,,United States of America
4833,cwsl5Koe,USA_S_387,2023,32.01803183665364,-103.97691581988757,74.0064268189606,0.8869795742061991,8.364237870556693,139.6486157673645,United States of America
4834,cwsl5Koe,USA_S_387,2024,32.01803183665364,-103.97691581988757,,,,,United States of America
4835,cwsl5Koe,USA_S_387,2025,32.01803183665364,-103.97691581988757,,,,,United States of America
4836,d27WETeX,,2022,38.49477301316273,54.19826760658492,,,,,Turkmenistan
4837,d27WETeX,,2023,38.49477301316273,54.19826760658492,,,,,Turkmenistan
4838,d27WETeX,,2024,38.49477301316273,54.19826760658492,,,,,Turkmenistan
4839,d27WETeX,,2025,38.49477301316273,54.19826760658492,628.7267558744578,0.6126593381010795,243.5314377739735,1013.9220739749421,Turkmenistan
4840,d3IvqgKO,VEN_S_076,2022,9.366354179802215,-64.52498114926397,,,,,Venezuela
4841,d3IvqgKO,VEN_S_076,2023,9.366354179802215,-64.52498114926397,,,,,Venezuela
4842,d3IvqgKO,VEN_S_076,2024,9.366354179802215,-64.52498114926397,,,,,Venezuela
4843,d3IvqgKO,VEN_S_076,2025,9.366354179802215,-64.52498114926397,406.9608352285248,0.659207089654886,138.68936743400735,675.2323030230423,Venezuela
4844,d7gfjuKS,,2022,41.76386245037586,-75.78168597591726,,,,,United States of America
4845,d7gfjuKS,,2023,41.76386245037586,-75.78168597591726,,,,,United States of America
4846,d7gfjuKS,,2024,41.76386245037586,-75.78168597591726,,,,,United States of America
4847,d7gfjuKS,,2025,41.76386245037586,-75.78168597591726,293.8223232640106,0.6585523671188678,100.32493676613126,487.31970976188995,United States of America
4848,d8n4G36V,CHN_S_235,2022,40.79291320980936,83.67975748604307,,,,,China
4849,d8n4G36V,CHN_S_235,2023,40.79291320980936,83.67975748604307,79.40484139034494,0.8654854086129489,10.68110979377586,148.12857298691404,China
4850,d8n4G36V,CHN_S_235,2024,40.79291320980936,83.67975748604307,,,,,China
4851,d8n4G36V,CHN_S_235,2025,40.79291320980936,83.67975748604307,,,,,China
4852,d9Q7KkO1,,2022,38.206993256944386,54.07133726923053,,,,,Turkmenistan
4853,d9Q7KkO1,,2023,38.206993256944386,54.07133726923053,,,,,Turkmenistan
4854,d9Q7KkO1,,2024,38.206993256944386,54.07133726923053,,,,,Turkmenistan
4855,d9Q7KkO1,,2025,38.206993256944386,54.07133726923053,255.22671920178595,0.6058409231392429,100.59992803077563,409.8535103727963,Turkmenistan
4856,dCOTeLfs,USA_S_574,2022,31.690775618005716,-102.17884869171856,,,,,United States of America
4857,dCOTeLfs,USA_S_574,2023,31.690775618005716,-102.17884869171856,,,,,United States of America
4858,dCOTeLfs,USA_S_574,2024,31.690775618005716,-102.17884869171856,,,,,United States of America
4859,dCOTeLfs,USA_S_574,2025,31.690775618005716,-102.17884869171856,681.0248646753619,0.8557295573716774,98.25175866760787,1263.7979706831159,United States of America
4860,dCWkwaWc,TKM_S_230,2022,36.42089239898227,61.550706101860406,,,,,Turkmenistan
4861,dCWkwaWc,TKM_S_230,2023,36.42089239898227,61.550706101860406,1461.4946194141403,0.520361115619792,700.9896487834749,2221.9995900448057,Turkmenistan
4862,dCWkwaWc,TKM_S_230,2024,36.42089239898227,61.550706101860406,,,,,Turkmenistan
4863,dCWkwaWc,TKM_S_230,2025,36.42089239898227,61.550706101860406,,,,,Turkmenistan
4864,dCmrMi9U,DZA_S_060,2022,32.93349078378625,3.2450846755687786,,,,,Algeria
4865,dCmrMi9U,DZA_S_060,2023,32.93349078378625,3.2450846755687786,822.9107626097807,0.7352751258366473,217.84494807954275,1427.9765771400187,Algeria
4866,dCmrMi9U,DZA_S_060,2024,32.93349078378625,3.2450846755687786,191.00358004119605,0.9666641551723932,6.367265705770677,375.63989437662144,Algeria
4867,dCmrMi9U,DZA_S_060,2025,32.93349078378625,3.2450846755687786,193.66381957214915,0.915000554275984,16.46131732042852,370.8663218238698,Algeria
4868,dDaMpG9U,,2022,35.35656937427388,-119.66840984512852,,,,,United States of America
4869,dDaMpG9U,,2023,35.35656937427388,-119.66840984512852,,,,,United States of America
4870,dDaMpG9U,,2024,35.35656937427388,-119.66840984512852,,,,,United States of America
4871,dDaMpG9U,,2025,35.35656937427388,-119.66840984512852,71.54276377272404,0.8523542996996304,10.562981458647755,132.52254608680033,United States of America
4872,dEEnSSk5,DZA_S_283,2022,28.212476784950567,9.446994131508422,,,,,Algeria
4873,dEEnSSk5,DZA_S_283,2023,28.212476784950567,9.446994131508422,,,,,Algeria
4874,dEEnSSk5,DZA_S_283,2024,28.212476784950567,9.446994131508422,,,,,Algeria
4875,dEEnSSk5,DZA_S_283,2025,28.212476784950567,9.446994131508422,819.1516638557315,0.7054627186736827,241.27070406599648,1397.0326236454666,Algeria
4876,dG54x7jN,,2022,48.33497280151733,57.43582449062092,,,,,Kazakhstan
4877,dG54x7jN,,2023,48.33497280151733,57.43582449062092,,,,,Kazakhstan
4878,dG54x7jN,,2024,48.33497280151733,57.43582449062092,,,,,Kazakhstan
4879,dG54x7jN,,2025,48.33497280151733,57.43582449062092,261.1831060207644,0.7614887773987835,62.29510193979567,460.0711101017331,Kazakhstan
4880,dIDtMKbE,RUS_S_018,2022,44.47747065706612,46.485630290437065,,,,,Russia
4881,dIDtMKbE,RUS_S_018,2023,44.47747065706612,46.485630290437065,,,,,Russia
4882,dIDtMKbE,RUS_S_018,2024,44.47747065706612,46.485630290437065,,,,,Russia
4883,dIDtMKbE,RUS_S_018,2025,44.47747065706612,46.485630290437065,1105.0943259477865,0.5298370335402579,519.5744265054404,1690.6142253901326,Russia
4884,dJIdwgl7,,2022,-21.87742411435765,148.0213811342292,,,,,Australia
4885,dJIdwgl7,,2023,-21.87742411435765,148.0213811342292,,,,,Australia
4886,dJIdwgl7,,2024,-21.87742411435765,148.0213811342292,,,,,Australia
4887,dJIdwgl7,,2025,-21.87742411435765,148.0213811342292,193.91597416660056,0.7594633855272025,46.64389191822855,341.1880564149726,Australia
4888,dJOmM1UH,VEN_S_121,2022,9.23893475049498,-63.72725020334586,,,,,Venezuela
4889,dJOmM1UH,VEN_S_121,2023,9.23893475049498,-63.72725020334586,,,,,Venezuela
4890,dJOmM1UH,VEN_S_121,2024,9.23893475049498,-63.72725020334586,,,,,Venezuela
4891,dJOmM1UH,VEN_S_121,2025,9.23893475049498,-63.72725020334586,362.8980742676661,0.6727673863428979,118.75208533373754,607.0440632015947,Venezuela
4892,dOXe8jDP,DZA_S_360,2022,28.416864294626546,9.538684261613415,,,,,Algeria
4893,dOXe8jDP,DZA_S_360,2023,28.416864294626546,9.538684261613415,,,,,Algeria
4894,dOXe8jDP,DZA_S_360,2024,28.416864294626546,9.538684261613415,,,,,Algeria
4895,dOXe8jDP,DZA_S_360,2025,28.416864294626546,9.538684261613415,2036.905217749024,0.5024812606204875,1013.3985161700458,3060.411919328002,Algeria
4896,dSoL1O9P,DZA_S_208,2022,32.2495962847437,4.157626691272151,,,,,Algeria
4897,dSoL1O9P,DZA_S_208,2023,32.2495962847437,4.157626691272151,,,,,Algeria
4898,dSoL1O9P,DZA_S_208,2024,32.2495962847437,4.157626691272151,,,,,Algeria
4899,dSoL1O9P,DZA_S_208,2025,32.2495962847437,4.157626691272151,750.7045106232039,0.6956450274651089,228.48065071254405,1272.9283705338637,Algeria
4900,dW60850z,DZA_S_279,2022,29.618842575290262,6.765317295365424,,,,,Algeria
4901,dW60850z,DZA_S_279,2023,29.618842575290262,6.765317295365424,,,,,Algeria
4902,dW60850z,DZA_S_279,2024,29.618842575290262,6.765317295365424,,,,,Algeria
4903,dW60850z,DZA_S_279,2025,29.618842575290262,6.765317295365424,120.37290613489924,0.859189526773775,16.94976587647112,223.79604639332734,Algeria
4904,dZEwDZSI,TKM_S_449,2022,38.09820856173197,54.02153151957123,,,,,Turkmenistan
4905,dZEwDZSI,TKM_S_449,2023,38.09820856173197,54.02153151957123,,,,,Turkmenistan
4906,dZEwDZSI,TKM_S_449,2024,38.09820856173197,54.02153151957123,,,,,Turkmenistan
4907,dZEwDZSI,TKM_S_449,2025,38.09820856173197,54.02153151957123,1360.7231015115542,0.4613421966498453,732.9641168280233,1988.4820861950852,Turkmenistan
4908,dZsngjmv,LBY_S_137,2022,28.839861253447243,22.082439435843796,,,,,Libya
4909,dZsngjmv,LBY_S_137,2023,28.839861253447243,22.082439435843796,,,,,Libya
4910,dZsngjmv,LBY_S_137,2024,28.839861253447243,22.082439435843796,,,,,Libya
4911,dZsngjmv,LBY_S_137,2025,28.839861253447243,22.082439435843796,1574.941794980884,0.4581541720441588,853.3756408836757,2296.507949078092,Libya
4912,ddHgySCU,,2022,40.791150817599,61.305677592631454,,,,,Turkmenistan
4913,ddHgySCU,,2023,40.791150817599,61.305677592631454,,,,,Turkmenistan
4914,ddHgySCU,,2024,40.791150817599,61.305677592631454,,,,,Turkmenistan
4915,ddHgySCU,,2025,40.791150817599,61.305677592631454,160.7710495767811,0.842065184247404,25.39134609326041,296.1507530603018,Turkmenistan
4916,dnA80XzN,TKM_S_117,2022,37.959904427249505,63.501619977177775,,,,,Turkmenistan
4917,dnA80XzN,TKM_S_117,2023,37.959904427249505,63.501619977177775,677.4544505308743,0.5938351131705503,275.1582102319796,1079.750690829769,Turkmenistan
4918,dnA80XzN,TKM_S_117,2024,37.959904427249505,63.501619977177775,,,,,Turkmenistan
4919,dnA80XzN,TKM_S_117,2025,37.959904427249505,63.501619977177775,854.3938741113197,0.5179452744205625,411.86460452148475,1296.9231437011547,Turkmenistan
4920,dsDnPclO,KAZ_S_015,2022,45.35742517871609,51.81739624602587,,,,,
4921,dsDnPclO,KAZ_S_015,2023,45.35742517871609,51.81739624602587,,,,,
4922,dsDnPclO,KAZ_S_015,2024,45.35742517871609,51.81739624602587,52.61316702259556,0.967632819092252,1.7029398951499104,103.52339415004121,
4923,dsDnPclO,KAZ_S_015,2025,45.35742517871609,51.81739624602587,,,,,
4924,duHYsQgl,TKM_S_272,2022,36.512529694905595,61.64885018802681,,,,,Turkmenistan
4925,duHYsQgl,TKM_S_272,2023,36.512529694905595,61.64885018802681,624.0437360255494,0.5339265529225644,290.8502151765091,957.2372568745897,Turkmenistan
4926,duHYsQgl,TKM_S_272,2024,36.512529694905595,61.64885018802681,,,,,Turkmenistan
4927,duHYsQgl,TKM_S_272,2025,36.512529694905595,61.64885018802681,,,,,Turkmenistan
4928,dwZuOLzM,KAZ_S_099,2022,43.30719426448761,52.831977600052454,,,,,Kazakhstan
4929,dwZuOLzM,KAZ_S_099,2023,43.30719426448761,52.831977600052454,,,,,Kazakhstan
4930,dwZuOLzM,KAZ_S_099,2024,43.30719426448761,52.831977600052454,,,,,Kazakhstan
4931,dwZuOLzM,KAZ_S_099,2025,43.30719426448761,52.831977600052454,382.029517745868,0.900903856050499,37.857652083502956,726.2013834082331,Kazakhstan
4932,e1As4r2w,USA_S_095,2022,32.14420066398907,-101.65787114513206,,,,,United States of America
4933,e1As4r2w,USA_S_095,2023,32.14420066398907,-101.65787114513206,1300.0666338982082,0.4911345081613242,661.5590470816634,1938.5742207147532,United States of America
4934,e1As4r2w,USA_S_095,2024,32.14420066398907,-101.65787114513206,1649.6513642638863,0.4223507365860167,952.9198954569066,2346.382833070866,United States of America
4935,e1As4r2w,USA_S_095,2025,32.14420066398907,-101.65787114513206,,,,,United States of America
4936,e2N3oAlj,USA_S_832,2022,33.720424074590845,-104.3888999324393,,,,,United States of America
4937,e2N3oAlj,USA_S_832,2023,33.720424074590845,-104.3888999324393,,,,,United States of America
4938,e2N3oAlj,USA_S_832,2024,33.720424074590845,-104.3888999324393,,,,,United States of America
4939,e2N3oAlj,USA_S_832,2025,33.720424074590845,-104.3888999324393,1140.7829997152676,0.6509674981142209,398.1703444993839,1883.3956549311513,United States of America
4940,e3hcltsJ,,2022,32.21751110955769,-93.40374134808796,,,,,United States of America
4941,e3hcltsJ,,2023,32.21751110955769,-93.40374134808796,,,,,United States of America
4942,e3hcltsJ,,2024,32.21751110955769,-93.40374134808796,,,,,United States of America
4943,e3hcltsJ,,2025,32.21751110955769,-93.40374134808796,199.3713179564382,0.7951346614599661,40.84427254831843,357.89836336455795,United States of America
4944,eETSc0iH,,2022,31.79953730259615,-102.07807064478948,,,,,United States of America
4945,eETSc0iH,,2023,31.79953730259615,-102.07807064478948,,,,,United States of America
4946,eETSc0iH,,2024,31.79953730259615,-102.07807064478948,,,,,United States of America
4947,eETSc0iH,,2025,31.79953730259615,-102.07807064478948,323.39693637603744,0.6865871049489852,101.35677008024274,545.4371026718321,United States of America
4948,eJJETJGn,CHN_S_293,2022,45.21098454932092,85.10244990635044,,,,,China
4949,eJJETJGn,CHN_S_293,2023,45.21098454932092,85.10244990635044,,,,,China
4950,eJJETJGn,CHN_S_293,2024,45.21098454932092,85.10244990635044,,,,,China
4951,eJJETJGn,CHN_S_293,2025,45.21098454932092,85.10244990635044,448.97545953915096,0.7255525396257531,123.22017464088043,774.7307444374214,China
4952,eO4Jm5p3,USA_S_163,2022,31.57111977032222,-101.81719077930842,,,,,United States of America
4953,eO4Jm5p3,USA_S_163,2023,31.57111977032222,-101.81719077930842,848.0425089529621,0.8995875530681525,85.15402342619007,1610.9309944797342,United States of America
4954,eO4Jm5p3,USA_S_163,2024,31.57111977032222,-101.81719077930842,1917.542302491956,0.8516242093803321,284.51685517890223,3550.56774980501,United States of America
4955,eO4Jm5p3,USA_S_163,2025,31.57111977032222,-101.81719077930842,,,,,United States of America
4956,eRj8sLgr,,2022,40.026862652861695,61.05261251875081,,,,,Turkmenistan
4957,eRj8sLgr,,2023,40.026862652861695,61.05261251875081,,,,,Turkmenistan
4958,eRj8sLgr,,2024,40.026862652861695,61.05261251875081,,,,,Turkmenistan
4959,eRj8sLgr,,2025,40.026862652861695,61.05261251875081,206.1408790696809,0.8010850057965536,41.0045117652389,371.2772463741229,Turkmenistan
4960,eVTV5U94,,2022,31.657026796064713,-102.04520487760657,,,,,United States of America
4961,eVTV5U94,,2023,31.657026796064713,-102.04520487760657,,,,,United States of America
4962,eVTV5U94,,2024,31.657026796064713,-102.04520487760657,,,,,United States of America
4963,eVTV5U94,,2025,31.657026796064713,-102.04520487760657,440.5335357117866,0.6873913695949592,137.71458524635176,743.3524861772214,United States of America
4964,eVWB1Zb7,DZA_S_221,2022,31.803186580936796,5.898241996499419,,,,,Algeria
4965,eVWB1Zb7,DZA_S_221,2023,31.803186580936796,5.898241996499419,,,,,Algeria
4966,eVWB1Zb7,DZA_S_221,2024,31.803186580936796,5.898241996499419,101.1798420173654,0.8578905333561503,14.378613384196768,187.98107065053404,Algeria
4967,eVWB1Zb7,DZA_S_221,2025,31.803186580936796,5.898241996499419,994.7255577048696,0.7845887037060154,214.2751218419627,1775.1759935677765,Algeria
4968,eYgV77nR,DZA_S_124,2022,31.678525970422157,6.12562210178283,,,,,Algeria
4969,eYgV77nR,DZA_S_124,2023,31.678525970422157,6.12562210178283,,,,,Algeria
4970,eYgV77nR,DZA_S_124,2024,31.678525970422157,6.12562210178283,1086.959485756346,0.529836671687788,511.04848956373405,1662.870481948958,Algeria
4971,eYgV77nR,DZA_S_124,2025,31.678525970422157,6.12562210178283,764.5857233540854,0.6133722957993005,295.6100228850212,1233.5614238231497,Algeria
4972,eZxnrtf8,,2022,32.847806784775514,3.433396655618566,,,,,Algeria
4973,eZxnrtf8,,2023,32.847806784775514,3.433396655618566,,,,,Algeria
4974,eZxnrtf8,,2024,32.847806784775514,3.433396655618566,,,,,Algeria
4975,eZxnrtf8,,2025,32.847806784775514,3.433396655618566,262.8353836948429,0.7091078013350262,76.45676264994486,449.214004739741,Algeria
4976,ebij73Kg,USA_S_101,2022,32.176838462935706,-102.52668559763516,,,,,United States of America
4977,ebij73Kg,USA_S_101,2023,32.176838462935706,-102.52668559763516,570.4053196855602,0.5333024999334529,266.20673672191054,874.6039026492099,United States of America
4978,ebij73Kg,USA_S_101,2024,32.176838462935706,-102.52668559763516,,,,,United States of America
4979,ebij73Kg,USA_S_101,2025,32.176838462935706,-102.52668559763516,,,,,United States of America
4980,ebpaBHCY,VEN_S_068,2022,8.743015507962005,-63.049114313402896,,,,,Venezuela
4981,ebpaBHCY,VEN_S_068,2023,8.743015507962005,-63.049114313402896,,,,,Venezuela
4982,ebpaBHCY,VEN_S_068,2024,8.743015507962005,-63.049114313402896,,,,,Venezuela
4983,ebpaBHCY,VEN_S_068,2025,8.743015507962005,-63.049114313402896,663.6307645416392,0.4576231162082552,359.9379860604274,967.323543022851,Venezuela
4984,ecDG7ynu,,2022,31.974441123659854,-101.86912445563358,,,,,United States of America
4985,ecDG7ynu,,2023,31.974441123659854,-101.86912445563358,,,,,United States of America
4986,ecDG7ynu,,2024,31.974441123659854,-101.86912445563358,,,,,United States of America
4987,ecDG7ynu,,2025,31.974441123659854,-101.86912445563358,231.1131564118371,0.7306494509885089,62.25045556330696,399.97585726036726,United States of America
4988,ecLcNY78,IND_S_018,2022,27.332009811883847,95.48908032239032,,,,,India
4989,ecLcNY78,IND_S_018,2023,27.332009811883847,95.48908032239032,,,,,India
4990,ecLcNY78,IND_S_018,2024,27.332009811883847,95.48908032239032,406.0247585909676,0.8133749010426288,75.77441075118207,736.2751064307531,India
4991,ecLcNY78,IND_S_018,2025,27.332009811883847,95.48908032239032,224.8797997821587,0.7019532329619695,67.024697297232,382.73490226708543,India
4992,ehTZXyDd,DZA_S_216,2022,31.425131730978556,5.832279534538102,,,,,Algeria
4993,ehTZXyDd,DZA_S_216,2023,31.425131730978556,5.832279534538102,,,,,Algeria
4994,ehTZXyDd,DZA_S_216,2024,31.425131730978556,5.832279534538102,,,,,Algeria
4995,ehTZXyDd,DZA_S_216,2025,31.425131730978556,5.832279534538102,476.6686488151833,0.6048012467227464,188.3788557381135,764.9584418922532,Algeria
4996,ejRU39oa,IRN_S_024,2022,30.718370430318434,49.82302756265386,,,,,Iran
4997,ejRU39oa,IRN_S_024,2023,30.718370430318434,49.82302756265386,,,,,Iran
4998,ejRU39oa,IRN_S_024,2024,30.718370430318434,49.82302756265386,409.7860192501106,0.9135346155647548,35.43230569064963,784.1397328095716,Iran
4999,ejRU39oa,IRN_S_024,2025,30.718370430318434,49.82302756265386,,,,,Iran
5000,ejhxeGag,,2022,31.57733633408384,-103.7219544460498,,,,,United States of America
5001,ejhxeGag,,2023,31.57733633408384,-103.7219544460498,,,,,United States of America
5002,ejhxeGag,,2024,31.57733633408384,-103.7219544460498,,,,,United States of America
5003,ejhxeGag,,2025,31.57733633408384,-103.7219544460498,141.6221559704172,0.8147474542179903,26.235864932656625,257.00844700817777,United States of America
5004,ejuLdTOx,,2022,32.037737866455835,-103.67034541890897,,,,,United States of America
5005,ejuLdTOx,,2023,32.037737866455835,-103.67034541890897,,,,,United States of America
5006,ejuLdTOx,,2024,32.037737866455835,-103.67034541890897,,,,,United States of America
5007,ejuLdTOx,,2025,32.037737866455835,-103.67034541890897,171.28243528376936,0.8216766067300062,30.543665067349878,312.02120550018884,United States of America
5008,el8pR76S,AZE_S_018,2022,40.347504915513746,50.00467216526978,,,,,Azerbaijan
5009,el8pR76S,AZE_S_018,2023,40.347504915513746,50.00467216526978,,,,,Azerbaijan
5010,el8pR76S,AZE_S_018,2024,40.347504915513746,50.00467216526978,741.4678661360031,0.5816591891517642,310.1862683372467,1172.7494639347594,Azerbaijan
5011,el8pR76S,AZE_S_018,2025,40.347504915513746,50.00467216526978,854.6590441129317,0.8180508313885103,155.5045025226384,1553.813585703225,Azerbaijan
5012,elPBhZD8,SYR_S_002,2022,35.371672472286214,38.6131860299756,,,,,Syria
5013,elPBhZD8,SYR_S_002,2023,35.371672472286214,38.6131860299756,1732.7509064719654,0.581191101822391,725.6914979557771,2739.8103149881536,Syria
5014,elPBhZD8,SYR_S_002,2024,35.371672472286214,38.6131860299756,1994.7091401951675,0.4269290381698921,1143.1098855429523,2846.3083948473827,Syria
5015,elPBhZD8,SYR_S_002,2025,35.371672472286214,38.6131860299756,,,,,Syria
5016,en9H6bIa,YEM_S_013,2022,15.569696112855471,45.82633257377863,,,,,Yemen
5017,en9H6bIa,YEM_S_013,2023,15.569696112855471,45.82633257377863,366.1001764322947,0.5884858321249422,150.6554094634476,581.5449434011418,Yemen
5018,en9H6bIa,YEM_S_013,2024,15.569696112855471,45.82633257377863,105.31928784343958,0.5324318363205872,49.243946016980544,161.39462966989862,Yemen
5019,en9H6bIa,YEM_S_013,2025,15.569696112855471,45.82633257377863,180.48562946988,0.6180756545163769,68.93185590448363,292.03940303527634,Yemen
5020,enEBmB7E,,2022,32.0908345001082,-101.8242871299258,,,,,United States of America
5021,enEBmB7E,,2023,32.0908345001082,-101.8242871299258,,,,,United States of America
5022,enEBmB7E,,2024,32.0908345001082,-101.8242871299258,,,,,United States of America
5023,enEBmB7E,,2025,32.0908345001082,-101.8242871299258,131.43386928743544,0.8673754692356026,17.43135524079527,245.43638333407563,United States of America
5024,epkapx8A,VEN_S_015,2022,9.854774022356487,-63.33831935762626,,,,,Venezuela
5025,epkapx8A,VEN_S_015,2023,9.854774022356487,-63.33831935762626,,,,,Venezuela
5026,epkapx8A,VEN_S_015,2024,9.854774022356487,-63.33831935762626,734.459128974525,0.5398893782794667,337.93244646079006,1130.98581148826,Venezuela
5027,epkapx8A,VEN_S_015,2025,9.854774022356487,-63.33831935762626,384.174868103534,0.5699882181195077,165.19971958690374,603.1500166201643,Venezuela
5028,evj1wPgP,USA_S_203,2022,31.99965553769837,-104.05104003739906,,,,,United States of America
5029,evj1wPgP,USA_S_203,2023,31.99965553769837,-104.05104003739906,,,,,United States of America
5030,evj1wPgP,USA_S_203,2024,31.99965553769837,-104.05104003739906,,,,,United States of America
5031,evj1wPgP,USA_S_203,2025,31.99965553769837,-104.05104003739906,1064.0125266736095,0.4908966530162079,541.692338562216,1586.332714785003,United States of America
5032,ezmKEBW1,,2022,54.219994649263064,86.91950588546047,,,,,Russia
5033,ezmKEBW1,,2023,54.219994649263064,86.91950588546047,,,,,Russia
5034,ezmKEBW1,,2024,54.219994649263064,86.91950588546047,,,,,Russia
5035,ezmKEBW1,,2025,54.219994649263064,86.91950588546047,265.175936929738,0.721862833990972,73.75528359142609,456.5965902680499,Russia
5036,f2L6ExMH,,2022,45.68392845113016,85.19682264407757,,,,,China
5037,f2L6ExMH,,2023,45.68392845113016,85.19682264407757,,,,,China
5038,f2L6ExMH,,2024,45.68392845113016,85.19682264407757,,,,,China
5039,f2L6ExMH,,2025,45.68392845113016,85.19682264407757,465.9640461463772,0.5912349400235479,190.46982126989417,741.4582710228602,China
5040,fAybQn69,,2022,32.19825870739214,-93.50483550397378,,,,,United States of America
5041,fAybQn69,,2023,32.19825870739214,-93.50483550397378,,,,,United States of America
5042,fAybQn69,,2024,32.19825870739214,-93.50483550397378,,,,,United States of America
5043,fAybQn69,,2025,32.19825870739214,-93.50483550397378,491.8485890209768,0.721051286915919,137.20053093962252,846.496647102331,United States of America
5044,fBdfOJLu,,2022,32.21756460208882,-103.59006770329928,,,,,United States of America
5045,fBdfOJLu,,2023,32.21756460208882,-103.59006770329928,,,,,United States of America
5046,fBdfOJLu,,2024,32.21756460208882,-103.59006770329928,,,,,United States of America
5047,fBdfOJLu,,2025,32.21756460208882,-103.59006770329928,110.88115265097068,0.8755655169485297,13.797438910274707,207.96486639166665,United States of America
5048,fE8EhAhq,,2022,32.35710581062108,-101.96062059387124,,,,,United States of America
5049,fE8EhAhq,,2023,32.35710581062108,-101.96062059387124,,,,,United States of America
5050,fE8EhAhq,,2024,32.35710581062108,-101.96062059387124,,,,,United States of America
5051,fE8EhAhq,,2025,32.35710581062108,-101.96062059387124,143.22640925226062,0.8643361595247965,19.430644736634903,267.02217376788633,United States of America
5052,fGMpLAng,MEX_S_013,2022,20.522897337583277,-97.5787502160566,,,,,Mexico
5053,fGMpLAng,MEX_S_013,2023,20.522897337583277,-97.5787502160566,19.29106882405492,0.93863790801626,1.1837403396463166,37.39839730846353,Mexico
5054,fGMpLAng,MEX_S_013,2024,20.522897337583277,-97.5787502160566,11.272556963576394,0.8923936798511678,1.21299837351855,21.33211555363424,Mexico
5055,fGMpLAng,MEX_S_013,2025,20.522897337583277,-97.5787502160566,139.54341268976793,0.903275585976112,13.49725482331138,265.5895705562245,Mexico
5056,fGUb20Y0,TKM_S_182,2022,37.71628588987466,53.97571779387897,,,,,Turkmenistan
5057,fGUb20Y0,TKM_S_182,2023,37.71628588987466,53.97571779387897,141.37092643096256,0.7052175005231771,41.67367504667318,241.06817781525194,Turkmenistan
5058,fGUb20Y0,TKM_S_182,2024,37.71628588987466,53.97571779387897,32.87892492097812,0.9748833349691184,0.8258089438157157,64.93204089814053,Turkmenistan
5059,fGUb20Y0,TKM_S_182,2025,37.71628588987466,53.97571779387897,613.7659173480574,0.5330553943349355,286.5946842467452,940.9371504493697,Turkmenistan
5060,fHFBCyn9,RUS_S_014,2022,51.8703228459996,54.69625098889605,,,,,Russia
5061,fHFBCyn9,RUS_S_014,2023,51.8703228459996,54.69625098889605,,,,,Russia
5062,fHFBCyn9,RUS_S_014,2024,51.8703228459996,54.69625098889605,912.0903272608062,0.5575660274788108,403.53974678815,1420.6409077334624,Russia
5063,fHFBCyn9,RUS_S_014,2025,51.8703228459996,54.69625098889605,,,,,Russia
5064,fHGLUoeD,,2022,29.259745248651654,6.494900453149597,,,,,Algeria
5065,fHGLUoeD,,2023,29.259745248651654,6.494900453149597,,,,,Algeria
5066,fHGLUoeD,,2024,29.259745248651654,6.494900453149597,,,,,Algeria
5067,fHGLUoeD,,2025,29.259745248651654,6.494900453149597,393.8896629518009,0.7259730310482613,107.93639044010399,679.8429354634978,Algeria
5068,fHIMoAcf,,2022,32.0694999964199,-103.64441730701962,,,,,United States of America
5069,fHIMoAcf,,2023,32.0694999964199,-103.64441730701962,,,,,United States of America
5070,fHIMoAcf,,2024,32.0694999964199,-103.64441730701962,,,,,United States of America
5071,fHIMoAcf,,2025,32.0694999964199,-103.64441730701962,296.86919646478015,0.6595469271449929,101.07003017243122,492.6683627571291,United States of America
5072,fKvN37Qa,,2022,31.98152603308089,-103.7017193375614,,,,,United States of America
5073,fKvN37Qa,,2023,31.98152603308089,-103.7017193375614,,,,,United States of America
5074,fKvN37Qa,,2024,31.98152603308089,-103.7017193375614,,,,,United States of America
5075,fKvN37Qa,,2025,31.98152603308089,-103.7017193375614,191.09405855866396,0.8000278715203403,38.21348562979276,343.97463148753513,United States of America
5076,fQvVvRMZ,USA_S_195,2022,32.196637375929626,-103.63224562797932,,,,,United States of America
5077,fQvVvRMZ,USA_S_195,2023,32.196637375929626,-103.63224562797932,1187.034664933737,0.4674886747910449,632.1094024928324,1741.9599273746417,United States of America
5078,fQvVvRMZ,USA_S_195,2024,32.196637375929626,-103.63224562797932,290.14638011859114,0.828455598286724,49.77298718671648,530.5197730504658,United States of America
5079,fQvVvRMZ,USA_S_195,2025,32.196637375929626,-103.63224562797932,,,,,United States of America
5080,fS4XSTdE,,2022,46.54651403448971,64.66656568744193,,,,,Kazakhstan
5081,fS4XSTdE,,2023,46.54651403448971,64.66656568744193,,,,,Kazakhstan
5082,fS4XSTdE,,2024,46.54651403448971,64.66656568744193,,,,,Kazakhstan
5083,fS4XSTdE,,2025,46.54651403448971,64.66656568744193,343.48975168149957,0.6196556290920044,130.64439351664356,556.3351098463556,Kazakhstan
5084,fSWw6DrP,,2022,36.42427544515163,-108.19979164681132,,,,,United States of America
5085,fSWw6DrP,,2023,36.42427544515163,-108.19979164681132,,,,,United States of America
5086,fSWw6DrP,,2024,36.42427544515163,-108.19979164681132,,,,,United States of America
5087,fSWw6DrP,,2025,36.42427544515163,-108.19979164681132,242.23224116811488,0.6558093417814721,83.37407452940266,401.0904078068271,United States of America
5088,fU0sCZow,,2022,31.909100931383655,-101.77637823209704,,,,,United States of America
5089,fU0sCZow,,2023,31.909100931383655,-101.77637823209704,,,,,United States of America
5090,fU0sCZow,,2024,31.909100931383655,-101.77637823209704,,,,,United States of America
5091,fU0sCZow,,2025,31.909100931383655,-101.77637823209704,108.22940468244848,0.8677537661085505,14.31293116556742,202.14587819932953,United States of America
5092,fUuH4BHv,TKM_S_006,2022,39.47352135032628,53.52938242348582,,,,,Turkmenistan
5093,fUuH4BHv,TKM_S_006,2023,39.47352135032628,53.52938242348582,,,,,Turkmenistan
5094,fUuH4BHv,TKM_S_006,2024,39.47352135032628,53.52938242348582,1330.270761669871,0.5570587787786558,589.2317557291003,2071.3097676106418,Turkmenistan
5095,fUuH4BHv,TKM_S_006,2025,39.47352135032628,53.52938242348582,,,,,Turkmenistan
5096,fVUB5g20,PAK_S_001,2022,27.968657876413687,69.8087524781549,,,,,Pakistan
5097,fVUB5g20,PAK_S_001,2023,27.968657876413687,69.8087524781549,3264.931298034656,0.533686140421116,1522.482714846436,5007.379881222876,Pakistan
5098,fVUB5g20,PAK_S_001,2024,27.968657876413687,69.8087524781549,4497.629865988645,0.5594036064776046,1981.6394983532118,7013.6202336240785,Pakistan
5099,fVUB5g20,PAK_S_001,2025,27.968657876413687,69.8087524781549,982.9566547855344,0.6245044140169875,369.0958850845959,1596.8174244864729,Pakistan
5100,fVYXLYI4,IRN_S_007,2022,28.045850727253967,53.20048025900805,,,,,Iran
5101,fVYXLYI4,IRN_S_007,2023,28.045850727253967,53.20048025900805,,,,,Iran
5102,fVYXLYI4,IRN_S_007,2024,28.045850727253967,53.20048025900805,715.0891204951539,0.4998105969573269,357.6800003027812,1072.4982406875265,Iran
5103,fVYXLYI4,IRN_S_007,2025,28.045850727253967,53.20048025900805,204.7748221517266,0.5925918915578654,83.42692294940946,326.12272135404373,Iran
5104,fXfIo80m,TKM_S_284,2022,38.54644387838719,62.85314861551627,,,,,Turkmenistan
5105,fXfIo80m,TKM_S_284,2023,38.54644387838719,62.85314861551627,565.434724180339,0.6103584929283195,220.3168380802873,910.5526102803907,Turkmenistan
5106,fXfIo80m,TKM_S_284,2024,38.54644387838719,62.85314861551627,,,,,Turkmenistan
5107,fXfIo80m,TKM_S_284,2025,38.54644387838719,62.85314861551627,,,,,Turkmenistan
5108,fXi0xDu9,TKM_S_280,2022,37.45062835906516,61.02518479148322,,,,,Turkmenistan
5109,fXi0xDu9,TKM_S_280,2023,37.45062835906516,61.02518479148322,893.3524224413354,0.4682028925201543,475.0822342144154,1311.6226106682554,Turkmenistan
5110,fXi0xDu9,TKM_S_280,2024,37.45062835906516,61.02518479148322,,,,,Turkmenistan
5111,fXi0xDu9,TKM_S_280,2025,37.45062835906516,61.02518479148322,,,,,Turkmenistan
5112,fZ9A81ef,IRN_S_053,2022,30.136717112546716,50.442498428019334,,,,,Iran
5113,fZ9A81ef,IRN_S_053,2023,30.136717112546716,50.442498428019334,,,,,Iran
5114,fZ9A81ef,IRN_S_053,2024,30.136717112546716,50.442498428019334,822.7233492715872,0.4839835953712962,424.5387446952097,1220.9079538479646,Iran
5115,fZ9A81ef,IRN_S_053,2025,30.136717112546716,50.442498428019334,,,,,Iran
5116,fZdc1ilu,DZA_S_377,2022,27.150097364544425,8.805567506037457,,,,,Algeria
5117,fZdc1ilu,DZA_S_377,2023,27.150097364544425,8.805567506037457,,,,,Algeria
5118,fZdc1ilu,DZA_S_377,2024,27.150097364544425,8.805567506037457,,,,,Algeria
5119,fZdc1ilu,DZA_S_377,2025,27.150097364544425,8.805567506037457,1046.8741263785737,0.7110332321910481,302.5118326024367,1791.2364201547107,Algeria
5120,faFbaQFu,USA_S_350,2022,32.33137473120876,-103.25165047721772,,,,,United States of America
5121,faFbaQFu,USA_S_350,2023,32.33137473120876,-103.25165047721772,,,,,United States of America
5122,faFbaQFu,USA_S_350,2024,32.33137473120876,-103.25165047721772,109.55509574170182,0.9613422222791936,4.235156539364368,214.87503494403927,United States of America
5123,faFbaQFu,USA_S_350,2025,32.33137473120876,-103.25165047721772,,,,,United States of America
5124,feS05QBW,CHN_S_003,2022,37.30708659918374,94.29302658037687,,,,,China
5125,feS05QBW,CHN_S_003,2023,37.30708659918374,94.29302658037687,337.24965420831467,0.5985395358143666,135.39240272491438,539.1069056917149,China
5126,feS05QBW,CHN_S_003,2024,37.30708659918374,94.29302658037687,,,,,China
5127,feS05QBW,CHN_S_003,2025,37.30708659918374,94.29302658037687,,,,,China
5128,fiTtF9k5,TUR_S_013,2022,37.80761858929583,41.17422085871812,,,,,Turkey
5129,fiTtF9k5,TUR_S_013,2023,37.80761858929583,41.17422085871812,,,,,Turkey
5130,fiTtF9k5,TUR_S_013,2024,37.80761858929583,41.17422085871812,71.59661896954495,0.8319629413758692,12.030885259074978,131.16235268001492,Turkey
5131,fiTtF9k5,TUR_S_013,2025,37.80761858929583,41.17422085871812,,,,,Turkey
5132,fjaQFng6,USA_S_005,2022,31.654499269486077,-103.31751369325254,,,,,United States of America
5133,fjaQFng6,USA_S_005,2023,31.654499269486077,-103.31751369325254,253.27580766698463,0.9280791953603128,18.215799883176203,488.33581545079306,United States of America
5134,fjaQFng6,USA_S_005,2024,31.654499269486077,-103.31751369325254,449.5911481744376,0.5590364397293215,198.25331336518215,700.928982983693,United States of America
5135,fjaQFng6,USA_S_005,2025,31.654499269486077,-103.31751369325254,,,,,United States of America
5136,fl7cmv7h,USA_S_112,2022,31.89641567497836,-103.409325571586,,,,,United States of America
5137,fl7cmv7h,USA_S_112,2023,31.89641567497836,-103.409325571586,,,,,United States of America
5138,fl7cmv7h,USA_S_112,2024,31.89641567497836,-103.409325571586,391.1448226552427,0.9132748517731438,33.92209272294332,748.3675525875421,United States of America
5139,fl7cmv7h,USA_S_112,2025,31.89641567497836,-103.409325571586,,,,,United States of America
5140,fnnK16bQ,USA_S_413,2022,31.356440659787772,-103.23592573413003,,,,,United States of America
5141,fnnK16bQ,USA_S_413,2023,31.356440659787772,-103.23592573413003,424.2593114708004,0.6437239934725941,151.15341322288361,697.3652097187172,United States of America
5142,fnnK16bQ,USA_S_413,2024,31.356440659787772,-103.23592573413003,,,,,United States of America
5143,fnnK16bQ,USA_S_413,2025,31.356440659787772,-103.23592573413003,,,,,United States of America
5144,foQHcrzT,DZA_S_301,2022,31.562618742593404,5.956689324719243,,,,,Algeria
5145,foQHcrzT,DZA_S_301,2023,31.562618742593404,5.956689324719243,,,,,Algeria
5146,foQHcrzT,DZA_S_301,2024,31.562618742593404,5.956689324719243,1341.9737354856188,0.7328925118614945,358.4512336334109,2325.4962373378266,Algeria
5147,foQHcrzT,DZA_S_301,2025,31.562618742593404,5.956689324719243,1780.7723112817907,0.4676449458407055,948.0031402177898,2613.541482345792,Algeria
5148,fp36RVCA,TKM_S_269,2022,36.582961925019134,61.48053991721073,,,,,Turkmenistan
5149,fp36RVCA,TKM_S_269,2023,36.582961925019134,61.48053991721073,545.4195905135211,0.6981396674392868,164.6405389775395,926.1986420495027,Turkmenistan
5150,fp36RVCA,TKM_S_269,2024,36.582961925019134,61.48053991721073,,,,,Turkmenistan
5151,fp36RVCA,TKM_S_269,2025,36.582961925019134,61.48053991721073,141.66557693508258,0.7232431106343968,39.20692440273699,244.12422946742817,Turkmenistan
5152,frp5xlKI,,2022,45.440329048794254,85.13994855596437,,,,,China
5153,frp5xlKI,,2023,45.440329048794254,85.13994855596437,,,,,China
5154,frp5xlKI,,2024,45.440329048794254,85.13994855596437,,,,,China
5155,frp5xlKI,,2025,45.440329048794254,85.13994855596437,139.769153136376,0.7420236067100373,36.05714201931475,243.4811642534372,China
5156,fsnFzmYh,TKM_S_231,2022,36.48108020873072,61.62282302705451,,,,,Turkmenistan
5157,fsnFzmYh,TKM_S_231,2023,36.48108020873072,61.62282302705451,805.1017007000921,0.6496471946457414,282.0696394357619,1328.1337619644223,Turkmenistan
5158,fsnFzmYh,TKM_S_231,2024,36.48108020873072,61.62282302705451,,,,,Turkmenistan
5159,fsnFzmYh,TKM_S_231,2025,36.48108020873072,61.62282302705451,,,,,Turkmenistan
5160,fvKnIfXm,TKM_S_157,2022,38.55971511230526,54.17249448853344,,,,,Turkmenistan
5161,fvKnIfXm,TKM_S_157,2023,38.55971511230526,54.17249448853344,,,,,Turkmenistan
5162,fvKnIfXm,TKM_S_157,2024,38.55971511230526,54.17249448853344,,,,,Turkmenistan
5163,fvKnIfXm,TKM_S_157,2025,38.55971511230526,54.17249448853344,246.8643739403337,0.9641149904387392,8.858730419183559,484.8700174614838,Turkmenistan
5164,fxCVizXV,USA_S_315,2022,31.76940690192981,-101.7300304645161,,,,,United States of America
5165,fxCVizXV,USA_S_315,2023,31.76940690192981,-101.7300304645161,497.5404252290437,0.6332741630880253,182.46092883966082,812.6199216184266,United States of America
5166,fxCVizXV,USA_S_315,2024,31.76940690192981,-101.7300304645161,43.19906268407976,0.9080568218211946,3.9718591175197275,82.4262662506398,United States of America
5167,fxCVizXV,USA_S_315,2025,31.76940690192981,-101.7300304645161,606.4559710468944,0.7049520769921946,178.93357465306792,1033.9783674407208,United States of America
5168,fyy9TyGX,,2022,54.22173402681117,86.89877228973226,,,,,Russia
5169,fyy9TyGX,,2023,54.22173402681117,86.89877228973226,,,,,Russia
5170,fyy9TyGX,,2024,54.22173402681117,86.89877228973226,,,,,Russia
5171,fyy9TyGX,,2025,54.22173402681117,86.89877228973226,345.6077812132227,0.6271484912498533,128.8603826611407,562.3551797653047,Russia
5172,g2gmCOb5,,2022,-37.667260422004595,-68.15284185058344,,,,,Argentina
5173,g2gmCOb5,,2023,-37.667260422004595,-68.15284185058344,,,,,Argentina
5174,g2gmCOb5,,2024,-37.667260422004595,-68.15284185058344,,,,,Argentina
5175,g2gmCOb5,,2025,-37.667260422004595,-68.15284185058344,325.139198453736,0.6744880751412048,105.83668633572142,544.4417105717506,Argentina
5176,g362bd3E,UZB_S_096,2022,40.24433253820503,63.44271620837925,,,,,Uzbekistan
5177,g362bd3E,UZB_S_096,2023,40.24433253820503,63.44271620837925,,,,,Uzbekistan
5178,g362bd3E,UZB_S_096,2024,40.24433253820503,63.44271620837925,2707.456867817864,0.5362942785707765,1255.4632401299884,4159.450495505739,Uzbekistan
5179,g362bd3E,UZB_S_096,2025,40.24433253820503,63.44271620837925,686.3760164321974,0.742970654651934,176.41877816618108,1196.3332546982138,Uzbekistan
5180,g4IgfqSK,,2022,37.88935915678113,53.914683972415325,,,,,Turkmenistan
5181,g4IgfqSK,,2023,37.88935915678113,53.914683972415325,,,,,Turkmenistan
5182,g4IgfqSK,,2024,37.88935915678113,53.914683972415325,,,,,Turkmenistan
5183,g4IgfqSK,,2025,37.88935915678113,53.914683972415325,277.9714467407424,0.6702287149230344,91.66700120639794,464.2758922750869,Turkmenistan
5184,g91ksaSJ,AZE_S_017,2022,39.95191057089168,49.26425942537142,,,,,Azerbaijan
5185,g91ksaSJ,AZE_S_017,2023,39.95191057089168,49.26425942537142,,,,,Azerbaijan
5186,g91ksaSJ,AZE_S_017,2024,39.95191057089168,49.26425942537142,162.3872974941526,0.5760269368459338,68.8478399359065,255.92675505239868,Azerbaijan
5187,g91ksaSJ,AZE_S_017,2025,39.95191057089168,49.26425942537142,141.2610024174171,0.5322741771340835,66.07141859455064,216.45058624028357,Azerbaijan
5188,gAyCAW78,DZA_S_263,2022,31.648695574381225,9.170861251189985,,,,,Tunisia
5189,gAyCAW78,DZA_S_263,2023,31.648695574381225,9.170861251189985,,,,,Tunisia
5190,gAyCAW78,DZA_S_263,2024,31.648695574381225,9.170861251189985,,,,,Tunisia
5191,gAyCAW78,DZA_S_263,2025,31.648695574381225,9.170861251189985,911.2161449094408,0.6967005484364717,276.371357006866,1546.0609328120156,Tunisia
5192,gBbcDcQl,RUS_S_013,2022,46.73632386433935,39.73940297454813,,,,,Russia
5193,gBbcDcQl,RUS_S_013,2023,46.73632386433935,39.73940297454813,,,,,Russia
5194,gBbcDcQl,RUS_S_013,2024,46.73632386433935,39.73940297454813,1083.8640025571897,0.5347833843870778,504.2315430543314,1663.496462060048,Russia
5195,gBbcDcQl,RUS_S_013,2025,46.73632386433935,39.73940297454813,,,,,Russia
5196,gCC07qsS,KAZ_S_046,2022,46.510328206244054,64.59519926248231,,,,,Kazakhstan
5197,gCC07qsS,KAZ_S_046,2023,46.510328206244054,64.59519926248231,29.734199529926197,0.6274052676627986,11.078806115113792,48.3895929447386,Kazakhstan
5198,gCC07qsS,KAZ_S_046,2024,46.510328206244054,64.59519926248231,169.60003747629605,0.8596336202415973,23.806143267437108,315.393931685155,Kazakhstan
5199,gCC07qsS,KAZ_S_046,2025,46.510328206244054,64.59519926248231,,,,,Kazakhstan
5200,gEesJXk4,,2022,45.59536823177696,85.22652616673466,,,,,China
5201,gEesJXk4,,2023,45.59536823177696,85.22652616673466,,,,,China
5202,gEesJXk4,,2024,45.59536823177696,85.22652616673466,,,,,China
5203,gEesJXk4,,2025,45.59536823177696,85.22652616673466,79.21658751714592,0.859380622581071,11.139387217913168,147.29378781637868,China
5204,gHbULVTE,TKM_S_137,2022,36.43499044450887,61.80718208394172,,,,,Turkmenistan
5205,gHbULVTE,TKM_S_137,2023,36.43499044450887,61.80718208394172,3191.276572799897,0.6557457117230641,1098.610645264088,5283.942500335706,Turkmenistan
5206,gHbULVTE,TKM_S_137,2024,36.43499044450887,61.80718208394172,,,,,Turkmenistan
5207,gHbULVTE,TKM_S_137,2025,36.43499044450887,61.80718208394172,,,,,Turkmenistan
5208,gIE0barx,DZA_S_064,2022,32.40324971711662,4.00919045691581,,,,,Algeria
5209,gIE0barx,DZA_S_064,2023,32.40324971711662,4.00919045691581,642.9215720674491,0.7394552464012083,167.50984257766135,1118.3333015572368,Algeria
5210,gIE0barx,DZA_S_064,2024,32.40324971711662,4.00919045691581,,,,,Algeria
5211,gIE0barx,DZA_S_064,2025,32.40324971711662,4.00919045691581,1884.1980913890377,0.6537405155111342,652.421459799273,3115.9747229788027,Algeria
5212,gK9royvd,DZA_S_140,2022,31.92888836987915,5.212500977978572,,,,,Algeria
5213,gK9royvd,DZA_S_140,2023,31.92888836987915,5.212500977978572,,,,,Algeria
5214,gK9royvd,DZA_S_140,2024,31.92888836987915,5.212500977978572,,,,,Algeria
5215,gK9royvd,DZA_S_140,2025,31.92888836987915,5.212500977978572,181.77371744970716,0.5555342118468943,80.79219859180404,282.7552363076103,Algeria
5216,gKzk6IaS,TKM_S_368,2022,38.63862340683076,63.044556695166726,,,,,Turkmenistan
5217,gKzk6IaS,TKM_S_368,2023,38.63862340683076,63.044556695166726,659.2823537675664,0.5748891353337107,280.2680914693566,1038.296616065776,Turkmenistan
5218,gKzk6IaS,TKM_S_368,2024,38.63862340683076,63.044556695166726,,,,,Turkmenistan
5219,gKzk6IaS,TKM_S_368,2025,38.63862340683076,63.044556695166726,,,,,Turkmenistan
5220,gLbWMN3j,,2022,45.73271323497348,85.26752708703937,,,,,China
5221,gLbWMN3j,,2023,45.73271323497348,85.26752708703937,,,,,China
5222,gLbWMN3j,,2024,45.73271323497348,85.26752708703937,,,,,China
5223,gLbWMN3j,,2025,45.73271323497348,85.26752708703937,288.6748419780798,0.733227358481366,77.0105501344666,500.33913382169305,China
5224,gNYh5LGE,,2022,31.6580901259812,5.8068254277639255,,,,,Algeria
5225,gNYh5LGE,,2023,31.6580901259812,5.8068254277639255,,,,,Algeria
5226,gNYh5LGE,,2024,31.6580901259812,5.8068254277639255,,,,,Algeria
5227,gNYh5LGE,,2025,31.6580901259812,5.8068254277639255,219.25788124706557,0.755882735363168,53.52463422010101,384.99112827403013,Algeria
5228,gP5pFUwy,DZA_S_053,2022,27.63931714207183,9.868523998540075,,,,,Libya
5229,gP5pFUwy,DZA_S_053,2023,27.63931714207183,9.868523998540075,1068.603511679037,0.5122320476378481,521.2305467786887,1615.9764765793852,Libya
5230,gP5pFUwy,DZA_S_053,2024,27.63931714207183,9.868523998540075,217.41278134035903,0.578858139891073,91.5616231451342,343.26393953558386,Libya
5231,gP5pFUwy,DZA_S_053,2025,27.63931714207183,9.868523998540075,98.47232569915728,0.7187279748550238,27.697510470137644,169.24714092817692,Libya
5232,gR7KmyWS,,2022,32.10721291712305,-102.08973593733556,,,,,United States of America
5233,gR7KmyWS,,2023,32.10721291712305,-102.08973593733556,,,,,United States of America
5234,gR7KmyWS,,2024,32.10721291712305,-102.08973593733556,,,,,United States of America
5235,gR7KmyWS,,2025,32.10721291712305,-102.08973593733556,356.73678235480673,0.7536811233068617,87.87100350476055,625.6025612048529,United States of America
5236,gRXVPbIN,KAZ_S_008,2022,43.537023119691526,52.223339444167394,978.8967551289602,0.4391500964387709,549.0141507104775,1408.779359547443,Kazakhstan
5237,gRXVPbIN,KAZ_S_008,2023,43.537023119691526,52.223339444167394,,,,,Kazakhstan
5238,gRXVPbIN,KAZ_S_008,2024,43.537023119691526,52.223339444167394,47.12271342079816,0.9508501935353356,2.316072244722072,91.92935459687425,Kazakhstan
5239,gRXVPbIN,KAZ_S_008,2025,43.537023119691526,52.223339444167394,1008.6392051294124,0.8561306868510478,145.11222965707373,1872.166180601751,Kazakhstan
5240,gRrHiuJh,,2022,36.63574323957549,61.65069197450934,,,,,Turkmenistan
5241,gRrHiuJh,,2023,36.63574323957549,61.65069197450934,,,,,Turkmenistan
5242,gRrHiuJh,,2024,36.63574323957549,61.65069197450934,,,,,Turkmenistan
5243,gRrHiuJh,,2025,36.63574323957549,61.65069197450934,222.4531683340247,0.7331996306507212,59.35058747443506,385.55574919361436,Turkmenistan
5244,gSrPRpPu,KAZ_S_072,2022,43.50210321673448,52.57589692718004,,,,,Kazakhstan
5245,gSrPRpPu,KAZ_S_072,2023,43.50210321673448,52.57589692718004,,,,,Kazakhstan
5246,gSrPRpPu,KAZ_S_072,2024,43.50210321673448,52.57589692718004,,,,,Kazakhstan
5247,gSrPRpPu,KAZ_S_072,2025,43.50210321673448,52.57589692718004,498.7338385810465,0.5576604690857369,220.60969220900995,776.857984953083,Kazakhstan
5248,gUBzVcQ5,BHR_S_006,2022,25.972218381147016,50.608050689475085,,,,,
5249,gUBzVcQ5,BHR_S_006,2023,25.972218381147016,50.608050689475085,,,,,
5250,gUBzVcQ5,BHR_S_006,2024,25.972218381147016,50.608050689475085,,,,,
5251,gUBzVcQ5,BHR_S_006,2025,25.972218381147016,50.608050689475085,506.9572098422612,0.5513231023800262,227.45998813810377,786.4544315464186,
5252,ga8YpZzX,DZA_S_133,2022,31.695737441019105,5.839221281492231,,,,,Algeria
5253,ga8YpZzX,DZA_S_133,2023,31.695737441019105,5.839221281492231,,,,,Algeria
5254,ga8YpZzX,DZA_S_133,2024,31.695737441019105,5.839221281492231,,,,,Algeria
5255,ga8YpZzX,DZA_S_133,2025,31.695737441019105,5.839221281492231,139.39699556905677,0.5583187788320474,61.56903523008468,217.22495590802885,Algeria
5256,gcSEi3Kt,USA_S_237,2022,31.339053099169377,-103.3482141584023,,,,,United States of America
5257,gcSEi3Kt,USA_S_237,2023,31.339053099169377,-103.3482141584023,,,,,United States of America
5258,gcSEi3Kt,USA_S_237,2024,31.339053099169377,-103.3482141584023,,,,,United States of America
5259,gcSEi3Kt,USA_S_237,2025,31.339053099169377,-103.3482141584023,906.0854751163724,0.534866219033113,421.4509629200565,1390.7199873126883,United States of America
5260,gcyZkDSp,,2022,35.72480788448094,-98.23399865260056,,,,,United States of America
5261,gcyZkDSp,,2023,35.72480788448094,-98.23399865260056,,,,,United States of America
5262,gcyZkDSp,,2024,35.72480788448094,-98.23399865260056,,,,,United States of America
5263,gcyZkDSp,,2025,35.72480788448094,-98.23399865260056,459.1909921392487,0.6979651032109555,138.6917039172369,779.6902803612604,United States of America
5264,gdOZn6MA,KAZ_S_074,2022,44.91317724203858,55.95666338768853,,,,,Uzbekistan
5265,gdOZn6MA,KAZ_S_074,2023,44.91317724203858,55.95666338768853,,,,,Uzbekistan
5266,gdOZn6MA,KAZ_S_074,2024,44.91317724203858,55.95666338768853,,,,,Uzbekistan
5267,gdOZn6MA,KAZ_S_074,2025,44.91317724203858,55.95666338768853,1828.2318570868129,0.487584903549003,936.8136033839245,2719.650110789701,Uzbekistan
5268,geECZ67J,,2022,54.224509455900375,86.91661178505595,,,,,Russia
5269,geECZ67J,,2023,54.224509455900375,86.91661178505595,,,,,Russia
5270,geECZ67J,,2024,54.224509455900375,86.91661178505595,,,,,Russia
5271,geECZ67J,,2025,54.224509455900375,86.91661178505595,246.8263271444362,0.7958584823364446,50.387501022586406,443.265153266286,Russia
5272,gesqLU4I,KAZ_S_025,2022,43.29228577250771,52.84579179119243,,,,,Kazakhstan
5273,gesqLU4I,KAZ_S_025,2023,43.29228577250771,52.84579179119243,,,,,Kazakhstan
5274,gesqLU4I,KAZ_S_025,2024,43.29228577250771,52.84579179119243,,,,,Kazakhstan
5275,gesqLU4I,KAZ_S_025,2025,43.29228577250771,52.84579179119243,1276.596464501722,0.617660621258297,488.09309914144285,2065.099829862001,Kazakhstan
5276,gewgcNMQ,DZA_S_015,2022,31.83414751013361,5.942049986968736,,,,,Algeria
5277,gewgcNMQ,DZA_S_015,2023,31.83414751013361,5.942049986968736,,,,,Algeria
5278,gewgcNMQ,DZA_S_015,2024,31.83414751013361,5.942049986968736,103.94351521227892,0.8917753573675612,11.249249787808353,196.63778063674948,Algeria
5279,gewgcNMQ,DZA_S_015,2025,31.83414751013361,5.942049986968736,151.1419581649629,0.7361528576808146,39.87837374635133,262.40554258357446,Algeria
5280,gf25svup,USA_S_079,2022,32.05228663679805,-103.67621561953854,,,,,United States of America
5281,gf25svup,USA_S_079,2023,32.05228663679805,-103.67621561953854,,,,,United States of America
5282,gf25svup,USA_S_079,2024,32.05228663679805,-103.67621561953854,38.18559259446436,0.9084971164470732,3.494091832570774,72.87709335635795,United States of America
5283,gf25svup,USA_S_079,2025,32.05228663679805,-103.67621561953854,,,,,United States of America
5284,ggVp4Vol,,2022,22.153122883764837,56.02937962098601,,,,,Oman
5285,ggVp4Vol,,2023,22.153122883764837,56.02937962098601,,,,,Oman
5286,ggVp4Vol,,2024,22.153122883764837,56.02937962098601,,,,,Oman
5287,ggVp4Vol,,2025,22.153122883764837,56.02937962098601,463.78296512217895,0.6628379633258535,156.37000909536846,771.1959211489894,Oman
5288,gi67i3qX,LBY_S_072,2022,28.726164673893805,19.644794503021114,,,,,Libya
5289,gi67i3qX,LBY_S_072,2023,28.726164673893805,19.644794503021114,,,,,Libya
5290,gi67i3qX,LBY_S_072,2024,28.726164673893805,19.644794503021114,,,,,Libya
5291,gi67i3qX,LBY_S_072,2025,28.726164673893805,19.644794503021114,634.0395041195219,0.5083430764185084,311.7299120245386,956.3490962145052,Libya
5292,gjjGeqtv,,2022,28.56028007586761,7.463141264167433,,,,,Algeria
5293,gjjGeqtv,,2023,28.56028007586761,7.463141264167433,,,,,Algeria
5294,gjjGeqtv,,2024,28.56028007586761,7.463141264167433,,,,,Algeria
5295,gjjGeqtv,,2025,28.56028007586761,7.463141264167433,376.4400794232972,0.6958215918238803,114.50494413267063,638.3752147139238,Algeria
5296,gl5jJtBX,TKM_S_095,2022,38.6817407019409,54.31349894138608,2671.1158702661764,0.3662797712020038,1692.74016045104,3649.491580081313,Turkmenistan
5297,gl5jJtBX,TKM_S_095,2023,38.6817407019409,54.31349894138608,4281.99966112197,0.3534925630964253,2768.3446257339406,5795.654696510001,Turkmenistan
5298,gl5jJtBX,TKM_S_095,2024,38.6817407019409,54.31349894138608,7586.887379162052,0.4105318053629281,4472.22880630944,10701.545952014663,Turkmenistan
5299,gl5jJtBX,TKM_S_095,2025,38.6817407019409,54.31349894138608,2890.3137481809663,0.3909084774043202,1760.465601658771,4020.1618947031616,Turkmenistan
5300,gp4NOLsX,LBY_S_105,2022,28.528179074545545,20.792949462870823,,,,,Libya
5301,gp4NOLsX,LBY_S_105,2023,28.528179074545545,20.792949462870823,384.7967111055206,0.9172736836579832,31.83281445028291,737.7606077607584,Libya
5302,gp4NOLsX,LBY_S_105,2024,28.528179074545545,20.792949462870823,,,,,Libya
5303,gp4NOLsX,LBY_S_105,2025,28.528179074545545,20.792949462870823,,,,,Libya
5304,gpN8WRWt,BHR_S_022,2022,26.09009156989044,50.575907520301854,,,,,
5305,gpN8WRWt,BHR_S_022,2023,26.09009156989044,50.575907520301854,1515.9877960331023,0.5584947873311044,669.3165142910452,2362.6590777751594,
5306,gpN8WRWt,BHR_S_022,2024,26.09009156989044,50.575907520301854,544.9549728420639,0.5559322580694549,241.9969242437968,847.9130214403309,
5307,gpN8WRWt,BHR_S_022,2025,26.09009156989044,50.575907520301854,,,,,
5308,gqDMSeod,,2022,32.33249460174913,-102.05904820558474,,,,,United States of America
5309,gqDMSeod,,2023,32.33249460174913,-102.05904820558474,,,,,United States of America
5310,gqDMSeod,,2024,32.33249460174913,-102.05904820558474,,,,,United States of America
5311,gqDMSeod,,2025,32.33249460174913,-102.05904820558474,232.6154811611969,0.8405223072237415,37.0969802396269,428.1339820827669,United States of America
5312,gqrTQa0S,,2022,38.09828268076965,54.01710870163936,,,,,Turkmenistan
5313,gqrTQa0S,,2023,38.09828268076965,54.01710870163936,,,,,Turkmenistan
5314,gqrTQa0S,,2024,38.09828268076965,54.01710870163936,,,,,Turkmenistan
5315,gqrTQa0S,,2025,38.09828268076965,54.01710870163936,239.07822146379073,0.7175460984367983,67.52857643123889,410.62786649634256,Turkmenistan
5316,gtIAqWbw,,2022,31.338990530723013,-103.20694010468974,,,,,United States of America
5317,gtIAqWbw,,2023,31.338990530723013,-103.20694010468974,,,,,United States of America
5318,gtIAqWbw,,2024,31.338990530723013,-103.20694010468974,,,,,United States of America
5319,gtIAqWbw,,2025,31.338990530723013,-103.20694010468974,216.0796077215793,0.7612044824878599,51.59884174969474,380.5603736934638,United States of America
5320,gvb36QEQ,USA_S_013,2022,31.79380688646165,-102.0623555027866,,,,,United States of America
5321,gvb36QEQ,USA_S_013,2023,31.79380688646165,-102.0623555027866,1581.7215890833202,0.5722888074012739,676.5200272259791,2486.9231509406613,United States of America
5322,gvb36QEQ,USA_S_013,2024,31.79380688646165,-102.0623555027866,,,,,United States of America
5323,gvb36QEQ,USA_S_013,2025,31.79380688646165,-102.0623555027866,885.0446006353666,0.9350745471354562,57.46192150157049,1712.6272797691627,United States of America
5324,gvkBUSlI,,2022,32.29993156508377,-101.94669851167754,,,,,United States of America
5325,gvkBUSlI,,2023,32.29993156508377,-101.94669851167754,,,,,United States of America
5326,gvkBUSlI,,2024,32.29993156508377,-101.94669851167754,,,,,United States of America
5327,gvkBUSlI,,2025,32.29993156508377,-101.94669851167754,295.0041384925835,0.7531280177641891,72.82825643743175,517.1800205477352,United States of America
5328,gxTa8cN1,,2022,35.37199453297166,-119.075770706168,,,,,United States of America
5329,gxTa8cN1,,2023,35.37199453297166,-119.075770706168,,,,,United States of America
5330,gxTa8cN1,,2024,35.37199453297166,-119.075770706168,,,,,United States of America
5331,gxTa8cN1,,2025,35.37199453297166,-119.075770706168,93.73385639422509,0.7873035339935506,19.9368600002077,167.53085278824247,United States of America
5332,h1c4MwXq,,2022,35.18629964916822,-119.45991864918922,,,,,United States of America
5333,h1c4MwXq,,2023,35.18629964916822,-119.45991864918922,,,,,United States of America
5334,h1c4MwXq,,2024,35.18629964916822,-119.45991864918922,,,,,United States of America
5335,h1c4MwXq,,2025,35.18629964916822,-119.45991864918922,150.15394389349854,0.66461065764052,50.36003249512274,249.94785529187433,United States of America
5336,h4Hrtn1g,TKM_S_285,2022,38.844459807400746,62.83891111814849,,,,,Turkmenistan
5337,h4Hrtn1g,TKM_S_285,2023,38.844459807400746,62.83891111814849,448.6569738727189,0.6467309892756308,158.49660531460455,738.8173424308332,Turkmenistan
5338,h4Hrtn1g,TKM_S_285,2024,38.844459807400746,62.83891111814849,,,,,Turkmenistan
5339,h4Hrtn1g,TKM_S_285,2025,38.844459807400746,62.83891111814849,836.4685802260221,0.5387079471165296,385.8563085449836,1287.0808519070606,Turkmenistan
5340,h4oPzW2C,,2022,39.174307450269595,65.06719770313168,,,,,Uzbekistan
5341,h4oPzW2C,,2023,39.174307450269595,65.06719770313168,,,,,Uzbekistan
5342,h4oPzW2C,,2024,39.174307450269595,65.06719770313168,,,,,Uzbekistan
5343,h4oPzW2C,,2025,39.174307450269595,65.06719770313168,144.8479300620821,0.7741453539098753,32.714577981058696,256.9812821431055,Uzbekistan
5344,h5AC5OLN,USA_S_353,2022,32.56146838251256,-101.27237762914469,,,,,United States of America
5345,h5AC5OLN,USA_S_353,2023,32.56146838251256,-101.27237762914469,1139.1993373302953,0.8703367037267038,147.7123411906008,2130.6863334699897,United States of America
5346,h5AC5OLN,USA_S_353,2024,32.56146838251256,-101.27237762914469,,,,,United States of America
5347,h5AC5OLN,USA_S_353,2025,32.56146838251256,-101.27237762914469,,,,,United States of America
5348,hAzX2pvq,KAZ_S_002,2022,48.23733306968431,57.35034285738398,312.1936822433948,0.8940268396564259,33.08415114663006,591.3032133401596,Kazakhstan
5349,hAzX2pvq,KAZ_S_002,2023,48.23733306968431,57.35034285738398,773.2263322448919,0.4834133594504003,399.4383933588773,1147.0142711309063,Kazakhstan
5350,hAzX2pvq,KAZ_S_002,2024,48.23733306968431,57.35034285738398,300.0949346947721,0.9572662384537496,12.824185380483982,587.3656840090603,Kazakhstan
5351,hAzX2pvq,KAZ_S_002,2025,48.23733306968431,57.35034285738398,137.74364158683696,0.9112142507422296,12.229672423781096,263.2576107498928,Kazakhstan
5352,hCpGM9Xa,,2022,54.53656210128119,86.13276405683064,,,,,Russia
5353,hCpGM9Xa,,2023,54.53656210128119,86.13276405683064,,,,,Russia
5354,hCpGM9Xa,,2024,54.53656210128119,86.13276405683064,,,,,Russia
5355,hCpGM9Xa,,2025,54.53656210128119,86.13276405683064,210.5946132917109,0.7776194684055983,46.83214205472814,374.3570845286937,Russia
5356,hEctsWJM,TKM_S_223,2022,36.21159064616331,61.51979884820589,,,,,Turkmenistan
5357,hEctsWJM,TKM_S_223,2023,36.21159064616331,61.51979884820589,719.2341134223208,0.7228201280142935,199.35721948615196,1239.1110073584896,Turkmenistan
5358,hEctsWJM,TKM_S_223,2024,36.21159064616331,61.51979884820589,,,,,Turkmenistan
5359,hEctsWJM,TKM_S_223,2025,36.21159064616331,61.51979884820589,,,,,Turkmenistan
5360,hGofp6hC,TKM_S_334,2022,39.45242772366672,53.34952951969671,,,,,Turkmenistan
5361,hGofp6hC,TKM_S_334,2023,39.45242772366672,53.34952951969671,,,,,Turkmenistan
5362,hGofp6hC,TKM_S_334,2024,39.45242772366672,53.34952951969671,517.6861638703087,0.7577728317982783,125.39765349151736,909.9746742491002,Turkmenistan
5363,hGofp6hC,TKM_S_334,2025,39.45242772366672,53.34952951969671,,,,,Turkmenistan
5364,hJkt1kE2,,2022,28.20781051546977,-99.1853725039218,,,,,United States of America
5365,hJkt1kE2,,2023,28.20781051546977,-99.1853725039218,,,,,United States of America
5366,hJkt1kE2,,2024,28.20781051546977,-99.1853725039218,,,,,United States of America
5367,hJkt1kE2,,2025,28.20781051546977,-99.1853725039218,404.1682159271777,0.6940955028441779,123.63687485956905,684.6995569947863,United States of America
5368,hNNTJhtm,TKM_S_440,2022,39.55592943756331,57.76984622379578,,,,,Turkmenistan
5369,hNNTJhtm,TKM_S_440,2023,39.55592943756331,57.76984622379578,,,,,Turkmenistan
5370,hNNTJhtm,TKM_S_440,2024,39.55592943756331,57.76984622379578,,,,,Turkmenistan
5371,hNNTJhtm,TKM_S_440,2025,39.55592943756331,57.76984622379578,220.9657947453884,0.959226752539968,9.00949302935635,432.92209646142044,Turkmenistan
5372,hOTLGvZC,USA_S_139,2022,31.79316976451157,-101.623744460467,,,,,United States of America
5373,hOTLGvZC,USA_S_139,2023,31.79316976451157,-101.623744460467,,,,,United States of America
5374,hOTLGvZC,USA_S_139,2024,31.79316976451157,-101.623744460467,821.9314528364429,0.7397852250305904,213.87870804011493,1429.9841976327707,United States of America
5375,hOTLGvZC,USA_S_139,2025,31.79316976451157,-101.623744460467,,,,,United States of America
5376,hQLJxyp8,TKM_S_303,2022,39.44871879209379,53.59235940205774,,,,,Turkmenistan
5377,hQLJxyp8,TKM_S_303,2023,39.44871879209379,53.59235940205774,1116.1810959941254,0.5051338717933033,552.3602173521201,1680.0019746361306,Turkmenistan
5378,hQLJxyp8,TKM_S_303,2024,39.44871879209379,53.59235940205774,,,,,Turkmenistan
5379,hQLJxyp8,TKM_S_303,2025,39.44871879209379,53.59235940205774,847.2999555624427,0.765013844405511,199.10375919299975,1495.4961519318858,Turkmenistan
5380,hSlJSPhj,USA_S_371,2022,32.32487854451407,-101.45715588941876,,,,,United States of America
5381,hSlJSPhj,USA_S_371,2023,32.32487854451407,-101.45715588941876,382.1404767898749,0.8141330880257351,71.02727036130727,693.2536832184426,United States of America
5382,hSlJSPhj,USA_S_371,2024,32.32487854451407,-101.45715588941876,2928.7461295129224,0.4516694144489194,1605.9210801262816,4251.571178899563,United States of America
5383,hSlJSPhj,USA_S_371,2025,32.32487854451407,-101.45715588941876,2146.2545041197495,0.5111488951294542,1049.198885672325,3243.310122567174,United States of America
5384,hTlbfz5W,ITA_S_002,2022,45.32253298219554,9.70139988408298,,,,,Italy
5385,hTlbfz5W,ITA_S_002,2023,45.32253298219554,9.70139988408298,,,,,Italy
5386,hTlbfz5W,ITA_S_002,2024,45.32253298219554,9.70139988408298,,,,,Italy
5387,hTlbfz5W,ITA_S_002,2025,45.32253298219554,9.70139988408298,1080.866298481114,0.480350026311821,561.6721435661503,1600.0604533960777,Italy
5388,hU0wZW5I,LBY_S_054,2022,28.88825061610883,19.79682108897209,,,,,Libya
5389,hU0wZW5I,LBY_S_054,2023,28.88825061610883,19.79682108897209,,,,,Libya
5390,hU0wZW5I,LBY_S_054,2024,28.88825061610883,19.79682108897209,525.6378308748546,0.6313883338664067,193.7562366216281,857.519425128081,Libya
5391,hU0wZW5I,LBY_S_054,2025,28.88825061610883,19.79682108897209,,,,,Libya
5392,hVxpO4YU,,2022,-38.17515373666192,-68.14403283968343,,,,,Argentina
5393,hVxpO4YU,,2023,-38.17515373666192,-68.14403283968343,,,,,Argentina
5394,hVxpO4YU,,2024,-38.17515373666192,-68.14403283968343,,,,,Argentina
5395,hVxpO4YU,,2025,-38.17515373666192,-68.14403283968343,215.41068789595417,0.7768135495947789,48.07674681084495,382.7446289810634,Argentina
5396,hdOOime3,TKM_S_345,2022,36.434449294037506,61.4874007379985,,,,,Turkmenistan
5397,hdOOime3,TKM_S_345,2023,36.434449294037506,61.4874007379985,1651.8929933232444,0.5015598037352752,823.3698678003617,2480.416118846127,Turkmenistan
5398,hdOOime3,TKM_S_345,2024,36.434449294037506,61.4874007379985,,,,,Turkmenistan
5399,hdOOime3,TKM_S_345,2025,36.434449294037506,61.4874007379985,,,,,Turkmenistan
5400,he4nZZvV,,2022,46.54304903833938,64.67720264510035,,,,,Kazakhstan
5401,he4nZZvV,,2023,46.54304903833938,64.67720264510035,,,,,Kazakhstan
5402,he4nZZvV,,2024,46.54304903833938,64.67720264510035,,,,,Kazakhstan
5403,he4nZZvV,,2025,46.54304903833938,64.67720264510035,235.95481370411443,0.629244958261305,87.48143680331495,384.4281906049139,Kazakhstan
5404,heMgsVqz,LBY_S_066,2022,28.872499132872896,21.222007221663443,,,,,Libya
5405,heMgsVqz,LBY_S_066,2023,28.872499132872896,21.222007221663443,,,,,Libya
5406,heMgsVqz,LBY_S_066,2024,28.872499132872896,21.222007221663443,1383.2365222706685,0.5092423951453765,678.8338426169923,2087.639201924345,Libya
5407,heMgsVqz,LBY_S_066,2025,28.872499132872896,21.222007221663443,2141.796446865096,0.6037063164853963,848.780403266659,3434.8124904635333,Libya
5408,hhgDBsWO,ESP_S_001,2022,39.38163163452261,-3.278375314865747,,,,,Spain
5409,hhgDBsWO,ESP_S_001,2023,39.38163163452261,-3.278375314865747,,,,,Spain
5410,hhgDBsWO,ESP_S_001,2024,39.38163163452261,-3.278375314865747,1788.5333431279996,0.6015606135815719,712.6221278248202,2864.444558431179,Spain
5411,hhgDBsWO,ESP_S_001,2025,39.38163163452261,-3.278375314865747,,,,,Spain
5412,hiEsfejA,,2022,32.15085552690158,-103.6389322576815,,,,,United States of America
5413,hiEsfejA,,2023,32.15085552690158,-103.6389322576815,,,,,United States of America
5414,hiEsfejA,,2024,32.15085552690158,-103.6389322576815,,,,,United States of America
5415,hiEsfejA,,2025,32.15085552690158,-103.6389322576815,110.21350520312726,0.8687549706914255,14.464974720585161,205.96203568566935,United States of America
5416,hiKafCKh,,2022,32.212264454585146,-103.6613960152494,,,,,United States of America
5417,hiKafCKh,,2023,32.212264454585146,-103.6613960152494,,,,,United States of America
5418,hiKafCKh,,2024,32.212264454585146,-103.6613960152494,,,,,United States of America
5419,hiKafCKh,,2025,32.212264454585146,-103.6613960152494,229.23479908800155,0.785732635123809,49.11753633850918,409.3520618374939,United States of America
5420,hnGnQXxC,TKM_S_058,2022,37.76856098551972,53.917107148293816,,,,,Turkmenistan
5421,hnGnQXxC,TKM_S_058,2023,37.76856098551972,53.917107148293816,1879.1489381915144,0.6079079330214223,736.7993913361104,3021.498485046918,Turkmenistan
5422,hnGnQXxC,TKM_S_058,2024,37.76856098551972,53.917107148293816,2428.8320345933075,0.4694566572310303,1288.6006666574913,3569.063402529124,Turkmenistan
5423,hnGnQXxC,TKM_S_058,2025,37.76856098551972,53.917107148293816,4080.53013717815,0.5132283838498961,1986.2862496234134,6174.7740247328875,Turkmenistan
5424,hotiHCsm,,2022,31.619497330324517,5.875686944221976,,,,,Algeria
5425,hotiHCsm,,2023,31.619497330324517,5.875686944221976,,,,,Algeria
5426,hotiHCsm,,2024,31.619497330324517,5.875686944221976,,,,,Algeria
5427,hotiHCsm,,2025,31.619497330324517,5.875686944221976,69.44984149386399,0.8180419445422308,12.636958110073785,126.2627248776542,Algeria
5428,hrQbJfwT,DZA_S_123,2022,31.902878729167057,6.070784234203887,,,,,Algeria
5429,hrQbJfwT,DZA_S_123,2023,31.902878729167057,6.070784234203887,,,,,Algeria
5430,hrQbJfwT,DZA_S_123,2024,31.902878729167057,6.070784234203887,,,,,Algeria
5431,hrQbJfwT,DZA_S_123,2025,31.902878729167057,6.070784234203887,572.3945144306836,0.457735845772475,310.3890272522295,834.4000016091377,Algeria
5432,hvBI8MGg,USA_S_184,2022,33.54884306410971,-104.3509429441894,,,,,United States of America
5433,hvBI8MGg,USA_S_184,2023,33.54884306410971,-104.3509429441894,,,,,United States of America
5434,hvBI8MGg,USA_S_184,2024,33.54884306410971,-104.3509429441894,805.9257674282826,0.7357931166510221,212.93113522285978,1398.9203996337055,United States of America
5435,hvBI8MGg,USA_S_184,2025,33.54884306410971,-104.3509429441894,,,,,United States of America
5436,hvyRxJMF,TKM_S_036,2022,40.23342811835864,62.33976850077648,,,,,Uzbekistan
5437,hvyRxJMF,TKM_S_036,2023,40.23342811835864,62.33976850077648,756.9953889737582,0.614174596384367,292.06805148597334,1221.9227264615429,Uzbekistan
5438,hvyRxJMF,TKM_S_036,2024,40.23342811835864,62.33976850077648,233.81961540395537,0.5375459796534413,108.1308211794453,359.5084096284654,Uzbekistan
5439,hvyRxJMF,TKM_S_036,2025,40.23342811835864,62.33976850077648,,,,,Uzbekistan
5440,hyVoBl52,,2022,30.352924189656985,50.689471704771,,,,,Iran
5441,hyVoBl52,,2023,30.352924189656985,50.689471704771,,,,,Iran
5442,hyVoBl52,,2024,30.352924189656985,50.689471704771,,,,,Iran
5443,hyVoBl52,,2025,30.352924189656985,50.689471704771,159.82136810737714,0.7747343427725201,36.00226552570331,283.64047068905097,Iran
5444,hyrb5saQ,,2022,27.424000709166116,95.27595034999987,,,,,India
5445,hyrb5saQ,,2023,27.424000709166116,95.27595034999987,,,,,India
5446,hyrb5saQ,,2024,27.424000709166116,95.27595034999987,,,,,India
5447,hyrb5saQ,,2025,27.424000709166116,95.27595034999987,106.89374516073045,0.7817309998935201,23.3315908738695,190.45589944759138,India
5448,i0Kr9UQu,IRQ_S_074,2022,32.349291195679974,47.42775071671998,,,,,Iran
5449,i0Kr9UQu,IRQ_S_074,2023,32.349291195679974,47.42775071671998,,,,,Iran
5450,i0Kr9UQu,IRQ_S_074,2024,32.349291195679974,47.42775071671998,,,,,Iran
5451,i0Kr9UQu,IRQ_S_074,2025,32.349291195679974,47.42775071671998,521.821934639597,0.6213404178715968,197.59287571606473,846.0509935631292,Iran
5452,i0LwolOe,TKM_S_154,2022,38.51824778733389,54.19911759222459,,,,,Turkmenistan
5453,i0LwolOe,TKM_S_154,2023,38.51824778733389,54.19911759222459,1584.7765844499963,0.5503996069415581,712.5161752785334,2457.0369936214593,Turkmenistan
5454,i0LwolOe,TKM_S_154,2024,38.51824778733389,54.19911759222459,1129.1039853746588,0.7764396457739845,252.4228869283645,2005.785083820953,Turkmenistan
5455,i0LwolOe,TKM_S_154,2025,38.51824778733389,54.19911759222459,,,,,Turkmenistan
5456,i1i3pOOp,USA_S_085,2022,31.725701006082417,-103.93974354542354,,,,,United States of America
5457,i1i3pOOp,USA_S_085,2023,31.725701006082417,-103.93974354542354,,,,,United States of America
5458,i1i3pOOp,USA_S_085,2024,31.725701006082417,-103.93974354542354,817.4586714863431,0.7460211197075839,207.61723806942746,1427.3001049032587,United States of America
5459,i1i3pOOp,USA_S_085,2025,31.725701006082417,-103.93974354542354,525.044593150707,0.8280810487875281,90.26511579424857,959.8240705071654,United States of America
5460,i2rxwK1k,USA_S_368,2022,32.05646284343879,-102.53102345779722,,,,,United States of America
5461,i2rxwK1k,USA_S_368,2023,32.05646284343879,-102.53102345779722,547.5870591657551,0.5429641055502028,250.2669413749549,844.9071769565553,United States of America
5462,i2rxwK1k,USA_S_368,2024,32.05646284343879,-102.53102345779722,,,,,United States of America
5463,i2rxwK1k,USA_S_368,2025,32.05646284343879,-102.53102345779722,,,,,United States of America
5464,i3kPKZlV,TKM_S_242,2022,36.403973616124105,61.39045539621255,,,,,Turkmenistan
5465,i3kPKZlV,TKM_S_242,2023,36.403973616124105,61.39045539621255,1393.1211512355392,0.5576956271958274,616.183577037462,2170.0587254336165,Turkmenistan
5466,i3kPKZlV,TKM_S_242,2024,36.403973616124105,61.39045539621255,,,,,Turkmenistan
5467,i3kPKZlV,TKM_S_242,2025,36.403973616124105,61.39045539621255,,,,,Turkmenistan
5468,i40wfBFh,RUS_S_012,2022,45.288563035254846,41.75867687998282,,,,,Russia
5469,i40wfBFh,RUS_S_012,2023,45.288563035254846,41.75867687998282,901.29238871615,0.5762292126236628,381.94138522254264,1420.6433922097572,Russia
5470,i40wfBFh,RUS_S_012,2024,45.288563035254846,41.75867687998282,,,,,Russia
5471,i40wfBFh,RUS_S_012,2025,45.288563035254846,41.75867687998282,,,,,Russia
5472,i420UjQS,USA_S_566,2022,32.1407421321022,-104.04518105235238,,,,,United States of America
5473,i420UjQS,USA_S_566,2023,32.1407421321022,-104.04518105235238,,,,,United States of America
5474,i420UjQS,USA_S_566,2024,32.1407421321022,-104.04518105235238,,,,,United States of America
5475,i420UjQS,USA_S_566,2025,32.1407421321022,-104.04518105235238,613.2067681502649,0.5699313819475134,263.720987358816,962.6925489417138,United States of America
5476,i6Ac0vZY,,2022,43.53142673950478,52.23425108023273,,,,,Kazakhstan
5477,i6Ac0vZY,,2023,43.53142673950478,52.23425108023273,,,,,Kazakhstan
5478,i6Ac0vZY,,2024,43.53142673950478,52.23425108023273,,,,,Kazakhstan
5479,i6Ac0vZY,,2025,43.53142673950478,52.23425108023273,225.44343933790884,0.8522928233031335,33.299613929433804,417.5872647463839,Kazakhstan
5480,i6bbf2yZ,ARG_S_009,2022,-46.60017560180917,-68.21676397626723,,,,,Argentina
5481,i6bbf2yZ,ARG_S_009,2023,-46.60017560180917,-68.21676397626723,,,,,Argentina
5482,i6bbf2yZ,ARG_S_009,2024,-46.60017560180917,-68.21676397626723,,,,,Argentina
5483,i6bbf2yZ,ARG_S_009,2025,-46.60017560180917,-68.21676397626723,132.17321652291903,0.6398056490273522,47.60804594144008,216.738387104398,Argentina
5484,i9LH1lBF,USA_S_1126,2022,28.182730124335333,-99.22136929504332,,,,,United States of America
5485,i9LH1lBF,USA_S_1126,2023,28.182730124335333,-99.22136929504332,,,,,United States of America
5486,i9LH1lBF,USA_S_1126,2024,28.182730124335333,-99.22136929504332,,,,,United States of America
5487,i9LH1lBF,USA_S_1126,2025,28.182730124335333,-99.22136929504332,543.8038297390343,0.6039556346964375,215.3704425986424,872.2372168794262,United States of America
5488,iAdAV0jO,,2022,9.64470984605173,-63.708304217462945,,,,,Venezuela
5489,iAdAV0jO,,2023,9.64470984605173,-63.708304217462945,,,,,Venezuela
5490,iAdAV0jO,,2024,9.64470984605173,-63.708304217462945,,,,,Venezuela
5491,iAdAV0jO,,2025,9.64470984605173,-63.708304217462945,194.63480126458953,0.7922790761322016,40.42972073550587,348.83988179367316,Venezuela
5492,iGw5W9yC,,2022,21.697082355400447,72.70582414982394,,,,,India
5493,iGw5W9yC,,2023,21.697082355400447,72.70582414982394,,,,,India
5494,iGw5W9yC,,2024,21.697082355400447,72.70582414982394,,,,,India
5495,iGw5W9yC,,2025,21.697082355400447,72.70582414982394,284.20434228748763,0.6791045374330784,91.19988388187105,477.2088006931042,India
5496,iMREZug8,DZA_S_358,2022,28.446775582013306,9.55282727415259,,,,,Algeria
5497,iMREZug8,DZA_S_358,2023,28.446775582013306,9.55282727415259,,,,,Algeria
5498,iMREZug8,DZA_S_358,2024,28.446775582013306,9.55282727415259,,,,,Algeria
5499,iMREZug8,DZA_S_358,2025,28.446775582013306,9.55282727415259,1070.559951627063,0.6041205360331506,423.8126997944978,1717.307203459628,Algeria
5500,iNYLa4xp,,2022,32.094960781992675,-103.58877458068388,,,,,United States of America
5501,iNYLa4xp,,2023,32.094960781992675,-103.58877458068388,,,,,United States of America
5502,iNYLa4xp,,2024,32.094960781992675,-103.58877458068388,,,,,United States of America
5503,iNYLa4xp,,2025,32.094960781992675,-103.58877458068388,189.2712606513,0.7612386124027908,45.19066882537746,333.35185247722256,United States of America
5504,iOEIiEpD,,2022,31.537625657268784,-102.06343447296146,,,,,United States of America
5505,iOEIiEpD,,2023,31.537625657268784,-102.06343447296146,,,,,United States of America
5506,iOEIiEpD,,2024,31.537625657268784,-102.06343447296146,,,,,United States of America
5507,iOEIiEpD,,2025,31.537625657268784,-102.06343447296146,252.32555005270973,0.812325028229712,47.35519048306469,457.29590962235477,United States of America
5508,iPJ6vgHE,TKM_S_193,2022,39.44546539697223,53.567416706126,,,,,Turkmenistan
5509,iPJ6vgHE,TKM_S_193,2023,39.44546539697223,53.567416706126,,,,,Turkmenistan
5510,iPJ6vgHE,TKM_S_193,2024,39.44546539697223,53.567416706126,496.88745914319094,0.8010715662994633,98.84504397279437,894.9298743135876,Turkmenistan
5511,iPJ6vgHE,TKM_S_193,2025,39.44546539697223,53.567416706126,161.69165437714193,0.7992273843410025,32.46325637952938,290.9200523747545,Turkmenistan
5512,iQBl87Us,DZA_S_114,2022,32.66538329990399,2.848213390798794,,,,,Algeria
5513,iQBl87Us,DZA_S_114,2023,32.66538329990399,2.848213390798794,,,,,Algeria
5514,iQBl87Us,DZA_S_114,2024,32.66538329990399,2.848213390798794,587.8580238496943,0.7478325060859503,148.23868465144307,1027.4773630479456,Algeria
5515,iQBl87Us,DZA_S_114,2025,32.66538329990399,2.848213390798794,400.1698138475662,0.5054602042567595,197.89989800278596,602.4397296923464,Algeria
5516,iSontTav,,2022,36.73146772822315,-107.96793438930916,,,,,United States of America
5517,iSontTav,,2023,36.73146772822315,-107.96793438930916,,,,,United States of America
5518,iSontTav,,2024,36.73146772822315,-107.96793438930916,,,,,United States of America
5519,iSontTav,,2025,36.73146772822315,-107.96793438930916,294.59118890683084,0.6623143307553412,99.47922277958287,489.7031550340788,United States of America
5520,iWdtAmRb,TKM_S_173,2022,39.039929149161345,54.25027088965855,363.2490310241828,0.9762394375682698,8.631001279915608,717.86706076845,Turkmenistan
5521,iWdtAmRb,TKM_S_173,2023,39.039929149161345,54.25027088965855,,,,,Turkmenistan
5522,iWdtAmRb,TKM_S_173,2024,39.039929149161345,54.25027088965855,1076.5689079116216,0.5954288998168765,435.5486674967485,1717.5891483264948,Turkmenistan
5523,iWdtAmRb,TKM_S_173,2025,39.039929149161345,54.25027088965855,1899.6903028561928,0.4959543258681858,957.5306793448201,2841.849926367566,Turkmenistan
5524,iXoR3wO5,DZA_S_260,2022,31.837578327951636,6.2366581256518705,,,,,Algeria
5525,iXoR3wO5,DZA_S_260,2023,31.837578327951636,6.2366581256518705,,,,,Algeria
5526,iXoR3wO5,DZA_S_260,2024,31.837578327951636,6.2366581256518705,,,,,Algeria
5527,iXoR3wO5,DZA_S_260,2025,31.837578327951636,6.2366581256518705,77.26962182648447,0.9255077142188886,5.755990751296892,148.78325290167203,Algeria
5528,ibXOfmo0,IND_S_006,2022,27.3355976082742,95.48620109094564,,,,,India
5529,ibXOfmo0,IND_S_006,2023,27.3355976082742,95.48620109094564,,,,,India
5530,ibXOfmo0,IND_S_006,2024,27.3355976082742,95.48620109094564,,,,,India
5531,ibXOfmo0,IND_S_006,2025,27.3355976082742,95.48620109094564,256.6618175280747,0.7096459735416407,74.52279215739719,438.80084289875225,India
5532,ikOXCh5o,TKM_S_355,2022,38.26654775360405,54.02543823253935,,,,,Turkmenistan
5533,ikOXCh5o,TKM_S_355,2023,38.26654775360405,54.02543823253935,,,,,Turkmenistan
5534,ikOXCh5o,TKM_S_355,2024,38.26654775360405,54.02543823253935,,,,,Turkmenistan
5535,ikOXCh5o,TKM_S_355,2025,38.26654775360405,54.02543823253935,1930.397696415641,0.453830045953556,1054.325221142692,2806.4701716885897,Turkmenistan
5536,ipjY1DGL,CHN_S_358,2022,37.289960806441805,94.33450189023044,,,,,China
5537,ipjY1DGL,CHN_S_358,2023,37.289960806441805,94.33450189023044,,,,,China
5538,ipjY1DGL,CHN_S_358,2024,37.289960806441805,94.33450189023044,,,,,China
5539,ipjY1DGL,CHN_S_358,2025,37.289960806441805,94.33450189023044,689.3040765842561,0.7480177476473684,173.69239377355177,1204.9157593949603,China
5540,ipojr2gW,CHN_S_411,2022,45.59614440028898,85.16752341040018,,,,,China
5541,ipojr2gW,CHN_S_411,2023,45.59614440028898,85.16752341040018,466.7397772571022,0.6833005919649421,147.81621116373907,785.6633433504653,China
5542,ipojr2gW,CHN_S_411,2024,45.59614440028898,85.16752341040018,255.6612967278488,0.7531968904280776,63.098003029623044,448.22459042607454,China
5543,ipojr2gW,CHN_S_411,2025,45.59614440028898,85.16752341040018,26.47074263426948,0.810516937251866,5.015757387558988,47.92572788097998,China
5544,iryrHpzG,DZA_S_331,2022,31.79571211127323,5.936982312693873,,,,,Algeria
5545,iryrHpzG,DZA_S_331,2023,31.79571211127323,5.936982312693873,,,,,Algeria
5546,iryrHpzG,DZA_S_331,2024,31.79571211127323,5.936982312693873,125.49285621989983,0.9041591906017624,12.027336913811851,238.95837552598783,Algeria
5547,iryrHpzG,DZA_S_331,2025,31.79571211127323,5.936982312693873,74.99283986526206,0.7686671375167891,17.34830831177613,132.637371418748,Algeria
5548,it5o297c,USA_S_158,2022,40.01673422398058,-109.50498982617346,,,,,United States of America
5549,it5o297c,USA_S_158,2023,40.01673422398058,-109.50498982617346,598.4374763260071,0.6394605756128161,215.76030324629755,981.1146494057166,United States of America
5550,it5o297c,USA_S_158,2024,40.01673422398058,-109.50498982617346,241.59751772118577,0.8398725686874087,38.68638992419173,444.50864551817983,United States of America
5551,it5o297c,USA_S_158,2025,40.01673422398058,-109.50498982617346,413.5416535263028,0.523909840161485,196.88311192722128,630.2001951253843,United States of America
5552,itHhXoWt,DZA_S_273,2022,31.638724483381328,6.0041668888347886,,,,,Algeria
5553,itHhXoWt,DZA_S_273,2023,31.638724483381328,6.0041668888347886,,,,,Algeria
5554,itHhXoWt,DZA_S_273,2024,31.638724483381328,6.0041668888347886,158.14164611141226,0.8733682261171308,20.025757171845072,296.2575350509794,Algeria
5555,itHhXoWt,DZA_S_273,2025,31.638724483381328,6.0041668888347886,222.56635351972872,0.7454539825521928,56.6533789063277,388.47932813312974,Algeria
5556,ivJl6nNw,PER_S_006,2022,-4.291841840396942,-81.25480944227394,,,,,
5557,ivJl6nNw,PER_S_006,2023,-4.291841840396942,-81.25480944227394,1048.5070837384276,0.5929089729608062,426.83782557694644,1670.1763418999087,
5558,ivJl6nNw,PER_S_006,2024,-4.291841840396942,-81.25480944227394,,,,,
5559,ivJl6nNw,PER_S_006,2025,-4.291841840396942,-81.25480944227394,,,,,
5560,iwQlH20J,USA_S_978,2022,35.233004535066144,-97.95168351054878,,,,,United States of America
5561,iwQlH20J,USA_S_978,2023,35.233004535066144,-97.95168351054878,,,,,United States of America
5562,iwQlH20J,USA_S_978,2024,35.233004535066144,-97.95168351054878,,,,,United States of America
5563,iwQlH20J,USA_S_978,2025,35.233004535066144,-97.95168351054878,211.76448761363216,0.8646990936874938,28.651927098927928,394.87704812833636,United States of America
5564,iwUahJHb,DZA_S_281,2022,28.131177524546935,9.389445917882371,,,,,Algeria
5565,iwUahJHb,DZA_S_281,2023,28.131177524546935,9.389445917882371,,,,,Algeria
5566,iwUahJHb,DZA_S_281,2024,28.131177524546935,9.389445917882371,,,,,Algeria
5567,iwUahJHb,DZA_S_281,2025,28.131177524546935,9.389445917882371,1020.9383219766468,0.5912521227627379,417.3063718981268,1624.5702720551667,Algeria
5568,izhXckX9,KAZ_S_026,2022,43.44204340911749,52.8320640667033,,,,,Kazakhstan
5569,izhXckX9,KAZ_S_026,2023,43.44204340911749,52.8320640667033,,,,,Kazakhstan
5570,izhXckX9,KAZ_S_026,2024,43.44204340911749,52.8320640667033,772.2596568671703,0.5357816938187075,358.4970698430239,1186.0222438913167,Kazakhstan
5571,izhXckX9,KAZ_S_026,2025,43.44204340911749,52.8320640667033,1087.8272109385066,0.6109571423478004,423.2114067753387,1752.4430151016745,Kazakhstan
5572,j2DMd2x0,USA_S_033,2022,32.316193191643,-101.69347983427892,,,,,United States of America
5573,j2DMd2x0,USA_S_033,2023,32.316193191643,-101.69347983427892,275.5012674694434,0.5512753773090183,123.62420229611322,427.37833264277356,United States of America
5574,j2DMd2x0,USA_S_033,2024,32.316193191643,-101.69347983427892,87.5531131933334,0.8715230701109574,11.24855518530731,163.8576712013595,United States of America
5575,j2DMd2x0,USA_S_033,2025,32.316193191643,-101.69347983427892,,,,,United States of America
5576,j2Ghnnmv,,2022,35.65540033961633,-98.26554854076156,,,,,United States of America
5577,j2Ghnnmv,,2023,35.65540033961633,-98.26554854076156,,,,,United States of America
5578,j2Ghnnmv,,2024,35.65540033961633,-98.26554854076156,,,,,United States of America
5579,j2Ghnnmv,,2025,35.65540033961633,-98.26554854076156,391.1831815826663,0.7503177665024461,97.67149048423931,684.6948726810933,United States of America
5580,jANc6S5P,,2022,21.878091573024783,72.67067671696564,,,,,India
5581,jANc6S5P,,2023,21.878091573024783,72.67067671696564,,,,,India
5582,jANc6S5P,,2024,21.878091573024783,72.67067671696564,,,,,India
5583,jANc6S5P,,2025,21.878091573024783,72.67067671696564,185.62758906090343,0.7373800606250881,48.74950618548553,322.50567193632133,India
5584,jB5KZuDo,TKM_S_192,2022,39.458933646557355,53.62398438987259,,,,,Turkmenistan
5585,jB5KZuDo,TKM_S_192,2023,39.458933646557355,53.62398438987259,2163.876086293818,0.5161703567958156,1046.947394769605,3280.8047778180307,Turkmenistan
5586,jB5KZuDo,TKM_S_192,2024,39.458933646557355,53.62398438987259,626.6933361483243,0.5151194525565839,303.8714079107403,949.5152643859083,Turkmenistan
5587,jB5KZuDo,TKM_S_192,2025,39.458933646557355,53.62398438987259,1243.904345211528,0.5839170339682865,517.567409415349,1970.241281007707,Turkmenistan
5588,jHlGXbIw,,2022,32.21714390511674,-93.65566184467966,,,,,United States of America
5589,jHlGXbIw,,2023,32.21714390511674,-93.65566184467966,,,,,United States of America
5590,jHlGXbIw,,2024,32.21714390511674,-93.65566184467966,,,,,United States of America
5591,jHlGXbIw,,2025,32.21714390511674,-93.65566184467966,255.96809026951055,0.7077318335472836,74.81132441347324,437.12485612554786,United States of America
5592,jJ6bbXVw,VEN_S_014,2022,8.702508195997016,-63.78525649035829,,,,,Venezuela
5593,jJ6bbXVw,VEN_S_014,2023,8.702508195997016,-63.78525649035829,,,,,Venezuela
5594,jJ6bbXVw,VEN_S_014,2024,8.702508195997016,-63.78525649035829,1482.1458518589204,0.4837212845267741,765.2003565416936,2199.0913471761473,Venezuela
5595,jJ6bbXVw,VEN_S_014,2025,8.702508195997016,-63.78525649035829,314.7591992165376,0.5768658986413939,133.18535090484409,496.3330475282311,Venezuela
5596,jJNOP81C,USA_S_439,2022,31.757688043270175,-103.57615205940442,,,,,United States of America
5597,jJNOP81C,USA_S_439,2023,31.757688043270175,-103.57615205940442,,,,,United States of America
5598,jJNOP81C,USA_S_439,2024,31.757688043270175,-103.57615205940442,,,,,United States of America
5599,jJNOP81C,USA_S_439,2025,31.757688043270175,-103.57615205940442,523.7414533111837,0.6675506203288945,174.11752126134633,873.365385361021,United States of America
5600,jMeYbCoG,,2022,32.245615312473824,-101.8233635973214,,,,,United States of America
5601,jMeYbCoG,,2023,32.245615312473824,-101.8233635973214,,,,,United States of America
5602,jMeYbCoG,,2024,32.245615312473824,-101.8233635973214,,,,,United States of America
5603,jMeYbCoG,,2025,32.245615312473824,-101.8233635973214,254.95127079557224,0.7886693510269879,53.87901751372243,456.02352407742205,United States of America
5604,jMxZkioH,DZA_S_018,2022,28.63810215570873,7.615698466237916,708.784479248775,0.4200263876469549,411.076294809684,1006.4926636878661,Algeria
5605,jMxZkioH,DZA_S_018,2023,28.63810215570873,7.615698466237916,2502.8078792615156,0.3568593257912198,1609.6575468832984,3395.958211639733,Algeria
5606,jMxZkioH,DZA_S_018,2024,28.63810215570873,7.615698466237916,1246.0905911566008,0.412908660248905,731.5689946133627,1760.6121876998388,Algeria
5607,jMxZkioH,DZA_S_018,2025,28.63810215570873,7.615698466237916,583.3173929692157,0.5649467747248441,253.77411317035285,912.8606727680785,Algeria
5608,jQLwb3Mo,,2022,31.26749789566326,-103.17812702335978,,,,,United States of America
5609,jQLwb3Mo,,2023,31.26749789566326,-103.17812702335978,,,,,United States of America
5610,jQLwb3Mo,,2024,31.26749789566326,-103.17812702335978,,,,,United States of America
5611,jQLwb3Mo,,2025,31.26749789566326,-103.17812702335978,237.2817856413719,0.7504465338857428,59.214492052584546,415.34907923015925,United States of America
5612,jTvmDcJF,KAZ_S_127,2022,45.35992119491489,52.07401565688158,,,,,Kazakhstan
5613,jTvmDcJF,KAZ_S_127,2023,45.35992119491489,52.07401565688158,,,,,Kazakhstan
5614,jTvmDcJF,KAZ_S_127,2024,45.35992119491489,52.07401565688158,,,,,Kazakhstan
5615,jTvmDcJF,KAZ_S_127,2025,45.35992119491489,52.07401565688158,255.20513669400032,0.8030162998558695,50.27125212177279,460.1390212662278,Kazakhstan
5616,jUVM1XAe,USA_S_192,2022,31.32282224353183,-101.8076852757749,,,,,United States of America
5617,jUVM1XAe,USA_S_192,2023,31.32282224353183,-101.8076852757749,,,,,United States of America
5618,jUVM1XAe,USA_S_192,2024,31.32282224353183,-101.8076852757749,253.56383794305404,0.5370321265119532,117.39191084596345,389.73576504014466,United States of America
5619,jUVM1XAe,USA_S_192,2025,31.32282224353183,-101.8076852757749,,,,,United States of America
5620,jVY354IE,KAZ_S_047,2022,48.25839285824705,57.24547116074418,,,,,Kazakhstan
5621,jVY354IE,KAZ_S_047,2023,48.25839285824705,57.24547116074418,895.0748054343686,0.5674056105652056,387.20433895534813,1402.9452719133892,Kazakhstan
5622,jVY354IE,KAZ_S_047,2024,48.25839285824705,57.24547116074418,,,,,Kazakhstan
5623,jVY354IE,KAZ_S_047,2025,48.25839285824705,57.24547116074418,,,,,Kazakhstan
5624,jXHjVETC,IND_S_012,2022,23.41468491801156,72.35738342416869,,,,,India
5625,jXHjVETC,IND_S_012,2023,23.41468491801156,72.35738342416869,569.3676317812665,0.697717642313749,172.10979012507846,966.6254734374545,India
5626,jXHjVETC,IND_S_012,2024,23.41468491801156,72.35738342416869,814.0026914877021,0.5849334093495093,337.86532193612373,1290.1400610392805,India
5627,jXHjVETC,IND_S_012,2025,23.41468491801156,72.35738342416869,327.44605395247015,0.7390368904589909,85.45134044636964,569.4407674585707,India
5628,jYnZbOuq,SYR_S_028,2022,35.3521490223027,40.35476893859455,,,,,Syria
5629,jYnZbOuq,SYR_S_028,2023,35.3521490223027,40.35476893859455,,,,,Syria
5630,jYnZbOuq,SYR_S_028,2024,35.3521490223027,40.35476893859455,,,,,Syria
5631,jYnZbOuq,SYR_S_028,2025,35.3521490223027,40.35476893859455,1013.0070719351648,0.5660150946896576,439.62977819248977,1586.38436567784,Syria
5632,ja5Gls7q,IRQ_S_081,2022,34.89293564228359,43.80683937904358,,,,,Iraq
5633,ja5Gls7q,IRQ_S_081,2023,34.89293564228359,43.80683937904358,,,,,Iraq
5634,ja5Gls7q,IRQ_S_081,2024,34.89293564228359,43.80683937904358,,,,,Iraq
5635,ja5Gls7q,IRQ_S_081,2025,34.89293564228359,43.80683937904358,827.4605650490297,0.5764451239908924,350.4749570317679,1304.4461730662915,Iraq
5636,jd3lQWKR,USA_S_335,2022,32.582428388087465,-104.18700157465976,,,,,United States of America
5637,jd3lQWKR,USA_S_335,2023,32.582428388087465,-104.18700157465976,361.35354411292735,0.5557966970870697,160.5144378142556,562.1926504115991,United States of America
5638,jd3lQWKR,USA_S_335,2024,32.582428388087465,-104.18700157465976,,,,,United States of America
5639,jd3lQWKR,USA_S_335,2025,32.582428388087465,-104.18700157465976,,,,,United States of America
5640,jdt9smT4,CHN_S_019,2022,45.58264007386709,85.10933806903336,,,,,China
5641,jdt9smT4,CHN_S_019,2023,45.58264007386709,85.10933806903336,664.2677432792852,0.6380195789295002,240.45191741578634,1088.0835691427842,China
5642,jdt9smT4,CHN_S_019,2024,45.58264007386709,85.10933806903336,1810.9915819002329,0.4905973350338626,922.5239380512195,2699.4592257492463,China
5643,jdt9smT4,CHN_S_019,2025,45.58264007386709,85.10933806903336,,,,,China
5644,jeT3CGmf,UZB_S_075,2022,40.129801201429416,62.491530634886686,,,,,Uzbekistan
5645,jeT3CGmf,UZB_S_075,2023,40.129801201429416,62.491530634886686,,,,,Uzbekistan
5646,jeT3CGmf,UZB_S_075,2024,40.129801201429416,62.491530634886686,,,,,Uzbekistan
5647,jeT3CGmf,UZB_S_075,2025,40.129801201429416,62.491530634886686,3122.084285827302,0.5355624753300375,1450.0130975206198,4794.155474133984,Uzbekistan
5648,jgjIlPZI,,2022,31.578315175025956,6.007496335814664,,,,,Algeria
5649,jgjIlPZI,,2023,31.578315175025956,6.007496335814664,,,,,Algeria
5650,jgjIlPZI,,2024,31.578315175025956,6.007496335814664,,,,,Algeria
5651,jgjIlPZI,,2025,31.578315175025956,6.007496335814664,229.05355509217196,0.7035993020678868,67.89163359315151,390.21547659119244,Algeria
5652,jgqsC0HK,IRN_S_004,2022,31.30108839345964,49.12017629097829,,,,,Iran
5653,jgqsC0HK,IRN_S_004,2023,31.30108839345964,49.12017629097829,1043.5167597067195,0.4900084433778015,532.1847366441825,1554.8487827692566,Iran
5654,jgqsC0HK,IRN_S_004,2024,31.30108839345964,49.12017629097829,,,,,Iran
5655,jgqsC0HK,IRN_S_004,2025,31.30108839345964,49.12017629097829,1768.2825000753262,0.7193182285676206,496.3246645140191,3040.240335636633,Iran
5656,jiugXwuC,DZA_S_065,2022,32.398851183552864,4.011993530156564,,,,,Algeria
5657,jiugXwuC,DZA_S_065,2023,32.398851183552864,4.011993530156564,,,,,Algeria
5658,jiugXwuC,DZA_S_065,2024,32.398851183552864,4.011993530156564,,,,,Algeria
5659,jiugXwuC,DZA_S_065,2025,32.398851183552864,4.011993530156564,2096.171811326021,0.462306104424584,1127.098787027264,3065.244835624778,Algeria
5660,jlRIRdKD,ARG_S_011,2022,-46.5610400346718,-68.2937405187584,,,,,Argentina
5661,jlRIRdKD,ARG_S_011,2023,-46.5610400346718,-68.2937405187584,,,,,Argentina
5662,jlRIRdKD,ARG_S_011,2024,-46.5610400346718,-68.2937405187584,,,,,Argentina
5663,jlRIRdKD,ARG_S_011,2025,-46.5610400346718,-68.2937405187584,81.91399255667875,0.7103711153530485,23.724658301169548,140.10332681218796,Argentina
5664,jmt4KXaN,DZA_S_006,2022,28.55611025221898,7.513378889790367,,,,,Algeria
5665,jmt4KXaN,DZA_S_006,2023,28.55611025221898,7.513378889790367,,,,,Algeria
5666,jmt4KXaN,DZA_S_006,2024,28.55611025221898,7.513378889790367,648.3226386177454,0.5465678385836666,293.97033532358466,1002.6749419119061,Algeria
5667,jmt4KXaN,DZA_S_006,2025,28.55611025221898,7.513378889790367,334.6435686270501,0.5513910814959045,150.124089406132,519.1630478479683,Algeria
5668,jribfFpD,TKM_S_234,2022,38.56650648163665,62.73277299601938,,,,,Turkmenistan
5669,jribfFpD,TKM_S_234,2023,38.56650648163665,62.73277299601938,1044.7026161729236,0.5691282089637834,450.1328873306488,1639.2723450151984,Turkmenistan
5670,jribfFpD,TKM_S_234,2024,38.56650648163665,62.73277299601938,,,,,Turkmenistan
5671,jribfFpD,TKM_S_234,2025,38.56650648163665,62.73277299601938,,,,,Turkmenistan
5672,jt6TgFoL,USA_S_526,2022,31.795889416178383,-103.56041816171752,,,,,United States of America
5673,jt6TgFoL,USA_S_526,2023,31.795889416178383,-103.56041816171752,,,,,United States of America
5674,jt6TgFoL,USA_S_526,2024,31.795889416178383,-103.56041816171752,,,,,United States of America
5675,jt6TgFoL,USA_S_526,2025,31.795889416178383,-103.56041816171752,277.6053551351487,0.7773212941528791,61.81680121772533,493.3939090525721,United States of America
5676,jt8qLeTR,KAZ_S_010,2022,43.2926642823017,52.86264251049509,,,,,Kazakhstan
5677,jt8qLeTR,KAZ_S_010,2023,43.2926642823017,52.86264251049509,1337.3644291133378,0.8471891332545106,204.3638175673957,2470.3650406592797,Kazakhstan
5678,jt8qLeTR,KAZ_S_010,2024,43.2926642823017,52.86264251049509,942.7708115894428,0.7301258485167413,254.42947282088403,1631.1121503580016,Kazakhstan
5679,jt8qLeTR,KAZ_S_010,2025,43.2926642823017,52.86264251049509,1096.4300368423717,0.526477072953845,519.1847603469233,1673.6753133378202,Kazakhstan
5680,jtfajPOD,,2022,31.699995179176188,-103.66126219864294,,,,,United States of America
5681,jtfajPOD,,2023,31.699995179176188,-103.66126219864294,,,,,United States of America
5682,jtfajPOD,,2024,31.699995179176188,-103.66126219864294,,,,,United States of America
5683,jtfajPOD,,2025,31.699995179176188,-103.66126219864294,211.61290638198977,0.7527562938419252,52.319959244764874,370.9058535192147,United States of America
5684,jx39xyKy,,2022,-46.53897877463299,-67.84967878838098,,,,,Argentina
5685,jx39xyKy,,2023,-46.53897877463299,-67.84967878838098,,,,,Argentina
5686,jx39xyKy,,2024,-46.53897877463299,-67.84967878838098,,,,,Argentina
5687,jx39xyKy,,2025,-46.53897877463299,-67.84967878838098,313.3944346495474,0.8087802848533332,59.92719452223713,566.8616747768576,Argentina
5688,jxbPMuZH,,2022,36.41694955047951,-108.1018326888671,,,,,United States of America
5689,jxbPMuZH,,2023,36.41694955047951,-108.1018326888671,,,,,United States of America
5690,jxbPMuZH,,2024,36.41694955047951,-108.1018326888671,,,,,United States of America
5691,jxbPMuZH,,2025,36.41694955047951,-108.1018326888671,166.20363801573234,0.6412222613021447,59.630165410641354,272.77711062082335,United States of America
5692,k19XCUdR,SYR_S_038,2022,34.925427517993384,40.828886052497865,,,,,Syria
5693,k19XCUdR,SYR_S_038,2023,34.925427517993384,40.828886052497865,,,,,Syria
5694,k19XCUdR,SYR_S_038,2024,34.925427517993384,40.828886052497865,,,,,Syria
5695,k19XCUdR,SYR_S_038,2025,34.925427517993384,40.828886052497865,325.16463594110627,0.6046202913009346,128.56349903763223,521.7657728445803,Syria
5696,k6bY7app,USA_S_1095,2022,32.148171740233934,-101.62422905423854,,,,,United States of America
5697,k6bY7app,USA_S_1095,2023,32.148171740233934,-101.62422905423854,,,,,United States of America
5698,k6bY7app,USA_S_1095,2024,32.148171740233934,-101.62422905423854,,,,,United States of America
5699,k6bY7app,USA_S_1095,2025,32.148171740233934,-101.62422905423854,1526.250769305234,0.6094479287772224,596.0803991575168,2456.421139452951,United States of America
5700,k8Bm21wR,IRQ_S_016,2022,30.89267049508229,47.538312771581985,,,,,Iraq
5701,k8Bm21wR,IRQ_S_016,2023,30.89267049508229,47.538312771581985,844.7171520953468,0.8574974806747431,120.37432229084311,1569.0599818998505,Iraq
5702,k8Bm21wR,IRQ_S_016,2024,30.89267049508229,47.538312771581985,855.6618202677092,0.6832037920385462,271.0704199582053,1440.2532205772131,Iraq
5703,k8Bm21wR,IRQ_S_016,2025,30.89267049508229,47.538312771581985,,,,,Iraq
5704,kErtkjcA,IRN_S_131,2022,30.241826167895077,50.75026264651602,,,,,Iran
5705,kErtkjcA,IRN_S_131,2023,30.241826167895077,50.75026264651602,,,,,Iran
5706,kErtkjcA,IRN_S_131,2024,30.241826167895077,50.75026264651602,58.61394045231671,0.8195081385806575,10.579339217361138,106.64854168727229,Iran
5707,kErtkjcA,IRN_S_131,2025,30.241826167895077,50.75026264651602,671.2612974648858,0.6128582753582454,259.87325638581774,1082.649338543954,Iran
5708,kEtAnZPy,TKM_S_128,2022,38.57138657431898,62.800009828531145,,,,,Turkmenistan
5709,kEtAnZPy,TKM_S_128,2023,38.57138657431898,62.800009828531145,677.6511103505392,0.4820476879905996,350.99095934179905,1004.3112613592793,Turkmenistan
5710,kEtAnZPy,TKM_S_128,2024,38.57138657431898,62.800009828531145,252.0899554490037,0.6199400279305014,95.8093014269495,408.3706094710579,Turkmenistan
5711,kEtAnZPy,TKM_S_128,2025,38.57138657431898,62.800009828531145,1269.6308882664694,0.5728309774733958,542.346985510372,1996.9147910225668,Turkmenistan
5712,kINmvqTa,,2022,32.14683705286554,-101.92899036172,,,,,United States of America
5713,kINmvqTa,,2023,32.14683705286554,-101.92899036172,,,,,United States of America
5714,kINmvqTa,,2024,32.14683705286554,-101.92899036172,,,,,United States of America
5715,kINmvqTa,,2025,32.14683705286554,-101.92899036172,339.41791199727356,0.697618107552202,102.63383056041573,576.2019934341314,United States of America
5716,kIz0F4X2,,2022,38.66264647701548,54.276440057520574,,,,,Turkmenistan
5717,kIz0F4X2,,2023,38.66264647701548,54.276440057520574,,,,,Turkmenistan
5718,kIz0F4X2,,2024,38.66264647701548,54.276440057520574,,,,,Turkmenistan
5719,kIz0F4X2,,2025,38.66264647701548,54.276440057520574,436.2644535340907,0.5806510308256428,182.94704887693518,689.5818581912463,Turkmenistan
5720,kJykf4OI,USA_S_121,2022,31.845767742952347,-101.75790994196988,,,,,United States of America
5721,kJykf4OI,USA_S_121,2023,31.845767742952347,-101.75790994196988,1638.1795861467365,0.504989088100534,810.9167707935859,2465.442401499887,United States of America
5722,kJykf4OI,USA_S_121,2024,31.845767742952347,-101.75790994196988,932.7916256404568,0.7606920040710426,223.224494551332,1642.3587567295817,United States of America
5723,kJykf4OI,USA_S_121,2025,31.845767742952347,-101.75790994196988,,,,,United States of America
5724,kKAMhDQb,VEN_S_079,2022,9.26856892757342,-64.12040565377599,,,,,Venezuela
5725,kKAMhDQb,VEN_S_079,2023,9.26856892757342,-64.12040565377599,,,,,Venezuela
5726,kKAMhDQb,VEN_S_079,2024,9.26856892757342,-64.12040565377599,,,,,Venezuela
5727,kKAMhDQb,VEN_S_079,2025,9.26856892757342,-64.12040565377599,638.3548152348267,0.5368275144885503,295.6683864105169,981.0412440591365,Venezuela
5728,kKrwBxcJ,DZA_S_077,2022,31.79507078561328,5.889231425422759,,,,,Algeria
5729,kKrwBxcJ,DZA_S_077,2023,31.79507078561328,5.889231425422759,,,,,Algeria
5730,kKrwBxcJ,DZA_S_077,2024,31.79507078561328,5.889231425422759,76.73641587660931,0.8470618385959197,11.735926356907513,141.7369053963111,Algeria
5731,kKrwBxcJ,DZA_S_077,2025,31.79507078561328,5.889231425422759,297.75336759909453,0.6048434663413187,117.6591886256573,477.84754657253177,Algeria
5732,kKsuec9u,KAZ_S_007,2022,43.55299043646334,52.39376521036793,,,,,Kazakhstan
5733,kKsuec9u,KAZ_S_007,2023,43.55299043646334,52.39376521036793,,,,,Kazakhstan
5734,kKsuec9u,KAZ_S_007,2024,43.55299043646334,52.39376521036793,859.0613445979752,0.597405335517922,345.85351379794463,1372.2691753980057,Kazakhstan
5735,kKsuec9u,KAZ_S_007,2025,43.55299043646334,52.39376521036793,230.51284717070035,0.545062458847042,104.86894789600602,356.1567464453947,Kazakhstan
5736,kM0gQiPm,UZB_S_013,2022,40.21326664565525,62.50286640743068,,,,,Uzbekistan
5737,kM0gQiPm,UZB_S_013,2023,40.21326664565525,62.50286640743068,,,,,Uzbekistan
5738,kM0gQiPm,UZB_S_013,2024,40.21326664565525,62.50286640743068,1219.170455730026,0.569122564880402,525.313038938545,1913.027872521507,Uzbekistan
5739,kM0gQiPm,UZB_S_013,2025,40.21326664565525,62.50286640743068,737.195820493889,0.6352589332224647,268.88558999088144,1205.5060509968964,Uzbekistan
5740,kMYTVNfk,,2022,43.42062985142488,4.8429911280757665,,,,,France
5741,kMYTVNfk,,2023,43.42062985142488,4.8429911280757665,,,,,France
5742,kMYTVNfk,,2024,43.42062985142488,4.8429911280757665,,,,,France
5743,kMYTVNfk,,2025,43.42062985142488,4.8429911280757665,139.9180975251012,0.7405325926589098,36.304186004935815,243.53200904526656,France
5744,kNgWAsu6,VEN_S_026,2022,9.628283363289572,-63.989507441740216,,,,,Venezuela
5745,kNgWAsu6,VEN_S_026,2023,9.628283363289572,-63.989507441740216,,,,,Venezuela
5746,kNgWAsu6,VEN_S_026,2024,9.628283363289572,-63.989507441740216,,,,,Venezuela
5747,kNgWAsu6,VEN_S_026,2025,9.628283363289572,-63.989507441740216,528.7522783129532,0.4914705895330524,268.8860843735415,788.6184722523649,Venezuela
5748,kPgo3J5U,USA_S_009,2022,31.913855690611364,-103.69356998122682,,,,,United States of America
5749,kPgo3J5U,USA_S_009,2023,31.913855690611364,-103.69356998122682,391.8131211158158,0.8363910519130273,64.10413259243222,719.5221096391995,United States of America
5750,kPgo3J5U,USA_S_009,2024,31.913855690611364,-103.69356998122682,91.62546858565784,0.9407293526681528,5.430700835155761,177.82023633615992,United States of America
5751,kPgo3J5U,USA_S_009,2025,31.913855690611364,-103.69356998122682,1299.3845627597707,0.5521100076415849,581.9813418851162,2016.787783634425,United States of America
5752,kQfqb49e,IRN_S_118,2022,30.317542866062233,50.63316267238715,,,,,Iran
5753,kQfqb49e,IRN_S_118,2023,30.317542866062233,50.63316267238715,,,,,Iran
5754,kQfqb49e,IRN_S_118,2024,30.317542866062233,50.63316267238715,668.0179228458159,0.5375859562979239,308.90086896859515,1027.1349767230365,Iran
5755,kQfqb49e,IRN_S_118,2025,30.317542866062233,50.63316267238715,,,,,Iran
5756,kRXz057W,CHN_S_388,2022,38.96016729134277,108.97165116088073,,,,,China
5757,kRXz057W,CHN_S_388,2023,38.96016729134277,108.97165116088073,873.803943996267,0.5837768553520789,363.6974253758822,1383.9104626166518,China
5758,kRXz057W,CHN_S_388,2024,38.96016729134277,108.97165116088073,752.4091143097148,0.7341023913741721,200.0637842032304,1304.7544444161992,China
5759,kRXz057W,CHN_S_388,2025,38.96016729134277,108.97165116088073,528.9775411816553,0.9160632788448309,44.4006403715116,1013.554441991799,China
5760,kS2xCJK9,USA_S_067,2022,27.867757138283157,-99.28925754747716,,,,,United States of America
5761,kS2xCJK9,USA_S_067,2023,27.867757138283157,-99.28925754747716,,,,,United States of America
5762,kS2xCJK9,USA_S_067,2024,27.867757138283157,-99.28925754747716,165.1192178170917,0.5581057669994693,72.9652301109313,257.2732055232521,United States of America
5763,kS2xCJK9,USA_S_067,2025,27.867757138283157,-99.28925754747716,536.7556358401343,0.5757076309192185,227.74132034807184,845.7699513321968,United States of America
5764,kTR5WjX9,,2022,31.910335929427127,-101.9325389239857,,,,,United States of America
5765,kTR5WjX9,,2023,31.910335929427127,-101.9325389239857,,,,,United States of America
5766,kTR5WjX9,,2024,31.910335929427127,-101.9325389239857,,,,,United States of America
5767,kTR5WjX9,,2025,31.910335929427127,-101.9325389239857,114.5129433980165,0.8512224617327692,17.03695381849164,211.98893297754137,United States of America
5768,kTYFpfLe,DZA_S_014,2022,31.77891303654015,5.9122483591102295,,,,,Algeria
5769,kTYFpfLe,DZA_S_014,2023,31.77891303654015,5.9122483591102295,,,,,Algeria
5770,kTYFpfLe,DZA_S_014,2024,31.77891303654015,5.9122483591102295,220.3799701870581,0.5342114236478748,102.65047256995359,338.1094678041626,Algeria
5771,kTYFpfLe,DZA_S_014,2025,31.77891303654015,5.9122483591102295,740.8376285127837,0.493775791974501,375.0299417693728,1106.6453152561946,Algeria
5772,kTmAMHSv,YEM_S_021,2022,15.521774039269584,45.962733615799074,,,,,Yemen
5773,kTmAMHSv,YEM_S_021,2023,15.521774039269584,45.962733615799074,,,,,Yemen
5774,kTmAMHSv,YEM_S_021,2024,15.521774039269584,45.962733615799074,,,,,Yemen
5775,kTmAMHSv,YEM_S_021,2025,15.521774039269584,45.962733615799074,375.0939699042483,0.5394801838309234,172.73820606643355,577.449733742063,Yemen
5776,kV6mhguF,LBY_S_094,2022,28.837228370676737,20.860493316782215,131.55239028106584,0.5535077255219781,58.7371259496135,204.36765461251818,Libya
5777,kV6mhguF,LBY_S_094,2023,28.837228370676737,20.860493316782215,583.3977543976566,0.5416188812712397,267.4185153246444,899.3769934706688,Libya
5778,kV6mhguF,LBY_S_094,2024,28.837228370676737,20.860493316782215,,,,,Libya
5779,kV6mhguF,LBY_S_094,2025,28.837228370676737,20.860493316782215,,,,,Libya
5780,kVzkBWkd,,2022,35.17531990486362,-119.43301377475288,,,,,United States of America
5781,kVzkBWkd,,2023,35.17531990486362,-119.43301377475288,,,,,United States of America
5782,kVzkBWkd,,2024,35.17531990486362,-119.43301377475288,,,,,United States of America
5783,kVzkBWkd,,2025,35.17531990486362,-119.43301377475288,77.78178552109557,0.8062744365935007,15.068320222837727,140.49525081935343,United States of America
5784,kY9TeHAc,USA_S_627,2022,32.28927751691731,-104.05219277214869,,,,,United States of America
5785,kY9TeHAc,USA_S_627,2023,32.28927751691731,-104.05219277214869,,,,,United States of America
5786,kY9TeHAc,USA_S_627,2024,32.28927751691731,-104.05219277214869,,,,,United States of America
5787,kY9TeHAc,USA_S_627,2025,32.28927751691731,-104.05219277214869,308.73473831232326,0.6048846417507286,121.98583673226864,495.4836398923779,United States of America
5788,kcsJv6TC,TKM_S_359,2022,38.41413974513087,54.046345054883496,,,,,Turkmenistan
5789,kcsJv6TC,TKM_S_359,2023,38.41413974513087,54.046345054883496,,,,,Turkmenistan
5790,kcsJv6TC,TKM_S_359,2024,38.41413974513087,54.046345054883496,,,,,Turkmenistan
5791,kcsJv6TC,TKM_S_359,2025,38.41413974513087,54.046345054883496,575.2314762867161,0.6012432957713392,229.37740765267796,921.0855449207543,Turkmenistan
5792,kcxz6tM8,,2022,36.270207664733576,61.42311214159692,,,,,Turkmenistan
5793,kcxz6tM8,,2023,36.270207664733576,61.42311214159692,,,,,Turkmenistan
5794,kcxz6tM8,,2024,36.270207664733576,61.42311214159692,,,,,Turkmenistan
5795,kcxz6tM8,,2025,36.270207664733576,61.42311214159692,353.2664393113517,0.6578292718904615,120.87743475582931,585.6554438668741,Turkmenistan
5796,ke2Ho3of,,2022,28.335850544449993,32.996486346896155,,,,,
5797,ke2Ho3of,,2023,28.335850544449993,32.996486346896155,,,,,
5798,ke2Ho3of,,2024,28.335850544449993,32.996486346896155,,,,,
5799,ke2Ho3of,,2025,28.335850544449993,32.996486346896155,420.100335683511,0.7387260160064485,109.76128838105927,730.4393829859628,
5800,kgtrrBnx,DZA_S_111,2022,31.16602532821724,5.870154517675505,,,,,Algeria
5801,kgtrrBnx,DZA_S_111,2023,31.16602532821724,5.870154517675505,,,,,Algeria
5802,kgtrrBnx,DZA_S_111,2024,31.16602532821724,5.870154517675505,198.90747984664895,0.5526480533538896,88.98164831187039,308.8333113814275,Algeria
5803,kgtrrBnx,DZA_S_111,2025,31.16602532821724,5.870154517675505,,,,,Algeria
5804,kh8KBLMZ,DZA_S_009,2022,31.616455532594188,5.966474819097232,,,,,Algeria
5805,kh8KBLMZ,DZA_S_009,2023,31.616455532594188,5.966474819097232,,,,,Algeria
5806,kh8KBLMZ,DZA_S_009,2024,31.616455532594188,5.966474819097232,276.414279317483,0.5459648049407401,125.50181122707815,427.32674740788786,Algeria
5807,kh8KBLMZ,DZA_S_009,2025,31.616455532594188,5.966474819097232,232.29802971765287,0.6013449489594578,92.6067828937083,371.9892765415974,Algeria
5808,kjH5c93U,TKM_S_265,2022,37.47826439184515,61.02807115109201,,,,,Turkmenistan
5809,kjH5c93U,TKM_S_265,2023,37.47826439184515,61.02807115109201,803.3247488942708,0.4066455934820183,476.6562796213667,1129.9932181671747,Turkmenistan
5810,kjH5c93U,TKM_S_265,2024,37.47826439184515,61.02807115109201,,,,,Turkmenistan
5811,kjH5c93U,TKM_S_265,2025,37.47826439184515,61.02807115109201,,,,,Turkmenistan
5812,kkHluKYj,IRN_S_034,2022,30.15328596548439,50.426920099487305,,,,,Iran
5813,kkHluKYj,IRN_S_034,2023,30.15328596548439,50.426920099487305,,,,,Iran
5814,kkHluKYj,IRN_S_034,2024,30.15328596548439,50.426920099487305,523.3197281406464,0.9328769444582472,35.126819178079586,1011.5126371032131,Iran
5815,kkHluKYj,IRN_S_034,2025,30.15328596548439,50.426920099487305,,,,,Iran
5816,knNhOuLI,,2022,43.52855546958358,52.236572633099115,,,,,Kazakhstan
5817,knNhOuLI,,2023,43.52855546958358,52.236572633099115,,,,,Kazakhstan
5818,knNhOuLI,,2024,43.52855546958358,52.236572633099115,,,,,Kazakhstan
5819,knNhOuLI,,2025,43.52855546958358,52.236572633099115,229.2479747589024,0.8527935430050566,33.746782137524235,424.74916738028054,Kazakhstan
5820,koXXLleg,VEN_S_016,2022,9.830357678810111,-63.33446426621432,,,,,Venezuela
5821,koXXLleg,VEN_S_016,2023,9.830357678810111,-63.33446426621432,,,,,Venezuela
5822,koXXLleg,VEN_S_016,2024,9.830357678810111,-63.33446426621432,185.13123822647876,0.9660810661411748,6.279454224606326,363.98302222835116,Venezuela
5823,koXXLleg,VEN_S_016,2025,9.830357678810111,-63.33446426621432,,,,,Venezuela
5824,ksB6LDWN,,2022,35.319594203297335,-119.6316591737406,,,,,United States of America
5825,ksB6LDWN,,2023,35.319594203297335,-119.6316591737406,,,,,United States of America
5826,ksB6LDWN,,2024,35.319594203297335,-119.6316591737406,,,,,United States of America
5827,ksB6LDWN,,2025,35.319594203297335,-119.6316591737406,98.1312630245258,0.7977590117927535,19.846163608105314,176.41636244094627,United States of America
5828,ksyw7UHO,VEN_S_105,2022,8.408223500973733,-64.77617805063582,,,,,Venezuela
5829,ksyw7UHO,VEN_S_105,2023,8.408223500973733,-64.77617805063582,,,,,Venezuela
5830,ksyw7UHO,VEN_S_105,2024,8.408223500973733,-64.77617805063582,,,,,Venezuela
5831,ksyw7UHO,VEN_S_105,2025,8.408223500973733,-64.77617805063582,1006.8335780491176,0.5920381918726284,410.74964698426913,1602.917509113966,Venezuela
5832,kukhnia7,,2022,31.439107965146572,-103.3089407217584,,,,,United States of America
5833,kukhnia7,,2023,31.439107965146572,-103.3089407217584,,,,,United States of America
5834,kukhnia7,,2024,31.439107965146572,-103.3089407217584,,,,,United States of America
5835,kukhnia7,,2025,31.439107965146572,-103.3089407217584,131.503543743157,0.8398096059919715,21.06560448566833,241.94148300064566,United States of America
5836,kvl4SH6V,LBY_S_023,2022,28.903820773022066,20.98143398579444,542.4807111368801,0.52355719789959,258.46103009947825,826.5003921742821,Libya
5837,kvl4SH6V,LBY_S_023,2023,28.903820773022066,20.98143398579444,1744.0304125930145,0.4815070376535539,904.2674950476467,2583.7933301383823,Libya
5838,kvl4SH6V,LBY_S_023,2024,28.903820773022066,20.98143398579444,1141.702984977435,0.39885127255377,686.3332965407474,1597.0726734141228,Libya
5839,kvl4SH6V,LBY_S_023,2025,28.903820773022066,20.98143398579444,897.7986350545159,0.5829037714569709,374.46842467231795,1421.1288454367138,Libya
5840,kxf9etWc,UZB_S_089,2022,39.2686975953687,64.09377662186277,,,,,Uzbekistan
5841,kxf9etWc,UZB_S_089,2023,39.2686975953687,64.09377662186277,687.1040709786837,0.5600721075017463,302.27624587262284,1071.9318960847445,Uzbekistan
5842,kxf9etWc,UZB_S_089,2024,39.2686975953687,64.09377662186277,,,,,Uzbekistan
5843,kxf9etWc,UZB_S_089,2025,39.2686975953687,64.09377662186277,,,,,Uzbekistan
5844,kyjjSkVi,EGY_S_032,2022,29.56273548277969,28.82209341170644,,,,,Egypt
5845,kyjjSkVi,EGY_S_032,2023,29.56273548277969,28.82209341170644,941.2286436656516,0.5512192513444925,422.40529536027907,1460.051991971024,Egypt
5846,kyjjSkVi,EGY_S_032,2024,29.56273548277969,28.82209341170644,71.48876945490433,0.908351521034498,6.551836983657424,136.42570192615125,Egypt
5847,kyjjSkVi,EGY_S_032,2025,29.56273548277969,28.82209341170644,,,,,Egypt
5848,l1lVbJQW,,2022,-45.8761821860295,-68.67308863768302,,,,,Argentina
5849,l1lVbJQW,,2023,-45.8761821860295,-68.67308863768302,,,,,Argentina
5850,l1lVbJQW,,2024,-45.8761821860295,-68.67308863768302,,,,,Argentina
5851,l1lVbJQW,,2025,-45.8761821860295,-68.67308863768302,298.33645627203896,0.7407659619849577,77.33896424649876,519.3339482975791,Argentina
5852,l2mpWwiE,USA_S_144,2022,32.36335835838536,-101.32787920816686,,,,,United States of America
5853,l2mpWwiE,USA_S_144,2023,32.36335835838536,-101.32787920816686,3680.2240272394297,0.4352833986216801,2078.283604973484,5282.164449505375,United States of America
5854,l2mpWwiE,USA_S_144,2024,32.36335835838536,-101.32787920816686,2831.965423578938,0.4651160439705266,1514.7728691025857,4149.15797805529,United States of America
5855,l2mpWwiE,USA_S_144,2025,32.36335835838536,-101.32787920816686,,,,,United States of America
5856,l3VzhcWp,USA_S_302,2022,32.19062317022495,-103.50800681040636,,,,,United States of America
5857,l3VzhcWp,USA_S_302,2023,32.19062317022495,-103.50800681040636,45.02214678073331,0.9156318993534016,3.7984330109228353,86.24586055054378,United States of America
5858,l3VzhcWp,USA_S_302,2024,32.19062317022495,-103.50800681040636,,,,,United States of America
5859,l3VzhcWp,USA_S_302,2025,32.19062317022495,-103.50800681040636,,,,,United States of America
5860,lDkfPc7w,KWT_S_009,2022,29.04815682105639,47.58279638005648,1589.0530316708073,0.6845464203991779,501.27246701609465,2676.83359632552,Kuwait
5861,lDkfPc7w,KWT_S_009,2023,29.04815682105639,47.58279638005648,719.4146064497127,0.5758834146049749,305.1156663707579,1133.7135465286674,Kuwait
5862,lDkfPc7w,KWT_S_009,2024,29.04815682105639,47.58279638005648,368.9051817140382,0.5674479810385153,159.57068115576058,578.2396822723158,Kuwait
5863,lDkfPc7w,KWT_S_009,2025,29.04815682105639,47.58279638005648,1024.7692392757592,0.5553092922609991,455.7053582826949,1593.8331202688237,Kuwait
5864,lEak93fs,AZE_S_003,2022,40.24017730391017,49.582723555738944,,,,,Azerbaijan
5865,lEak93fs,AZE_S_003,2023,40.24017730391017,49.582723555738944,,,,,Azerbaijan
5866,lEak93fs,AZE_S_003,2024,40.24017730391017,49.582723555738944,868.6370272741106,0.674191655494086,283.0091918327164,1454.2648627155047,Azerbaijan
5867,lEak93fs,AZE_S_003,2025,40.24017730391017,49.582723555738944,524.3704657599434,0.7052008858704544,154.58394878172857,894.1569827381581,Azerbaijan
5868,lIxqGUnc,DZA_S_264,2022,31.731307318881537,5.9498309629474875,,,,,Algeria
5869,lIxqGUnc,DZA_S_264,2023,31.731307318881537,5.9498309629474875,,,,,Algeria
5870,lIxqGUnc,DZA_S_264,2024,31.731307318881537,5.9498309629474875,,,,,Algeria
5871,lIxqGUnc,DZA_S_264,2025,31.731307318881537,5.9498309629474875,206.85829193866124,0.9604729289618454,8.176502400290786,405.54008147703166,Algeria
5872,lJTyGBsZ,TKM_S_420,2022,39.459715993562696,53.75044895904659,,,,,Turkmenistan
5873,lJTyGBsZ,TKM_S_420,2023,39.459715993562696,53.75044895904659,,,,,Turkmenistan
5874,lJTyGBsZ,TKM_S_420,2024,39.459715993562696,53.75044895904659,,,,,Turkmenistan
5875,lJTyGBsZ,TKM_S_420,2025,39.459715993562696,53.75044895904659,760.5620889231565,0.5671966467110248,329.1738224704099,1191.950355375903,Turkmenistan
5876,lNWGDbJ5,USA_S_1145,2022,35.75580385630949,-98.608108736001,,,,,United States of America
5877,lNWGDbJ5,USA_S_1145,2023,35.75580385630949,-98.608108736001,,,,,United States of America
5878,lNWGDbJ5,USA_S_1145,2024,35.75580385630949,-98.608108736001,,,,,United States of America
5879,lNWGDbJ5,USA_S_1145,2025,35.75580385630949,-98.608108736001,1065.5013588641764,0.6669333970790677,354.8829180045284,1776.1197997238244,United States of America
5880,lOMW1KlF,TKM_S_378,2022,37.75458486442738,53.92211168037532,,,,,Turkmenistan
5881,lOMW1KlF,TKM_S_378,2023,37.75458486442738,53.92211168037532,,,,,Turkmenistan
5882,lOMW1KlF,TKM_S_378,2024,37.75458486442738,53.92211168037532,,,,,Turkmenistan
5883,lOMW1KlF,TKM_S_378,2025,37.75458486442738,53.92211168037532,260.4473891424273,0.9586954754809744,10.757655570749591,510.13712271410503,Turkmenistan
5884,lPiTIQf5,USA_S_073,2022,32.29814231641594,-101.83664803183436,,,,,United States of America
5885,lPiTIQf5,USA_S_073,2023,32.29814231641594,-101.83664803183436,3052.9586279536375,0.4835682296504576,1576.644829038007,4529.272426869268,United States of America
5886,lPiTIQf5,USA_S_073,2024,32.29814231641594,-101.83664803183436,2474.1832310383716,0.5103374947891984,1211.5147592608046,3736.8517028159386,United States of America
5887,lPiTIQf5,USA_S_073,2025,32.29814231641594,-101.83664803183436,823.4298026827629,0.7849083522251749,177.11287308593455,1469.7467322795912,United States of America
5888,lPndZ7IW,DZA_S_066,2022,32.18930981090154,3.6028588945827797,,,,,Algeria
5889,lPndZ7IW,DZA_S_066,2023,32.18930981090154,3.6028588945827797,326.1648168814679,0.9824583392718376,5.7214725591979345,646.6081612037378,Algeria
5890,lPndZ7IW,DZA_S_066,2024,32.18930981090154,3.6028588945827797,,,,,Algeria
5891,lPndZ7IW,DZA_S_066,2025,32.18930981090154,3.6028588945827797,,,,,Algeria
5892,lRX7GMb2,USA_S_359,2022,31.85095671826155,-103.63880449668086,,,,,United States of America
5893,lRX7GMb2,USA_S_359,2023,31.85095671826155,-103.63880449668086,213.81295085165175,0.9223473122384408,16.60315031186093,411.02275139144257,United States of America
5894,lRX7GMb2,USA_S_359,2024,31.85095671826155,-103.63880449668086,392.9802047691922,0.5607883034592727,172.60150244359934,613.3589070947851,United States of America
5895,lRX7GMb2,USA_S_359,2025,31.85095671826155,-103.63880449668086,,,,,United States of America
5896,lUv2xNJ7,,2022,27.2234538718858,95.15797731429532,,,,,India
5897,lUv2xNJ7,,2023,27.2234538718858,95.15797731429532,,,,,India
5898,lUv2xNJ7,,2024,27.2234538718858,95.15797731429532,,,,,India
5899,lUv2xNJ7,,2025,27.2234538718858,95.15797731429532,200.74929284470076,0.6236495495388403,75.5520867918624,325.94649889753913,India
5900,lZINuAIj,,2022,31.311845247903424,-103.22375337731552,,,,,United States of America
5901,lZINuAIj,,2023,31.311845247903424,-103.22375337731552,,,,,United States of America
5902,lZINuAIj,,2024,31.311845247903424,-103.22375337731552,,,,,United States of America
5903,lZINuAIj,,2025,31.311845247903424,-103.22375337731552,216.34048392910665,0.600163097539099,86.50090897110633,346.18005888710695,United States of America
5904,laOpO1AA,,2022,31.626933381673897,5.980419598587787,,,,,Algeria
5905,laOpO1AA,,2023,31.626933381673897,5.980419598587787,,,,,Algeria
5906,laOpO1AA,,2024,31.626933381673897,5.980419598587787,,,,,Algeria
5907,laOpO1AA,,2025,31.626933381673897,5.980419598587787,191.7751003533892,0.7312883475235028,51.5322041198053,332.01799658697314,Algeria
5908,laYJIkaE,,2022,18.0121589291592,-93.05697197948646,,,,,Mexico
5909,laYJIkaE,,2023,18.0121589291592,-93.05697197948646,,,,,Mexico
5910,laYJIkaE,,2024,18.0121589291592,-93.05697197948646,,,,,Mexico
5911,laYJIkaE,,2025,18.0121589291592,-93.05697197948646,247.83753333972305,0.6595636923554694,84.37289474590355,411.3021719335426,Mexico
5912,lb2Kw4oc,,2022,40.793410796714234,61.312859716066384,,,,,Turkmenistan
5913,lb2Kw4oc,,2023,40.793410796714234,61.312859716066384,,,,,Turkmenistan
5914,lb2Kw4oc,,2024,40.793410796714234,61.312859716066384,,,,,Turkmenistan
5915,lb2Kw4oc,,2025,40.793410796714234,61.312859716066384,234.56449484397052,0.661001823232289,79.51693608654517,389.61205360139587,Turkmenistan
5916,lcgxLAvU,TKM_S_258,2022,39.46444353518123,53.70893939391285,,,,,Turkmenistan
5917,lcgxLAvU,TKM_S_258,2023,39.46444353518123,53.70893939391285,,,,,Turkmenistan
5918,lcgxLAvU,TKM_S_258,2024,39.46444353518123,53.70893939391285,,,,,Turkmenistan
5919,lcgxLAvU,TKM_S_258,2025,39.46444353518123,53.70893939391285,273.32788882990377,0.701329194565068,81.6350607046569,465.02071695515065,Turkmenistan
5920,lgMIxhhk,DZA_S_191,2022,31.59664966626139,5.9252407788407915,,,,,Algeria
5921,lgMIxhhk,DZA_S_191,2023,31.59664966626139,5.9252407788407915,829.8945857025938,0.5957621020014598,335.47484288478586,1324.3143285204017,Algeria
5922,lgMIxhhk,DZA_S_191,2024,31.59664966626139,5.9252407788407915,,,,,Algeria
5923,lgMIxhhk,DZA_S_191,2025,31.59664966626139,5.9252407788407915,,,,,Algeria
5924,lhnWvre9,DZA_S_025,2022,28.59979707595082,7.261032209425186,,,,,Algeria
5925,lhnWvre9,DZA_S_025,2023,28.59979707595082,7.261032209425186,,,,,Algeria
5926,lhnWvre9,DZA_S_025,2024,28.59979707595082,7.261032209425186,,,,,Algeria
5927,lhnWvre9,DZA_S_025,2025,28.59979707595082,7.261032209425186,556.7169308004627,0.6696436371987393,183.91498036912202,929.5188812318033,Algeria
5928,liGuLQvg,IRQ_S_079,2022,30.365221581221608,47.634934224556446,,,,,Iraq
5929,liGuLQvg,IRQ_S_079,2023,30.365221581221608,47.634934224556446,116.85299194540433,0.8793621311197511,14.096895920574468,219.60908797023419,Iraq
5930,liGuLQvg,IRQ_S_079,2024,30.365221581221608,47.634934224556446,549.5635393407683,0.8118527594106902,103.39886345546012,995.7282152260766,Iraq
5931,liGuLQvg,IRQ_S_079,2025,30.365221581221608,47.634934224556446,,,,,Iraq
5932,lm3YWuBB,,2022,45.70418209705355,85.30334984281853,,,,,China
5933,lm3YWuBB,,2023,45.70418209705355,85.30334984281853,,,,,China
5934,lm3YWuBB,,2024,45.70418209705355,85.30334984281853,,,,,China
5935,lm3YWuBB,,2025,45.70418209705355,85.30334984281853,212.93135586896176,0.7977710057170395,43.060893948687294,382.8018177892362,China
5936,lo897FvC,USA_S_166,2022,31.844910135776853,-101.77246240543565,,,,,United States of America
5937,lo897FvC,USA_S_166,2023,31.844910135776853,-101.77246240543565,880.0397546118443,0.5354314705265261,408.83877467822134,1351.2407345454671,United States of America
5938,lo897FvC,USA_S_166,2024,31.844910135776853,-101.77246240543565,1958.5936186515523,0.6382112157665027,708.5972040994311,3208.5900332036736,United States of America
5939,lo897FvC,USA_S_166,2025,31.844910135776853,-101.77246240543565,516.5314735804515,0.7842131335720195,111.4607080953528,921.6022390655501,United States of America
5940,lqneml3e,,2022,40.47624604816036,61.18879274590769,,,,,Turkmenistan
5941,lqneml3e,,2023,40.47624604816036,61.18879274590769,,,,,Turkmenistan
5942,lqneml3e,,2024,40.47624604816036,61.18879274590769,,,,,Turkmenistan
5943,lqneml3e,,2025,40.47624604816036,61.18879274590769,242.9620642124675,0.7008548751168334,72.68091704071054,413.2432113842245,Turkmenistan
5944,lrPvcXZ8,TKM_S_147,2022,39.33310350810701,54.133454078317385,,,,,Turkmenistan
5945,lrPvcXZ8,TKM_S_147,2023,39.33310350810701,54.133454078317385,,,,,Turkmenistan
5946,lrPvcXZ8,TKM_S_147,2024,39.33310350810701,54.133454078317385,,,,,Turkmenistan
5947,lrPvcXZ8,TKM_S_147,2025,39.33310350810701,54.133454078317385,1452.754934114994,0.5042881981678066,720.1477660107531,2185.362102219235,Turkmenistan
5948,lw0w9vRy,CHN_S_291,2022,45.35706031240912,84.82591816365084,,,,,China
5949,lw0w9vRy,CHN_S_291,2023,45.35706031240912,84.82591816365084,,,,,China
5950,lw0w9vRy,CHN_S_291,2024,45.35706031240912,84.82591816365084,,,,,China
5951,lw0w9vRy,CHN_S_291,2025,45.35706031240912,84.82591816365084,587.8914908672671,0.7346671102517729,155.98694813020546,1019.7960336043286,China
5952,lxfJax9i,USA_S_150,2022,32.18990037582404,-102.00452455220504,,,,,United States of America
5953,lxfJax9i,USA_S_150,2023,32.18990037582404,-102.00452455220504,,,,,United States of America
5954,lxfJax9i,USA_S_150,2024,32.18990037582404,-102.00452455220504,2011.5740448230667,0.5129540007537134,979.729090718745,3043.418998927388,United States of America
5955,lxfJax9i,USA_S_150,2025,32.18990037582404,-102.00452455220504,2588.1116377380868,0.7538669749131796,637.0197466588804,4539.203528817293,United States of America
5956,lywmBDT0,USA_S_393,2022,32.74306194888933,-103.87808661689272,,,,,United States of America
5957,lywmBDT0,USA_S_393,2023,32.74306194888933,-103.87808661689272,,,,,United States of America
5958,lywmBDT0,USA_S_393,2024,32.74306194888933,-103.87808661689272,311.7967949101367,0.5078501683275922,153.45074013102004,470.1428496892534,United States of America
5959,lywmBDT0,USA_S_393,2025,32.74306194888933,-103.87808661689272,,,,,United States of America
5960,m4yVOjkm,DZA_S_364,2022,31.08221965670761,7.723774080092352,,,,,Algeria
5961,m4yVOjkm,DZA_S_364,2023,31.08221965670761,7.723774080092352,,,,,Algeria
5962,m4yVOjkm,DZA_S_364,2024,31.08221965670761,7.723774080092352,,,,,Algeria
5963,m4yVOjkm,DZA_S_364,2025,31.08221965670761,7.723774080092352,1566.0146182387705,0.6973417999791861,473.96716556242836,2658.0620709151126,Algeria
5964,m8A6xwNo,,2022,28.065836282785735,9.827328339094322,,,,,Libya
5965,m8A6xwNo,,2023,28.065836282785735,9.827328339094322,,,,,Libya
5966,m8A6xwNo,,2024,28.065836282785735,9.827328339094322,,,,,Libya
5967,m8A6xwNo,,2025,28.065836282785735,9.827328339094322,349.6891181925231,0.7126672967575601,100.47711962472272,598.9011167603235,Libya
5968,mB2Q2cnO,,2022,31.719825624724884,-102.08521639860275,,,,,United States of America
5969,mB2Q2cnO,,2023,31.719825624724884,-102.08521639860275,,,,,United States of America
5970,mB2Q2cnO,,2024,31.719825624724884,-102.08521639860275,,,,,United States of America
5971,mB2Q2cnO,,2025,31.719825624724884,-102.08521639860275,181.52568714476445,0.8334462469100773,30.23378447618765,332.8175898133412,United States of America
5972,mBKsP6vU,,2022,45.58219775340691,85.13521980062797,,,,,China
5973,mBKsP6vU,,2023,45.58219775340691,85.13521980062797,,,,,China
5974,mBKsP6vU,,2024,45.58219775340691,85.13521980062797,,,,,China
5975,mBKsP6vU,,2025,45.58219775340691,85.13521980062797,145.6217846865909,0.8232586889978589,25.737385135979594,265.5061842372022,China
5976,mDGJ7s72,TKM_S_110,2022,40.01104192871835,60.94157895517315,,,,,Turkmenistan
5977,mDGJ7s72,TKM_S_110,2023,40.01104192871835,60.94157895517315,1285.7689886543064,0.5212804396964298,615.5227649005558,1956.015212408057,Turkmenistan
5978,mDGJ7s72,TKM_S_110,2024,40.01104192871835,60.94157895517315,1067.04459995127,0.6047661682442781,421.7321258929918,1712.357074009548,Turkmenistan
5979,mDGJ7s72,TKM_S_110,2025,40.01104192871835,60.94157895517315,1019.48792908303,0.6230217379894503,384.3247876464552,1654.651070519605,Turkmenistan
5980,mFwk2ddP,,2022,31.69651995109506,-103.74032893678304,,,,,United States of America
5981,mFwk2ddP,,2023,31.69651995109506,-103.74032893678304,,,,,United States of America
5982,mFwk2ddP,,2024,31.69651995109506,-103.74032893678304,,,,,United States of America
5983,mFwk2ddP,,2025,31.69651995109506,-103.74032893678304,245.58854127336187,0.7093298966428319,71.38524667526426,419.7918358714595,United States of America
5984,mHbF59bd,KAZ_S_069,2022,43.447060368459134,52.79172688148653,,,,,Kazakhstan
5985,mHbF59bd,KAZ_S_069,2023,43.447060368459134,52.79172688148653,,,,,Kazakhstan
5986,mHbF59bd,KAZ_S_069,2024,43.447060368459134,52.79172688148653,,,,,Kazakhstan
5987,mHbF59bd,KAZ_S_069,2025,43.447060368459134,52.79172688148653,379.76462391125455,0.6714861111641838,124.75795344335742,634.7712943791516,Kazakhstan
5988,mLcQXKq3,DZA_S_005,2022,27.74353054507323,9.918151350499754,82.320881388918,0.8644967134220785,11.154749982189642,153.48701279564636,Libya
5989,mLcQXKq3,DZA_S_005,2023,27.74353054507323,9.918151350499754,553.8049506170416,0.5162838601992787,267.88439291500447,839.7255083190788,Libya
5990,mLcQXKq3,DZA_S_005,2024,27.74353054507323,9.918151350499754,968.1346355507884,0.4751760830596729,508.10021155536083,1428.169059546216,Libya
5991,mLcQXKq3,DZA_S_005,2025,27.74353054507323,9.918151350499754,259.4527775177695,0.6918121692408074,79.96018868764881,438.9453663478902,Libya
5992,mMjtLLS0,TKM_S_349,2022,39.35279154825403,53.7261824065246,,,,,Turkmenistan
5993,mMjtLLS0,TKM_S_349,2023,39.35279154825403,53.7261824065246,,,,,Turkmenistan
5994,mMjtLLS0,TKM_S_349,2024,39.35279154825403,53.7261824065246,,,,,Turkmenistan
5995,mMjtLLS0,TKM_S_349,2025,39.35279154825403,53.7261824065246,97.19018515219358,0.9154405154459814,8.21835196017912,186.16201834420804,Turkmenistan
5996,mPfytW9K,VEN_S_021,2022,9.197566486991084,-63.70825947248186,,,,,Venezuela
5997,mPfytW9K,VEN_S_021,2023,9.197566486991084,-63.70825947248186,,,,,Venezuela
5998,mPfytW9K,VEN_S_021,2024,9.197566486991084,-63.70825947248186,801.5991986861235,0.6426424530252841,286.457523299371,1316.740874072876,Venezuela
5999,mPfytW9K,VEN_S_021,2025,9.197566486991084,-63.70825947248186,131.54781814209977,0.8664655995809893,17.56615902203434,245.5294772621652,Venezuela
6000,mRwslQZO,USA_S_117,2022,31.01149708307742,-103.248557257042,,,,,United States of America
6001,mRwslQZO,USA_S_117,2023,31.01149708307742,-103.248557257042,,,,,United States of America
6002,mRwslQZO,USA_S_117,2024,31.01149708307742,-103.248557257042,1116.1660480906369,0.5875004594021629,460.41798206829105,1771.9141141129826,United States of America
6003,mRwslQZO,USA_S_117,2025,31.01149708307742,-103.248557257042,,,,,United States of America
6004,mTODCJ8N,,2022,31.914258699073137,-101.79672651482356,,,,,United States of America
6005,mTODCJ8N,,2023,31.914258699073137,-101.79672651482356,,,,,United States of America
6006,mTODCJ8N,,2024,31.914258699073137,-101.79672651482356,,,,,United States of America
6007,mTODCJ8N,,2025,31.914258699073137,-101.79672651482356,280.79659470094043,0.7473572027121845,70.94123715413858,490.6519522477423,United States of America
6008,mWorpuip,USA_S_022,2022,32.21078146270713,-103.5941937647609,,,,,United States of America
6009,mWorpuip,USA_S_022,2023,32.21078146270713,-103.5941937647609,,,,,United States of America
6010,mWorpuip,USA_S_022,2024,32.21078146270713,-103.5941937647609,51.521613908313405,0.9256348171984582,3.8314142365221855,99.21181358010463,United States of America
6011,mWorpuip,USA_S_022,2025,32.21078146270713,-103.5941937647609,,,,,United States of America
6012,mXXe0ai1,CHN_S_841,2022,45.57431957342994,85.24409830698264,,,,,China
6013,mXXe0ai1,CHN_S_841,2023,45.57431957342994,85.24409830698264,377.79147613512384,0.8963658146075977,39.152111877456775,716.430840392791,China
6014,mXXe0ai1,CHN_S_841,2024,45.57431957342994,85.24409830698264,425.0721664312392,0.8969924908239937,43.78562508413074,806.3587077783477,China
6015,mXXe0ai1,CHN_S_841,2025,45.57431957342994,85.24409830698264,170.8805998007175,0.7958094058669677,34.89221119911744,306.86898840231754,China
6016,maOZrBcd,LBY_S_036,2022,28.83885506823748,22.053947093866427,,,,,Libya
6017,maOZrBcd,LBY_S_036,2023,28.83885506823748,22.053947093866427,579.0472853949612,0.7183577139160056,163.08420120936808,995.0103695805544,Libya
6018,maOZrBcd,LBY_S_036,2024,28.83885506823748,22.053947093866427,,,,,Libya
6019,maOZrBcd,LBY_S_036,2025,28.83885506823748,22.053947093866427,,,,,Libya
6020,mdt9fqrV,VEN_S_024,2022,9.366790172511594,-64.5126614192639,,,,,Venezuela
6021,mdt9fqrV,VEN_S_024,2023,9.366790172511594,-64.5126614192639,,,,,Venezuela
6022,mdt9fqrV,VEN_S_024,2024,9.366790172511594,-64.5126614192639,943.3108743771048,0.6554368406180677,325.0301751547082,1561.5915735995013,Venezuela
6023,mdt9fqrV,VEN_S_024,2025,9.366790172511594,-64.5126614192639,123.62613535490637,0.6986835850212908,37.250583902813034,210.00168680699971,Venezuela
6024,mmWetqfS,,2022,32.077881496390724,-103.53111690622087,,,,,United States of America
6025,mmWetqfS,,2023,32.077881496390724,-103.53111690622087,,,,,United States of America
6026,mmWetqfS,,2024,32.077881496390724,-103.53111690622087,,,,,United States of America
6027,mmWetqfS,,2025,32.077881496390724,-103.53111690622087,331.3234397781346,0.6660966361123232,110.63001107675527,552.016868479514,United States of America
6028,mmwfnnIR,CHN_S_024,2022,45.494514499055256,85.14776485605547,,,,,China
6029,mmwfnnIR,CHN_S_024,2023,45.494514499055256,85.14776485605547,,,,,China
6030,mmwfnnIR,CHN_S_024,2024,45.494514499055256,85.14776485605547,288.51293641921603,0.7049582099295173,85.12337321961687,491.9024996188152,China
6031,mmwfnnIR,CHN_S_024,2025,45.494514499055256,85.14776485605547,248.40636477881696,0.6295617622006663,92.01921602680343,404.7935135308305,China
6032,mnEPzsK5,LBY_S_129,2022,28.68039693915697,21.460253939411395,,,,,Libya
6033,mnEPzsK5,LBY_S_129,2023,28.68039693915697,21.460253939411395,,,,,Libya
6034,mnEPzsK5,LBY_S_129,2024,28.68039693915697,21.460253939411395,,,,,Libya
6035,mnEPzsK5,LBY_S_129,2025,28.68039693915697,21.460253939411395,42.41209182652153,0.9266626525456096,3.1103903145491216,81.71379333849394,Libya
6036,mpLIOBGa,USA_S_370,2022,32.337567194027855,-101.7059480681584,,,,,United States of America
6037,mpLIOBGa,USA_S_370,2023,32.337567194027855,-101.7059480681584,611.0005119907572,0.505988886300543,301.84104339949243,920.159980582022,United States of America
6038,mpLIOBGa,USA_S_370,2024,32.337567194027855,-101.7059480681584,,,,,United States of America
6039,mpLIOBGa,USA_S_370,2025,32.337567194027855,-101.7059480681584,449.81497882141406,0.6381979872938982,162.74396468294015,736.885992959888,United States of America
6040,mtAfEPmv,USA_S_074,2022,32.200696693826906,-101.99475549526407,,,,,United States of America
6041,mtAfEPmv,USA_S_074,2023,32.200696693826906,-101.99475549526407,772.8679829694014,0.6356154947380324,281.62111760712014,1264.1148483316827,United States of America
6042,mtAfEPmv,USA_S_074,2024,32.200696693826906,-101.99475549526407,588.1407380073608,0.5243420583773886,279.75381282498483,896.5276631897368,United States of America
6043,mtAfEPmv,USA_S_074,2025,32.200696693826906,-101.99475549526407,636.2152259358749,0.699016036285933,191.49058047742028,1080.9398713943294,United States of America
6044,mvlqqTub,TKM_S_178,2022,37.73790474301704,53.93001437854715,,,,,Turkmenistan
6045,mvlqqTub,TKM_S_178,2023,37.73790474301704,53.93001437854715,,,,,Turkmenistan
6046,mvlqqTub,TKM_S_178,2024,37.73790474301704,53.93001437854715,,,,,Turkmenistan
6047,mvlqqTub,TKM_S_178,2025,37.73790474301704,53.93001437854715,1128.6862821788272,0.4915786230287171,573.8482337539573,1683.5243306036973,Turkmenistan
6048,mwycFeyr,USA_S_103,2022,32.32427870868917,-101.81461822216409,,,,,United States of America
6049,mwycFeyr,USA_S_103,2023,32.32427870868917,-101.81461822216409,,,,,United States of America
6050,mwycFeyr,USA_S_103,2024,32.32427870868917,-101.81461822216409,953.1550061347924,0.552058039017994,426.95812256783483,1479.35188970175,United States of America
6051,mwycFeyr,USA_S_103,2025,32.32427870868917,-101.81461822216409,491.16406566675073,0.6015849221383031,195.68716946548614,786.6409618680153,United States of America
6052,myTN88Qx,SYR_S_019,2022,36.14209153856871,41.08912254439343,,,,,Syria
6053,myTN88Qx,SYR_S_019,2023,36.14209153856871,41.08912254439343,1241.4142875314728,0.5336040639534606,578.990578654789,1903.8379964081566,Syria
6054,myTN88Qx,SYR_S_019,2024,36.14209153856871,41.08912254439343,1739.3865996519553,0.4539757032826103,949.7473447946109,2529.0258545092997,Syria
6055,myTN88Qx,SYR_S_019,2025,36.14209153856871,41.08912254439343,236.2999667659089,0.8072162018163229,45.554805103808576,427.0451284280092,Syria
6056,mz7RrCvU,YEM_S_014,2022,15.58777673821234,46.03906039488661,1382.1448213425326,0.5331478775606554,645.2572433623101,2119.0323993227553,Yemen
6057,mz7RrCvU,YEM_S_014,2023,15.58777673821234,46.03906039488661,1586.5810689106158,0.5123872593078124,773.637143341846,2399.524994479386,Yemen
6058,mz7RrCvU,YEM_S_014,2024,15.58777673821234,46.03906039488661,1628.2102137004952,0.3762121383311135,1015.6577675516726,2240.762659849318,Yemen
6059,mz7RrCvU,YEM_S_014,2025,15.58777673821234,46.03906039488661,1654.7173515100224,0.4632584661298266,888.1555293710803,2421.2791736489644,Yemen
6060,n2Z7ypHI,USA_S_388,2022,31.997433659916087,-103.91224163621732,,,,,United States of America
6061,n2Z7ypHI,USA_S_388,2023,31.997433659916087,-103.91224163621732,,,,,United States of America
6062,n2Z7ypHI,USA_S_388,2024,31.997433659916087,-103.91224163621732,1580.830431317146,0.468552363497273,840.1285964350838,2321.532266199208,United States of America
6063,n2Z7ypHI,USA_S_388,2025,31.997433659916087,-103.91224163621732,,,,,United States of America
6064,n3rM3Ook,,2022,38.423415268455685,54.02577943229465,,,,,Turkmenistan
6065,n3rM3Ook,,2023,38.423415268455685,54.02577943229465,,,,,Turkmenistan
6066,n3rM3Ook,,2024,38.423415268455685,54.02577943229465,,,,,Turkmenistan
6067,n3rM3Ook,,2025,38.423415268455685,54.02577943229465,211.75122026948085,0.8133261812364084,39.52840891555442,383.9740316234073,Turkmenistan
6068,n4zvIPD7,DZA_S_284,2022,28.127213853817594,9.353080160439385,,,,,Algeria
6069,n4zvIPD7,DZA_S_284,2023,28.127213853817594,9.353080160439385,,,,,Algeria
6070,n4zvIPD7,DZA_S_284,2024,28.127213853817594,9.353080160439385,,,,,Algeria
6071,n4zvIPD7,DZA_S_284,2025,28.127213853817594,9.353080160439385,1049.9779531540291,0.6665933820973042,350.06959823347995,1749.8863080745782,Algeria
6072,nBBPMM5H,VEN_S_062,2022,9.474876187283344,-64.40279787518082,,,,,Venezuela
6073,nBBPMM5H,VEN_S_062,2023,9.474876187283344,-64.40279787518082,,,,,Venezuela
6074,nBBPMM5H,VEN_S_062,2024,9.474876187283344,-64.40279787518082,,,,,Venezuela
6075,nBBPMM5H,VEN_S_062,2025,9.474876187283344,-64.40279787518082,821.7805634305547,0.4857024785520101,422.63970694646696,1220.9214199146425,Venezuela
6076,nBRdVNOL,TKM_S_445,2022,40.07888404844112,61.95392214525007,,,,,Turkmenistan
6077,nBRdVNOL,TKM_S_445,2023,40.07888404844112,61.95392214525007,,,,,Turkmenistan
6078,nBRdVNOL,TKM_S_445,2024,40.07888404844112,61.95392214525007,,,,,Turkmenistan
6079,nBRdVNOL,TKM_S_445,2025,40.07888404844112,61.95392214525007,195.36656226639303,0.87658362834098,24.111432258414226,366.62169227437187,Turkmenistan
6080,nBS0xXrK,USA_S_189,2022,31.62167916337819,-103.77233005066878,,,,,United States of America
6081,nBS0xXrK,USA_S_189,2023,31.62167916337819,-103.77233005066878,,,,,United States of America
6082,nBS0xXrK,USA_S_189,2024,31.62167916337819,-103.77233005066878,,,,,United States of America
6083,nBS0xXrK,USA_S_189,2025,31.62167916337819,-103.77233005066878,846.9862833996117,0.5787083809297341,356.8282226637295,1337.1443441354938,United States of America
6084,nCvxuaFG,USA_S_024,2022,31.973468522947023,-103.8659435267354,,,,,United States of America
6085,nCvxuaFG,USA_S_024,2023,31.973468522947023,-103.8659435267354,93.14819638061162,0.8875616431568099,10.473430143942764,175.8229626172805,United States of America
6086,nCvxuaFG,USA_S_024,2024,31.973468522947023,-103.8659435267354,2245.536323758903,0.6304344987234181,829.8727571247321,3661.1998903930744,United States of America
6087,nCvxuaFG,USA_S_024,2025,31.973468522947023,-103.8659435267354,,,,,United States of America
6088,nHiuI6DY,USA_S_301,2022,31.64626523077756,-102.012761680062,,,,,United States of America
6089,nHiuI6DY,USA_S_301,2023,31.64626523077756,-102.012761680062,,,,,United States of America
6090,nHiuI6DY,USA_S_301,2024,31.64626523077756,-102.012761680062,24.38782529708635,0.9137796783976948,2.102726140295619,46.67292445387709,United States of America
6091,nHiuI6DY,USA_S_301,2025,31.64626523077756,-102.012761680062,,,,,United States of America
6092,nITk7HLC,ARG_S_047,2022,-23.865349072600985,-63.99364563106661,,,,,Argentina
6093,nITk7HLC,ARG_S_047,2023,-23.865349072600985,-63.99364563106661,,,,,Argentina
6094,nITk7HLC,ARG_S_047,2024,-23.865349072600985,-63.99364563106661,484.4492614910549,0.5851611362187755,200.96838119660254,767.9301417855073,Argentina
6095,nITk7HLC,ARG_S_047,2025,-23.865349072600985,-63.99364563106661,167.26012186311362,0.6526182299601402,58.103117189891066,276.4171265363362,Argentina
6096,nJEYAUEp,MEX_S_087,2022,18.001617679738413,-93.09138771149348,,,,,Mexico
6097,nJEYAUEp,MEX_S_087,2023,18.001617679738413,-93.09138771149348,,,,,Mexico
6098,nJEYAUEp,MEX_S_087,2024,18.001617679738413,-93.09138771149348,,,,,Mexico
6099,nJEYAUEp,MEX_S_087,2025,18.001617679738413,-93.09138771149348,388.12582477393227,0.5073075925173027,191.2266470140762,585.0250025337883,Mexico
6100,nKT7A426,NGA_S_006,2022,5.386025345483199,6.657402303639693,,,,,Nigeria
6101,nKT7A426,NGA_S_006,2023,5.386025345483199,6.657402303639693,,,,,Nigeria
6102,nKT7A426,NGA_S_006,2024,5.386025345483199,6.657402303639693,912.762399973623,0.5740325321176887,388.80708829494563,1436.7177116523003,Nigeria
6103,nKT7A426,NGA_S_006,2025,5.386025345483199,6.657402303639693,624.1258570809653,0.5402241050326311,286.95802451167697,961.2936896502536,Nigeria
6104,nM3UB4EF,,2022,40.791901682104346,61.30791752017121,,,,,Turkmenistan
6105,nM3UB4EF,,2023,40.791901682104346,61.30791752017121,,,,,Turkmenistan
6106,nM3UB4EF,,2024,40.791901682104346,61.30791752017121,,,,,Turkmenistan
6107,nM3UB4EF,,2025,40.791901682104346,61.30791752017121,264.5801769257751,0.6664255384122352,88.257190064811,440.90316378673924,Turkmenistan
6108,nNxCfSw2,USA_S_066,2022,31.967536710116693,-106.39714132722509,,,,,United States of America
6109,nNxCfSw2,USA_S_066,2023,31.967536710116693,-106.39714132722509,,,,,United States of America
6110,nNxCfSw2,USA_S_066,2024,31.967536710116693,-106.39714132722509,781.7125571669619,0.5769113540601234,330.7337073259683,1232.6914070079556,United States of America
6111,nNxCfSw2,USA_S_066,2025,31.967536710116693,-106.39714132722509,,,,,United States of America
6112,nVnvrY5x,USA_S_426,2022,31.416065716435412,-103.14648717803205,,,,,United States of America
6113,nVnvrY5x,USA_S_426,2023,31.416065716435412,-103.14648717803205,,,,,United States of America
6114,nVnvrY5x,USA_S_426,2024,31.416065716435412,-103.14648717803205,,,,,United States of America
6115,nVnvrY5x,USA_S_426,2025,31.416065716435412,-103.14648717803205,676.3048526857658,0.6845886017973292,213.3142591968687,1139.2954461746629,United States of America
6116,nYHPhbUp,,2022,37.908325241653735,53.91955629831234,,,,,Turkmenistan
6117,nYHPhbUp,,2023,37.908325241653735,53.91955629831234,,,,,Turkmenistan
6118,nYHPhbUp,,2024,37.908325241653735,53.91955629831234,,,,,Turkmenistan
6119,nYHPhbUp,,2025,37.908325241653735,53.91955629831234,695.1301015883058,0.516833870285435,335.8633208325141,1054.3968823440975,Turkmenistan
6120,na2woArG,,2022,32.4279121242908,-104.14097356900756,,,,,United States of America
6121,na2woArG,,2023,32.4279121242908,-104.14097356900756,,,,,United States of America
6122,na2woArG,,2024,32.4279121242908,-104.14097356900756,,,,,United States of America
6123,na2woArG,,2025,32.4279121242908,-104.14097356900756,271.04497688924374,0.7355986265871804,71.66466414616198,470.42528963232553,United States of America
6124,nblR4PcM,TKM_S_155,2022,38.500954577234296,54.20215008423104,2536.387698053706,0.3955858931790343,1533.028505070816,3539.746891036596,Turkmenistan
6125,nblR4PcM,TKM_S_155,2023,38.500954577234296,54.20215008423104,1242.0350856943862,0.6269766067573368,463.3081421921619,2020.7620291966105,Turkmenistan
6126,nblR4PcM,TKM_S_155,2024,38.500954577234296,54.20215008423104,2422.563561550202,0.4967337284416493,1219.1945312344892,3625.9325918659147,Turkmenistan
6127,nblR4PcM,TKM_S_155,2025,38.500954577234296,54.20215008423104,2858.6815135667052,0.4166196808984695,1667.6985335941906,4049.6644935392196,Turkmenistan
6128,nepDQ9lb,USA_S_336,2022,32.32161454584415,-103.78846067227134,,,,,United States of America
6129,nepDQ9lb,USA_S_336,2023,32.32161454584415,-103.78846067227134,471.39110720587627,0.6371796426120644,171.03028998593072,771.7519244258218,United States of America
6130,nepDQ9lb,USA_S_336,2024,32.32161454584415,-103.78846067227134,161.6788847894736,0.9247130958627852,12.172302700156905,311.1854668787903,United States of America
6131,nepDQ9lb,USA_S_336,2025,32.32161454584415,-103.78846067227134,,,,,United States of America
6132,nfkqbq0h,IRN_S_136,2022,30.413884897088497,50.5789510130538,,,,,Iran
6133,nfkqbq0h,IRN_S_136,2023,30.413884897088497,50.5789510130538,,,,,Iran
6134,nfkqbq0h,IRN_S_136,2024,30.413884897088497,50.5789510130538,,,,,Iran
6135,nfkqbq0h,IRN_S_136,2025,30.413884897088497,50.5789510130538,1276.7786022166288,0.6124734386591827,494.78562131054537,2058.7715831227124,Iran
6136,ngvWzCHT,,2022,35.60408856663244,-98.21756889199636,,,,,United States of America
6137,ngvWzCHT,,2023,35.60408856663244,-98.21756889199636,,,,,United States of America
6138,ngvWzCHT,,2024,35.60408856663244,-98.21756889199636,,,,,United States of America
6139,ngvWzCHT,,2025,35.60408856663244,-98.21756889199636,219.0837360389461,0.7629626642507805,51.93102509665704,386.2364469812352,United States of America
6140,njR2rZcO,TKM_S_023,2022,38.36053364787135,54.03175243462036,254.63280037987911,0.717907351789751,71.83004098035181,437.4355597794064,Turkmenistan
6141,njR2rZcO,TKM_S_023,2023,38.36053364787135,54.03175243462036,2300.0015540404775,0.4670409736858612,1225.8065887624189,3374.196519318536,Turkmenistan
6142,njR2rZcO,TKM_S_023,2024,38.36053364787135,54.03175243462036,624.6379821212967,0.4937324001533241,316.23397198161973,933.0419922609735,Turkmenistan
6143,njR2rZcO,TKM_S_023,2025,38.36053364787135,54.03175243462036,,,,,Turkmenistan
6144,nk3VvdoL,LBY_S_086,2022,28.285631377309414,19.922197247925215,,,,,Libya
6145,nk3VvdoL,LBY_S_086,2023,28.285631377309414,19.922197247925215,1784.6093179488814,0.8565081411016905,256.0769084397293,3313.1417274580335,Libya
6146,nk3VvdoL,LBY_S_086,2024,28.285631377309414,19.922197247925215,443.88524663082035,0.6303045561589243,164.10235326768645,723.6681399939542,Libya
6147,nk3VvdoL,LBY_S_086,2025,28.285631377309414,19.922197247925215,375.425593980782,0.5977197373284068,151.0263065602279,599.8248814013361,Libya
6148,nlJkLnm3,CHN_S_023,2022,40.85852334476037,83.44768196737336,,,,,China
6149,nlJkLnm3,CHN_S_023,2023,40.85852334476037,83.44768196737336,613.1698630598354,0.4744230995682363,322.2679160651573,904.0718100545134,China
6150,nlJkLnm3,CHN_S_023,2024,40.85852334476037,83.44768196737336,,,,,China
6151,nlJkLnm3,CHN_S_023,2025,40.85852334476037,83.44768196737336,,,,,China
6152,nmquIKQX,,2022,39.445227371385826,53.601968423549785,,,,,Turkmenistan
6153,nmquIKQX,,2023,39.445227371385826,53.601968423549785,,,,,Turkmenistan
6154,nmquIKQX,,2024,39.445227371385826,53.601968423549785,,,,,Turkmenistan
6155,nmquIKQX,,2025,39.445227371385826,53.601968423549785,264.6908343030656,0.7340139163386832,70.40407839731895,458.97759020881233,Turkmenistan
6156,nmucl8n7,DZA_S_215,2022,32.94496731760179,3.201726193392102,,,,,Algeria
6157,nmucl8n7,DZA_S_215,2023,32.94496731760179,3.201726193392102,,,,,Algeria
6158,nmucl8n7,DZA_S_215,2024,32.94496731760179,3.201726193392102,,,,,Algeria
6159,nmucl8n7,DZA_S_215,2025,32.94496731760179,3.201726193392102,1205.9874684793172,0.6571256119075338,413.50221530202816,1998.4727216566062,Algeria
6160,no3RPp31,DZA_S_106,2022,31.780961930852637,5.843156588468814,,,,,Algeria
6161,no3RPp31,DZA_S_106,2023,31.780961930852637,5.843156588468814,,,,,Algeria
6162,no3RPp31,DZA_S_106,2024,31.780961930852637,5.843156588468814,75.70241270308702,0.8390806351034317,12.181984173318668,139.2228412328554,Algeria
6163,no3RPp31,DZA_S_106,2025,31.780961930852637,5.843156588468814,473.2120948750571,0.5180145898267774,228.08132564728433,718.3428641028299,Algeria
6164,nq8ms9Re,,2022,45.466333193338976,85.12413977589993,,,,,China
6165,nq8ms9Re,,2023,45.466333193338976,85.12413977589993,,,,,China
6166,nq8ms9Re,,2024,45.466333193338976,85.12413977589993,,,,,China
6167,nq8ms9Re,,2025,45.466333193338976,85.12413977589993,330.8246818027631,0.6465391954495517,116.93355819515068,544.7158054103755,China
6168,ntELOdvw,PAK_S_008,2022,28.056694173805145,69.3651353547238,,,,,Pakistan
6169,ntELOdvw,PAK_S_008,2023,28.056694173805145,69.3651353547238,684.4932091634173,0.5866929166494095,282.9058918526177,1086.0805264742169,Pakistan
6170,ntELOdvw,PAK_S_008,2024,28.056694173805145,69.3651353547238,1235.001441213915,0.471141282637322,653.1412781414499,1816.8616042863803,Pakistan
6171,ntELOdvw,PAK_S_008,2025,28.056694173805145,69.3651353547238,613.82700709763,0.7338936734369224,163.34325000395853,1064.3107641913016,Pakistan
6172,nuGX2tKn,IRN_S_010,2022,28.99305350247012,51.93592624598384,,,,,Iran
6173,nuGX2tKn,IRN_S_010,2023,28.99305350247012,51.93592624598384,1070.8600301796723,0.5067493513171113,528.2024045347011,1613.5176558246435,Iran
6174,nuGX2tKn,IRN_S_010,2024,28.99305350247012,51.93592624598384,1939.0299335640495,0.6231515213391388,730.7204805414829,3147.3393865866165,Iran
6175,nuGX2tKn,IRN_S_010,2025,28.99305350247012,51.93592624598384,362.45848270405475,0.5941561948884211,147.10152981558298,577.8154355925265,Iran
6176,o0JUvajt,ARG_S_046,2022,-46.20207958876459,-69.25935263434725,,,,,Argentina
6177,o0JUvajt,ARG_S_046,2023,-46.20207958876459,-69.25935263434725,,,,,Argentina
6178,o0JUvajt,ARG_S_046,2024,-46.20207958876459,-69.25935263434725,,,,,Argentina
6179,o0JUvajt,ARG_S_046,2025,-46.20207958876459,-69.25935263434725,147.44268208678443,0.5563412523615687,65.41423568307414,229.47112849049472,Argentina
6180,o0jI8ZWZ,DZA_S_218,2022,28.63588306619798,7.537624766902564,,,,,Algeria
6181,o0jI8ZWZ,DZA_S_218,2023,28.63588306619798,7.537624766902564,,,,,Algeria
6182,o0jI8ZWZ,DZA_S_218,2024,28.63588306619798,7.537624766902564,,,,,Algeria
6183,o0jI8ZWZ,DZA_S_218,2025,28.63588306619798,7.537624766902564,290.43686443197515,0.6811187944396485,92.6148574692366,488.2588713947137,Algeria
6184,o3W8lBN0,,2022,54.573047922382635,86.05966063976143,,,,,Russia
6185,o3W8lBN0,,2023,54.573047922382635,86.05966063976143,,,,,Russia
6186,o3W8lBN0,,2024,54.573047922382635,86.05966063976143,,,,,Russia
6187,o3W8lBN0,,2025,54.573047922382635,86.05966063976143,392.2996112056489,0.6596340945814182,133.52541236336828,651.0738100479296,Russia
6188,o5dO2F3A,USA_S_001,2022,31.723571698564637,-103.97307180035342,,,,,United States of America
6189,o5dO2F3A,USA_S_001,2023,31.723571698564637,-103.97307180035342,130.87651148356187,0.9259286588356802,9.694198732494925,252.05882423462882,United States of America
6190,o5dO2F3A,USA_S_001,2024,31.723571698564637,-103.97307180035342,,,,,United States of America
6191,o5dO2F3A,USA_S_001,2025,31.723571698564637,-103.97307180035342,,,,,United States of America
6192,o8VFZ5St,MOZ_S_001,2022,-21.31129132375448,34.86419507147353,,,,,Mozambique
6193,o8VFZ5St,MOZ_S_001,2023,-21.31129132375448,34.86419507147353,116.09751136087326,0.9054972043515228,10.971539391433367,221.22348333031314,Mozambique
6194,o8VFZ5St,MOZ_S_001,2024,-21.31129132375448,34.86419507147353,,,,,Mozambique
6195,o8VFZ5St,MOZ_S_001,2025,-21.31129132375448,34.86419507147353,106.43188566581912,0.9109402910016838,9.478792765539907,203.38497856609834,Mozambique
6196,o8pCKQ0X,,2022,31.90283046648323,-103.71629639424326,,,,,United States of America
6197,o8pCKQ0X,,2023,31.90283046648323,-103.71629639424326,,,,,United States of America
6198,o8pCKQ0X,,2024,31.90283046648323,-103.71629639424326,,,,,United States of America
6199,o8pCKQ0X,,2025,31.90283046648323,-103.71629639424326,187.11440815792616,0.7415317962942068,48.36312496405179,325.86569135180054,United States of America
6200,oAM4ZuQl,USA_S_242,2022,31.97788292344081,-104.18970185957455,,,,,United States of America
6201,oAM4ZuQl,USA_S_242,2023,31.97788292344081,-104.18970185957455,,,,,United States of America
6202,oAM4ZuQl,USA_S_242,2024,31.97788292344081,-104.18970185957455,,,,,United States of America
6203,oAM4ZuQl,USA_S_242,2025,31.97788292344081,-104.18970185957455,223.6744724739243,0.7175571367776269,63.17525843528907,384.1736865125596,United States of America
6204,oArezDQH,,2022,27.318676172883563,95.26112754892928,,,,,India
6205,oArezDQH,,2023,27.318676172883563,95.26112754892928,,,,,India
6206,oArezDQH,,2024,27.318676172883563,95.26112754892928,,,,,India
6207,oArezDQH,,2025,27.318676172883563,95.26112754892928,132.10373056336235,0.8402224514980388,21.10721021737764,243.10025090934704,India
6208,oC26PNta,,2022,41.8546559734819,-75.58052122323258,,,,,United States of America
6209,oC26PNta,,2023,41.8546559734819,-75.58052122323258,,,,,United States of America
6210,oC26PNta,,2024,41.8546559734819,-75.58052122323258,,,,,United States of America
6211,oC26PNta,,2025,41.8546559734819,-75.58052122323258,216.78172117001537,0.7293918300795976,58.66290483801282,374.9005375020179,United States of America
6212,oCFfGdiS,DZA_S_063,2022,32.56551276645675,3.1799087326340874,,,,,Algeria
6213,oCFfGdiS,DZA_S_063,2023,32.56551276645675,3.1799087326340874,1369.5432098825488,0.5133434851943536,666.4971253971792,2072.5892943679182,Algeria
6214,oCFfGdiS,DZA_S_063,2024,32.56551276645675,3.1799087326340874,,,,,Algeria
6215,oCFfGdiS,DZA_S_063,2025,32.56551276645675,3.1799087326340874,,,,,Algeria
6216,oDJxYPP2,DZA_S_070,2022,31.782621050630823,6.2138405517060376,,,,,Algeria
6217,oDJxYPP2,DZA_S_070,2023,31.782621050630823,6.2138405517060376,375.08358149387936,0.7340582971495999,99.75036637370908,650.4167966140496,Algeria
6218,oDJxYPP2,DZA_S_070,2024,31.782621050630823,6.2138405517060376,813.6812655114577,0.670271669254262,268.29376543617263,1359.0687655867428,Algeria
6219,oDJxYPP2,DZA_S_070,2025,31.782621050630823,6.2138405517060376,,,,,Algeria
6220,oHXivSEn,IND_S_002,2022,27.460099365158538,95.471996311216,,,,,India
6221,oHXivSEn,IND_S_002,2023,27.460099365158538,95.471996311216,674.7488025023296,0.5944829629151845,273.622135167272,1075.875469837387,India
6222,oHXivSEn,IND_S_002,2024,27.460099365158538,95.471996311216,581.8818536501046,0.6004029380958539,232.51827909392017,931.245428206289,India
6223,oHXivSEn,IND_S_002,2025,27.460099365158538,95.471996311216,257.4107212495596,0.8891812045577704,28.525946062791718,486.2954964363274,India
6224,oJisX82P,,2022,31.98348757992292,-103.617746262589,,,,,United States of America
6225,oJisX82P,,2023,31.98348757992292,-103.617746262589,,,,,United States of America
6226,oJisX82P,,2024,31.98348757992292,-103.617746262589,,,,,United States of America
6227,oJisX82P,,2025,31.98348757992292,-103.617746262589,202.38812358122937,0.7493158467732612,50.735495383109054,354.04075177934965,United States of America
6228,oKey9zjg,KAZ_S_060,2022,41.444965336427835,67.23660847755723,,,,,Kazakhstan
6229,oKey9zjg,KAZ_S_060,2023,41.444965336427835,67.23660847755723,,,,,Kazakhstan
6230,oKey9zjg,KAZ_S_060,2024,41.444965336427835,67.23660847755723,,,,,Kazakhstan
6231,oKey9zjg,KAZ_S_060,2025,41.444965336427835,67.23660847755723,1144.031565029548,0.4865063935887677,587.4528941753088,1700.610235883787,Kazakhstan
6232,oKhLsoLf,,2022,54.60487910726579,86.16109211595514,,,,,Russia
6233,oKhLsoLf,,2023,54.60487910726579,86.16109211595514,,,,,Russia
6234,oKhLsoLf,,2024,54.60487910726579,86.16109211595514,,,,,Russia
6235,oKhLsoLf,,2025,54.60487910726579,86.16109211595514,243.33864148970616,0.6950585818129427,74.2040304355829,412.4732525438294,Russia
6236,oMWxNCL0,TKM_S_065,2022,36.40724053786584,61.558031791536735,,,,,Turkmenistan
6237,oMWxNCL0,TKM_S_065,2023,36.40724053786584,61.558031791536735,450.94845564992187,0.5502666709035875,202.8065502103253,699.0903610895184,Turkmenistan
6238,oMWxNCL0,TKM_S_065,2024,36.40724053786584,61.558031791536735,165.06688189528174,0.5303894619073305,77.51714722812238,252.6166165624411,Turkmenistan
6239,oMWxNCL0,TKM_S_065,2025,36.40724053786584,61.558031791536735,221.97784181254733,0.8349007975892474,36.64836463611178,407.30731898898284,Turkmenistan
6240,oMuLqiTb,DZA_S_075,2022,32.85942088390607,3.4464603030635765,,,,,Algeria
6241,oMuLqiTb,DZA_S_075,2023,32.85942088390607,3.4464603030635765,93.2655406762866,0.7531781187162575,23.019976208666463,163.51110514390675,Algeria
6242,oMuLqiTb,DZA_S_075,2024,32.85942088390607,3.4464603030635765,,,,,Algeria
6243,oMuLqiTb,DZA_S_075,2025,32.85942088390607,3.4464603030635765,,,,,Algeria
6244,oN33ThsO,,2022,31.90118311153384,-103.85442269735746,,,,,United States of America
6245,oN33ThsO,,2023,31.90118311153384,-103.85442269735746,,,,,United States of America
6246,oN33ThsO,,2024,31.90118311153384,-103.85442269735746,,,,,United States of America
6247,oN33ThsO,,2025,31.90118311153384,-103.85442269735746,264.6513283611096,0.7112699396967568,76.4127939970366,452.88986272518264,United States of America
6248,oOnWJAr8,,2022,41.7691913046304,-75.60833170741148,,,,,United States of America
6249,oOnWJAr8,,2023,41.7691913046304,-75.60833170741148,,,,,United States of America
6250,oOnWJAr8,,2024,41.7691913046304,-75.60833170741148,,,,,United States of America
6251,oOnWJAr8,,2025,41.7691913046304,-75.60833170741148,249.0038612105975,0.7036602249224483,73.78974822459037,424.21797419660464,United States of America
6252,oQsTcrNp,UZB_S_052,2022,38.53678976638146,66.00916692998095,,,,,Uzbekistan
6253,oQsTcrNp,UZB_S_052,2023,38.53678976638146,66.00916692998095,,,,,Uzbekistan
6254,oQsTcrNp,UZB_S_052,2024,38.53678976638146,66.00916692998095,1010.3803707544654,0.7575743556639212,244.94211240467746,1775.8186291042534,Uzbekistan
6255,oQsTcrNp,UZB_S_052,2025,38.53678976638146,66.00916692998095,,,,,Uzbekistan
6256,oRrMQGDK,,2022,41.8804708558381,-75.6793419967993,,,,,United States of America
6257,oRrMQGDK,,2023,41.8804708558381,-75.6793419967993,,,,,United States of America
6258,oRrMQGDK,,2024,41.8804708558381,-75.6793419967993,,,,,United States of America
6259,oRrMQGDK,,2025,41.8804708558381,-75.6793419967993,218.5564298191849,0.7354816431901626,57.812187685995326,379.3006719523745,United States of America
6260,oYsJmS3D,,2022,38.87779981610013,54.31124625144952,,,,,Turkmenistan
6261,oYsJmS3D,,2023,38.87779981610013,54.31124625144952,,,,,Turkmenistan
6262,oYsJmS3D,,2024,38.87779981610013,54.31124625144952,,,,,Turkmenistan
6263,oYsJmS3D,,2025,38.87779981610013,54.31124625144952,196.28553891202668,0.8190149495839918,35.52474815592649,357.0463296681269,Turkmenistan
6264,ocVjjMJn,TKM_S_043,2022,36.55116008155545,61.56568320479141,2453.2263436802373,0.4991223099221805,1228.7663442606122,3677.6863430998624,Turkmenistan
6265,ocVjjMJn,TKM_S_043,2023,36.55116008155545,61.56568320479141,1429.8861427685424,0.4781430182597217,746.1960666974402,2113.5762188396448,Turkmenistan
6266,ocVjjMJn,TKM_S_043,2024,36.55116008155545,61.56568320479141,332.77160665188404,0.6689854213936286,110.15225314803857,555.3909601557295,Turkmenistan
6267,ocVjjMJn,TKM_S_043,2025,36.55116008155545,61.56568320479141,,,,,Turkmenistan
6268,ocgtngvu,TKM_S_003,2022,38.6617814356544,64.77505877138628,,,,,Uzbekistan
6269,ocgtngvu,TKM_S_003,2023,38.6617814356544,64.77505877138628,3267.9114663671667,0.4117382838418255,1922.387207458126,4613.435725276207,Uzbekistan
6270,ocgtngvu,TKM_S_003,2024,38.6617814356544,64.77505877138628,1590.6148888132752,0.4420301321547428,887.5151793038417,2293.7145983227088,Uzbekistan
6271,ocgtngvu,TKM_S_003,2025,38.6617814356544,64.77505877138628,241.27568919827755,0.7231152756336137,66.80555269997498,415.74582569658014,Uzbekistan
6272,odvfAFPp,VEN_S_066,2022,9.272643361014234,-64.04642486210298,,,,,Venezuela
6273,odvfAFPp,VEN_S_066,2023,9.272643361014234,-64.04642486210298,,,,,Venezuela
6274,odvfAFPp,VEN_S_066,2024,9.272643361014234,-64.04642486210298,,,,,Venezuela
6275,odvfAFPp,VEN_S_066,2025,9.272643361014234,-64.04642486210298,315.39951755401484,0.6413500153977294,113.118032114311,517.6810029937187,Venezuela
6276,oghEd9FL,USA_S_345,2022,38.15928985892419,-121.90661810411778,,,,,United States of America
6277,oghEd9FL,USA_S_345,2023,38.15928985892419,-121.90661810411778,668.5953298927611,0.6348475744980256,244.1392063896344,1093.0514533958878,United States of America
6278,oghEd9FL,USA_S_345,2024,38.15928985892419,-121.90661810411778,,,,,United States of America
6279,oghEd9FL,USA_S_345,2025,38.15928985892419,-121.90661810411778,,,,,United States of America
6280,opGYZWV9,,2022,40.25205988777659,58.44005638263849,,,,,Turkmenistan
6281,opGYZWV9,,2023,40.25205988777659,58.44005638263849,,,,,Turkmenistan
6282,opGYZWV9,,2024,40.25205988777659,58.44005638263849,,,,,Turkmenistan
6283,opGYZWV9,,2025,40.25205988777659,58.44005638263849,410.265147813593,0.6508616408294419,143.23930053250433,677.2909950946816,Turkmenistan
6284,oq6RBmNR,,2022,17.996690187094643,-93.09320379733296,,,,,Mexico
6285,oq6RBmNR,,2023,17.996690187094643,-93.09320379733296,,,,,Mexico
6286,oq6RBmNR,,2024,17.996690187094643,-93.09320379733296,,,,,Mexico
6287,oq6RBmNR,,2025,17.996690187094643,-93.09320379733296,254.92864042558435,0.6753412770152835,82.7648068528002,427.0924739983685,Mexico
6288,p1IpkmRj,DZA_S_201,2022,28.059681322403964,9.84257410693906,,,,,Libya
6289,p1IpkmRj,DZA_S_201,2023,28.059681322403964,9.84257410693906,,,,,Libya
6290,p1IpkmRj,DZA_S_201,2024,28.059681322403964,9.84257410693906,1369.52998864686,0.588747627141575,563.222457531793,2175.837519761927,Libya
6291,p1IpkmRj,DZA_S_201,2025,28.059681322403964,9.84257410693906,,,,,Libya
6292,p2GSqlmS,ARG_S_008,2022,-37.62105054416974,-68.7341925621651,,,,,Argentina
6293,p2GSqlmS,ARG_S_008,2023,-37.62105054416974,-68.7341925621651,,,,,Argentina
6294,p2GSqlmS,ARG_S_008,2024,-37.62105054416974,-68.7341925621651,97.59046146099188,0.8512443492155888,14.517132604980844,180.6637903170029,Argentina
6295,p2GSqlmS,ARG_S_008,2025,-37.62105054416974,-68.7341925621651,,,,,Argentina
6296,p2MiYiZy,,2022,28.11583981834031,9.772376011237329,,,,,Libya
6297,p2MiYiZy,,2023,28.11583981834031,9.772376011237329,,,,,Libya
6298,p2MiYiZy,,2024,28.11583981834031,9.772376011237329,,,,,Libya
6299,p2MiYiZy,,2025,28.11583981834031,9.772376011237329,253.36327293050624,0.7017931331437142,75.55466779706029,431.1718780639522,Libya
6300,p3J2ZZVg,USA_S_078,2022,31.91163796882466,-103.65761136401191,,,,,United States of America
6301,p3J2ZZVg,USA_S_078,2023,31.91163796882466,-103.65761136401191,,,,,United States of America
6302,p3J2ZZVg,USA_S_078,2024,31.91163796882466,-103.65761136401191,127.12069259849083,0.76550398363633,29.809296011736777,224.43208918524488,United States of America
6303,p3J2ZZVg,USA_S_078,2025,31.91163796882466,-103.65761136401191,,,,,United States of America
6304,p83IAMti,KAZ_S_136,2022,43.39774131232798,52.495077436388904,,,,,Kazakhstan
6305,p83IAMti,KAZ_S_136,2023,43.39774131232798,52.495077436388904,,,,,Kazakhstan
6306,p83IAMti,KAZ_S_136,2024,43.39774131232798,52.495077436388904,,,,,Kazakhstan
6307,p83IAMti,KAZ_S_136,2025,43.39774131232798,52.495077436388904,349.39857345303847,0.8120788568124278,65.65937935140192,633.1377675546751,Kazakhstan
6308,p9CzyqnN,SYR_S_010,2022,35.29942875360374,40.42448423808765,,,,,Syria
6309,p9CzyqnN,SYR_S_010,2023,35.29942875360374,40.42448423808765,795.9782091731893,0.6385983924180956,287.667804395356,1304.2886139510226,Syria
6310,p9CzyqnN,SYR_S_010,2024,35.29942875360374,40.42448423808765,251.5159999930334,0.9639829741223512,9.058858280391803,493.973141705675,Syria
6311,p9CzyqnN,SYR_S_010,2025,35.29942875360374,40.42448423808765,,,,,Syria
6312,pAYuk4Ma,,2022,38.6947876394796,54.33535640134881,,,,,Turkmenistan
6313,pAYuk4Ma,,2023,38.6947876394796,54.33535640134881,,,,,Turkmenistan
6314,pAYuk4Ma,,2024,38.6947876394796,54.33535640134881,,,,,Turkmenistan
6315,pAYuk4Ma,,2025,38.6947876394796,54.33535640134881,280.7983818663035,0.6332806779272172,102.97419223714519,458.6225714954618,Turkmenistan
6316,pGtW47x0,USA_S_382,2022,31.480069674406277,-103.04505988700068,,,,,United States of America
6317,pGtW47x0,USA_S_382,2023,31.480069674406277,-103.04505988700068,720.8452646837334,0.6822745849188212,229.0308609309414,1212.6596684365254,United States of America
6318,pGtW47x0,USA_S_382,2024,31.480069674406277,-103.04505988700068,,,,,United States of America
6319,pGtW47x0,USA_S_382,2025,31.480069674406277,-103.04505988700068,,,,,United States of America
6320,pHwME3cc,TKM_S_342,2022,38.3330860488794,54.02706157163412,,,,,Turkmenistan
6321,pHwME3cc,TKM_S_342,2023,38.3330860488794,54.02706157163412,,,,,Turkmenistan
6322,pHwME3cc,TKM_S_342,2024,38.3330860488794,54.02706157163412,,,,,Turkmenistan
6323,pHwME3cc,TKM_S_342,2025,38.3330860488794,54.02706157163412,344.2574704916005,0.6745234573604696,112.04773127343628,576.4672097097647,Turkmenistan
6324,pJD2I6N2,TKM_S_197,2022,39.471492557944565,53.52078470938389,,,,,Turkmenistan
6325,pJD2I6N2,TKM_S_197,2023,39.471492557944565,53.52078470938389,723.4156861739203,0.5464983172258194,328.0702310251114,1118.7611413227291,Turkmenistan
6326,pJD2I6N2,TKM_S_197,2024,39.471492557944565,53.52078470938389,1420.9031662121156,0.5618081923605343,622.6281268831272,2219.178205541104,Turkmenistan
6327,pJD2I6N2,TKM_S_197,2025,39.471492557944565,53.52078470938389,,,,,Turkmenistan
6328,pLZkeMz1,,2022,36.636295075025565,61.712740846009865,,,,,Turkmenistan
6329,pLZkeMz1,,2023,36.636295075025565,61.712740846009865,,,,,Turkmenistan
6330,pLZkeMz1,,2024,36.636295075025565,61.712740846009865,,,,,Turkmenistan
6331,pLZkeMz1,,2025,36.636295075025565,61.712740846009865,231.5647075809404,0.6884654071531711,72.14041689392326,390.9889982679575,Turkmenistan
6332,pMhec8rn,RUS_S_019,2022,44.95700171871019,46.63868423275917,,,,,Russia
6333,pMhec8rn,RUS_S_019,2023,44.95700171871019,46.63868423275917,,,,,Russia
6334,pMhec8rn,RUS_S_019,2024,44.95700171871019,46.63868423275917,,,,,Russia
6335,pMhec8rn,RUS_S_019,2025,44.95700171871019,46.63868423275917,1455.6810697388446,0.500895143262129,726.5374917680368,2184.8246477096523,Russia
6336,pNiavnZn,KWT_S_003,2022,29.009580324982323,47.97272447198521,,,,,Kuwait
6337,pNiavnZn,KWT_S_003,2023,29.009580324982323,47.97272447198521,,,,,Kuwait
6338,pNiavnZn,KWT_S_003,2024,29.009580324982323,47.97272447198521,50.78632725474553,0.9458753661392844,2.7487913677935865,98.82386314169747,Kuwait
6339,pNiavnZn,KWT_S_003,2025,29.009580324982323,47.97272447198521,,,,,Kuwait
6340,pOXtWmdH,DZA_S_155,2022,31.715022142751288,5.913109408097901,,,,,Algeria
6341,pOXtWmdH,DZA_S_155,2023,31.715022142751288,5.913109408097901,,,,,Algeria
6342,pOXtWmdH,DZA_S_155,2024,31.715022142751288,5.913109408097901,,,,,Algeria
6343,pOXtWmdH,DZA_S_155,2025,31.715022142751288,5.913109408097901,299.49239691782975,0.6026151007809475,119.01375596606425,479.97103786959525,Algeria
6344,pTk3OAUw,,2022,28.106243605289784,9.73993719325327,,,,,Libya
6345,pTk3OAUw,,2023,28.106243605289784,9.73993719325327,,,,,Libya
6346,pTk3OAUw,,2024,28.106243605289784,9.73993719325327,,,,,Libya
6347,pTk3OAUw,,2025,28.106243605289784,9.73993719325327,36.04441530688644,0.5994246325143263,14.43850490736228,57.650325706410605,Libya
6348,pV2LkgNS,TKM_S_049,2022,39.15327444224902,63.24749818127597,,,,,Turkmenistan
6349,pV2LkgNS,TKM_S_049,2023,39.15327444224902,63.24749818127597,,,,,Turkmenistan
6350,pV2LkgNS,TKM_S_049,2024,39.15327444224902,63.24749818127597,161.6495181505347,0.5273191114541704,76.40863787239995,246.89039842866947,Turkmenistan
6351,pV2LkgNS,TKM_S_049,2025,39.15327444224902,63.24749818127597,,,,,Turkmenistan
6352,pYZKOfk7,TKM_S_085,2022,38.10201417412254,54.79342483725254,,,,,Turkmenistan
6353,pYZKOfk7,TKM_S_085,2023,38.10201417412254,54.79342483725254,,,,,Turkmenistan
6354,pYZKOfk7,TKM_S_085,2024,38.10201417412254,54.79342483725254,,,,,Turkmenistan
6355,pYZKOfk7,TKM_S_085,2025,38.10201417412254,54.79342483725254,399.1766322584307,1.0025324070205532,-1.0108777059720637,799.3641422228334,Turkmenistan
6356,pZmRkdhj,,2022,31.86350183064248,-101.7927338638648,,,,,United States of America
6357,pZmRkdhj,,2023,31.86350183064248,-101.7927338638648,,,,,United States of America
6358,pZmRkdhj,,2024,31.86350183064248,-101.7927338638648,,,,,United States of America
6359,pZmRkdhj,,2025,31.86350183064248,-101.7927338638648,220.48994812695804,0.8187446353972014,39.964985939003924,401.0149103149122,United States of America
6360,paFm1MsJ,DZA_S_233,2022,31.71271146794593,6.240216771348035,,,,,Algeria
6361,paFm1MsJ,DZA_S_233,2023,31.71271146794593,6.240216771348035,,,,,Algeria
6362,paFm1MsJ,DZA_S_233,2024,31.71271146794593,6.240216771348035,,,,,Algeria
6363,paFm1MsJ,DZA_S_233,2025,31.71271146794593,6.240216771348035,198.63528201326875,0.6397264734350453,71.56303355114464,325.70753047539284,Algeria
6364,pbzFQLSr,USA_S_362,2022,28.187633811409533,-99.1643017395254,,,,,United States of America
6365,pbzFQLSr,USA_S_362,2023,28.187633811409533,-99.1643017395254,,,,,United States of America
6366,pbzFQLSr,USA_S_362,2024,28.187633811409533,-99.1643017395254,206.2530843664894,0.5125374105186236,100.54066259380971,311.96550613916907,United States of America
6367,pbzFQLSr,USA_S_362,2025,28.187633811409533,-99.1643017395254,112.31772468770862,0.6668011450828711,37.424137252841845,187.2113121225754,United States of America
6368,pdM9rhde,LBY_S_028,2022,28.84343478581733,19.771096419860207,,,,,Libya
6369,pdM9rhde,LBY_S_028,2023,28.84343478581733,19.771096419860207,424.0936049514372,0.6391226794474949,153.04576381832726,695.1414460845472,Libya
6370,pdM9rhde,LBY_S_028,2024,28.84343478581733,19.771096419860207,174.3374497323689,0.5838318038203536,72.55370198167974,276.12119748305804,Libya
6371,pdM9rhde,LBY_S_028,2025,28.84343478581733,19.771096419860207,138.38021868821755,0.9732272142952934,3.7048239407100994,273.05561343572504,Libya
6372,peB7jRuS,DZA_S_076,2022,31.877291181501207,6.164482399093704,,,,,Algeria
6373,peB7jRuS,DZA_S_076,2023,31.877291181501207,6.164482399093704,283.6639826867492,0.5909146606643761,116.04277661470331,451.2851887587951,Algeria
6374,peB7jRuS,DZA_S_076,2024,31.877291181501207,6.164482399093704,,,,,Algeria
6375,peB7jRuS,DZA_S_076,2025,31.877291181501207,6.164482399093704,212.89851805146083,0.6579802039685028,72.81550771936867,352.981528383553,Algeria
6376,pgaYuHq2,TKM_S_005,2022,39.554701054254785,57.75756565153915,,,,,Turkmenistan
6377,pgaYuHq2,TKM_S_005,2023,39.554701054254785,57.75756565153915,213.81675150827172,0.4853310831429316,110.04483590465915,317.5886671118843,Turkmenistan
6378,pgaYuHq2,TKM_S_005,2024,39.554701054254785,57.75756565153915,1373.6990168783618,0.6783237007741276,441.8864159996506,2305.511617757073,Turkmenistan
6379,pgaYuHq2,TKM_S_005,2025,39.554701054254785,57.75756565153915,1752.9942780160384,0.6216683039566849,663.2132983560343,2842.775257676042,Turkmenistan
6380,phB8FXgK,USA_S_406,2022,32.194732136104115,-93.68395765729431,,,,,United States of America
6381,phB8FXgK,USA_S_406,2023,32.194732136104115,-93.68395765729431,,,,,United States of America
6382,phB8FXgK,USA_S_406,2024,32.194732136104115,-93.68395765729431,112.41176212615748,0.5558218834947134,49.930844774236945,174.89267947807804,United States of America
6383,phB8FXgK,USA_S_406,2025,32.194732136104115,-93.68395765729431,,,,,United States of America
6384,pkxMzqyu,,2022,23.578495493593497,72.3968267217832,,,,,India
6385,pkxMzqyu,,2023,23.578495493593497,72.3968267217832,,,,,India
6386,pkxMzqyu,,2024,23.578495493593497,72.3968267217832,,,,,India
6387,pkxMzqyu,,2025,23.578495493593497,72.3968267217832,167.8782998365745,0.7016733639043987,50.082568463694,285.67403120945505,India
6388,plP0ViLy,TKM_S_264,2022,39.33322326527919,53.8786581727531,,,,,Turkmenistan
6389,plP0ViLy,TKM_S_264,2023,39.33322326527919,53.8786581727531,1484.7154647949235,0.4872060585760246,761.3530950853184,2208.0778345045287,Turkmenistan
6390,plP0ViLy,TKM_S_264,2024,39.33322326527919,53.8786581727531,,,,,Turkmenistan
6391,plP0ViLy,TKM_S_264,2025,39.33322326527919,53.8786581727531,,,,,Turkmenistan
6392,pnK5gPJr,TKM_S_214,2022,39.4744775657492,53.74335881610967,,,,,Turkmenistan
6393,pnK5gPJr,TKM_S_214,2023,39.4744775657492,53.74335881610967,2317.8235562955847,0.5403663744227777,1065.3496446284307,3570.2974679627387,Turkmenistan
6394,pnK5gPJr,TKM_S_214,2024,39.4744775657492,53.74335881610967,616.9343868701202,0.745915951981967,156.75318637748336,1077.115587362757,Turkmenistan
6395,pnK5gPJr,TKM_S_214,2025,39.4744775657492,53.74335881610967,1681.1346207427114,0.5614514735031277,737.2591107695943,2625.0101307158284,Turkmenistan
6396,pnXxgbvm,DZA_S_361,2022,27.52741810602095,9.624667955034132,,,,,Algeria
6397,pnXxgbvm,DZA_S_361,2023,27.52741810602095,9.624667955034132,,,,,Algeria
6398,pnXxgbvm,DZA_S_361,2024,27.52741810602095,9.624667955034132,,,,,Algeria
6399,pnXxgbvm,DZA_S_361,2025,27.52741810602095,9.624667955034132,619.5775603993919,0.8263877246601552,107.56627001044853,1131.5888507883353,Algeria
6400,ppeO461C,TKM_S_371,2022,36.37480263476045,61.55612842706296,1027.6254846868512,0.58138297702377,430.1815211341151,1625.0694482395875,Turkmenistan
6401,ppeO461C,TKM_S_371,2023,36.37480263476045,61.55612842706296,348.5107712781983,0.5015874495499124,173.70214237209396,523.3194001843027,Turkmenistan
6402,ppeO461C,TKM_S_371,2024,36.37480263476045,61.55612842706296,,,,,Turkmenistan
6403,ppeO461C,TKM_S_371,2025,36.37480263476045,61.55612842706296,,,,,Turkmenistan
6404,ptfZI72o,VEN_S_013,2022,9.650061668769014,-63.52725996020922,,,,,Venezuela
6405,ptfZI72o,VEN_S_013,2023,9.650061668769014,-63.52725996020922,,,,,Venezuela
6406,ptfZI72o,VEN_S_013,2024,9.650061668769014,-63.52725996020922,1058.5695644986508,0.4657875495061398,565.5010410690427,1551.638087928259,Venezuela
6407,ptfZI72o,VEN_S_013,2025,9.650061668769014,-63.52725996020922,142.4904473958678,0.9535625840563502,6.616888173718678,278.3640066180169,Venezuela
6408,pwGgAJJa,USA_S_080,2022,32.06622302880341,-103.94028577794349,,,,,United States of America
6409,pwGgAJJa,USA_S_080,2023,32.06622302880341,-103.94028577794349,,,,,United States of America
6410,pwGgAJJa,USA_S_080,2024,32.06622302880341,-103.94028577794349,,,,,United States of America
6411,pwGgAJJa,USA_S_080,2025,32.06622302880341,-103.94028577794349,390.35620523041587,0.7651736152213815,91.665936450159,689.0464740106727,United States of America
6412,pxYlasfY,USA_S_361,2022,31.390987818983184,-101.4429576842009,,,,,United States of America
6413,pxYlasfY,USA_S_361,2023,31.390987818983184,-101.4429576842009,,,,,United States of America
6414,pxYlasfY,USA_S_361,2024,31.390987818983184,-101.4429576842009,289.2200277484369,0.7589523709126397,69.71580197334129,508.7242535235325,United States of America
6415,pxYlasfY,USA_S_361,2025,31.390987818983184,-101.4429576842009,,,,,United States of America
6416,q1JfBfT1,IRN_S_029,2022,30.17741185505049,50.41262931014118,,,,,Iran
6417,q1JfBfT1,IRN_S_029,2023,30.17741185505049,50.41262931014118,1480.6375803827968,0.972197827724481,41.16494108741017,2920.1102196781835,Iran
6418,q1JfBfT1,IRN_S_029,2024,30.17741185505049,50.41262931014118,465.0030119912413,0.6339427049527568,170.21774475833456,759.788279224148,Iran
6419,q1JfBfT1,IRN_S_029,2025,30.17741185505049,50.41262931014118,587.4595244775109,0.7144522480585861,167.74774657112522,1007.1713023838965,Iran
6420,q5OHO974,KWT_S_006,2022,29.0197010705994,47.592116493494494,,,,,Kuwait
6421,q5OHO974,KWT_S_006,2023,29.0197010705994,47.592116493494494,448.7592013428886,0.7551789014059676,109.86572067694658,787.6526820088307,Kuwait
6422,q5OHO974,KWT_S_006,2024,29.0197010705994,47.592116493494494,356.6997924881764,0.7224513831019959,99.00153405289842,614.3980509234543,Kuwait
6423,q5OHO974,KWT_S_006,2025,29.0197010705994,47.592116493494494,1969.962435924577,0.4840716792059777,1016.3594115938687,2923.5654602552854,Kuwait
6424,q6zmZ4Uj,USA_S_170,2022,31.131414163881413,-101.22478531650005,,,,,United States of America
6425,q6zmZ4Uj,USA_S_170,2023,31.131414163881413,-101.22478531650005,741.0750756578636,0.5173767430519004,357.6600666570575,1124.4900846586697,United States of America
6426,q6zmZ4Uj,USA_S_170,2024,31.131414163881413,-101.22478531650005,,,,,United States of America
6427,q6zmZ4Uj,USA_S_170,2025,31.131414163881413,-101.22478531650005,,,,,United States of America
6428,q7UQHdRr,VEN_S_065,2022,9.267121682220033,-64.07863421211383,,,,,Venezuela
6429,q7UQHdRr,VEN_S_065,2023,9.267121682220033,-64.07863421211383,,,,,Venezuela
6430,q7UQHdRr,VEN_S_065,2024,9.267121682220033,-64.07863421211383,,,,,Venezuela
6431,q7UQHdRr,VEN_S_065,2025,9.267121682220033,-64.07863421211383,171.77960260941887,0.7042276877612774,50.80765025923672,292.75155495960104,Venezuela
6432,qGy4yPRo,UZB_S_002,2022,38.49624997366644,65.97134410005818,,,,,Uzbekistan
6433,qGy4yPRo,UZB_S_002,2023,38.49624997366644,65.97134410005818,61.59979351891414,0.9055035382419346,5.820962532564792,117.37862450526349,Uzbekistan
6434,qGy4yPRo,UZB_S_002,2024,38.49624997366644,65.97134410005818,541.1661969976025,0.5542372383201827,241.23173850141535,841.1006554937896,Uzbekistan
6435,qGy4yPRo,UZB_S_002,2025,38.49624997366644,65.97134410005818,,,,,Uzbekistan
6436,qIALIARi,IRN_S_201,2022,30.40569509522407,50.5488446226413,,,,,Iran
6437,qIALIARi,IRN_S_201,2023,30.40569509522407,50.5488446226413,,,,,Iran
6438,qIALIARi,IRN_S_201,2024,30.40569509522407,50.5488446226413,,,,,Iran
6439,qIALIARi,IRN_S_201,2025,30.40569509522407,50.5488446226413,611.97180763492,0.5320622446157811,286.3647140231074,937.5789012467326,Iran
6440,qLSnjfv1,DZA_S_251,2022,29.822726878767067,6.886824965226457,,,,,Algeria
6441,qLSnjfv1,DZA_S_251,2023,29.822726878767067,6.886824965226457,,,,,Algeria
6442,qLSnjfv1,DZA_S_251,2024,29.822726878767067,6.886824965226457,,,,,Algeria
6443,qLSnjfv1,DZA_S_251,2025,29.822726878767067,6.886824965226457,1183.8646631199083,0.6997791862381115,355.42081254580285,2012.3085136940138,Algeria
6444,qNexshTV,,2022,31.483410669177715,-102.10659445070894,,,,,United States of America
6445,qNexshTV,,2023,31.483410669177715,-102.10659445070894,,,,,United States of America
6446,qNexshTV,,2024,31.483410669177715,-102.10659445070894,,,,,United States of America
6447,qNexshTV,,2025,31.483410669177715,-102.10659445070894,320.89327156436013,0.7551718387600838,78.5637096313634,563.2228334973569,United States of America
6448,qOCQUpTs,DZA_S_344,2022,30.470378472811596,7.027435212950397,,,,,Algeria
6449,qOCQUpTs,DZA_S_344,2023,30.470378472811596,7.027435212950397,,,,,Algeria
6450,qOCQUpTs,DZA_S_344,2024,30.470378472811596,7.027435212950397,,,,,Algeria
6451,qOCQUpTs,DZA_S_344,2025,30.470378472811596,7.027435212950397,1105.8293610780174,0.6739514004818514,360.5541144855366,1851.1046076704984,Algeria
6452,qOfUsFhK,USA_S_343,2022,32.389393610876105,-101.84997941235515,,,,,United States of America
6453,qOfUsFhK,USA_S_343,2023,32.389393610876105,-101.84997941235515,283.6177073063061,0.7011661224823809,84.75457920700063,482.4808354056116,United States of America
6454,qOfUsFhK,USA_S_343,2024,32.389393610876105,-101.84997941235515,,,,,United States of America
6455,qOfUsFhK,USA_S_343,2025,32.389393610876105,-101.84997941235515,,,,,United States of America
6456,qQkpl2f8,TKM_S_331,2022,37.79870523295362,53.9160722166508,,,,,Turkmenistan
6457,qQkpl2f8,TKM_S_331,2023,37.79870523295362,53.9160722166508,,,,,Turkmenistan
6458,qQkpl2f8,TKM_S_331,2024,37.79870523295362,53.9160722166508,270.914301930874,0.9777794366177536,6.019868417212024,535.808735444536,Turkmenistan
6459,qQkpl2f8,TKM_S_331,2025,37.79870523295362,53.9160722166508,,,,,Turkmenistan
6460,qRitZQPJ,TKM_S_282,2022,38.570302109278465,62.76422248219422,,,,,Turkmenistan
6461,qRitZQPJ,TKM_S_282,2023,38.570302109278465,62.76422248219422,749.0610405897063,0.5513258020449007,336.0843616059986,1162.037719573414,Turkmenistan
6462,qRitZQPJ,TKM_S_282,2024,38.570302109278465,62.76422248219422,,,,,Turkmenistan
6463,qRitZQPJ,TKM_S_282,2025,38.570302109278465,62.76422248219422,,,,,Turkmenistan
6464,qRrlpGwb,DZA_S_280,2022,29.08685533572166,2.2110523600016543,,,,,Algeria
6465,qRrlpGwb,DZA_S_280,2023,29.08685533572166,2.2110523600016543,,,,,Algeria
6466,qRrlpGwb,DZA_S_280,2024,29.08685533572166,2.2110523600016543,3077.57668722558,0.5565745117327697,1364.6759452128479,4790.477429238312,Algeria
6467,qRrlpGwb,DZA_S_280,2025,29.08685533572166,2.2110523600016543,680.1535051425129,0.7860095813879366,145.54633328590853,1214.7606769991173,Algeria
6468,qUDRxdnq,,2022,43.498864740294145,52.15354533724346,,,,,Kazakhstan
6469,qUDRxdnq,,2023,43.498864740294145,52.15354533724346,,,,,Kazakhstan
6470,qUDRxdnq,,2024,43.498864740294145,52.15354533724346,,,,,Kazakhstan
6471,qUDRxdnq,,2025,43.498864740294145,52.15354533724346,103.22095599974674,0.7775689727221763,22.959543279622707,183.48236871987075,Kazakhstan
6472,qVsFR1DL,YEM_S_002,2022,15.818742143247665,45.83863327840481,,,,,Yemen
6473,qVsFR1DL,YEM_S_002,2023,15.818742143247665,45.83863327840481,,,,,Yemen
6474,qVsFR1DL,YEM_S_002,2024,15.818742143247665,45.83863327840481,,,,,Yemen
6475,qVsFR1DL,YEM_S_002,2025,15.818742143247665,45.83863327840481,35.01493286364707,0.9065424246724768,3.2724107256924633,66.75745500160167,Yemen
6476,qWthGuoC,USA_S_026,2022,31.94489233382784,-103.64821377798174,,,,,United States of America
6477,qWthGuoC,USA_S_026,2023,31.94489233382784,-103.64821377798174,,,,,United States of America
6478,qWthGuoC,USA_S_026,2024,31.94489233382784,-103.64821377798174,2103.0886362856213,0.5770872472238289,889.423004503836,3316.754268067407,United States of America
6479,qWthGuoC,USA_S_026,2025,31.94489233382784,-103.64821377798174,,,,,United States of America
6480,qWzOmpsE,TUN_S_001,2022,36.67899507862426,9.921494453130228,,,,,Tunisia
6481,qWzOmpsE,TUN_S_001,2023,36.67899507862426,9.921494453130228,765.0960062110763,0.7212699176912046,213.2552727853439,1316.9367396368089,Tunisia
6482,qWzOmpsE,TUN_S_001,2024,36.67899507862426,9.921494453130228,,,,,Tunisia
6483,qWzOmpsE,TUN_S_001,2025,36.67899507862426,9.921494453130228,,,,,Tunisia
6484,qbgYpMfh,,2022,27.536053910044956,95.39964140050016,,,,,India
6485,qbgYpMfh,,2023,27.536053910044956,95.39964140050016,,,,,India
6486,qbgYpMfh,,2024,27.536053910044956,95.39964140050016,,,,,India
6487,qbgYpMfh,,2025,27.536053910044956,95.39964140050016,189.46603511396168,0.7161488437643312,53.78015313448586,325.15191709343753,India
6488,qeRYCJ9Z,TKM_S_152,2022,38.49864015613439,54.20113040209336,,,,,Turkmenistan
6489,qeRYCJ9Z,TKM_S_152,2023,38.49864015613439,54.20113040209336,,,,,Turkmenistan
6490,qeRYCJ9Z,TKM_S_152,2024,38.49864015613439,54.20113040209336,,,,,Turkmenistan
6491,qeRYCJ9Z,TKM_S_152,2025,38.49864015613439,54.20113040209336,333.658294991359,0.6456176763530938,118.24260188310271,549.0739880996153,Turkmenistan
6492,qfqIwFlX,TKM_S_295,2022,36.422519096543034,61.574022100231474,,,,,Turkmenistan
6493,qfqIwFlX,TKM_S_295,2023,36.422519096543034,61.574022100231474,795.9475374192439,0.684981699852187,250.738040244648,1341.1570345938399,Turkmenistan
6494,qfqIwFlX,TKM_S_295,2024,36.422519096543034,61.574022100231474,302.0129370901763,0.7255811589882452,82.8780401668422,521.1478340135104,Turkmenistan
6495,qfqIwFlX,TKM_S_295,2025,36.422519096543034,61.574022100231474,1907.813780325541,0.5184012363677732,918.8007578453053,2896.826802805777,Turkmenistan
6496,qfsQGmuO,,2022,17.997742161699865,-93.10031956918029,,,,,Mexico
6497,qfsQGmuO,,2023,17.997742161699865,-93.10031956918029,,,,,Mexico
6498,qfsQGmuO,,2024,17.997742161699865,-93.10031956918029,,,,,Mexico
6499,qfsQGmuO,,2025,17.997742161699865,-93.10031956918029,335.90104674539015,0.6677665645060733,111.59755874622704,560.2045347445533,Mexico
6500,qiggoRb3,TKM_S_018,2022,38.852943095656094,54.23737405040884,,,,,Turkmenistan
6501,qiggoRb3,TKM_S_018,2023,38.852943095656094,54.23737405040884,,,,,Turkmenistan
6502,qiggoRb3,TKM_S_018,2024,38.852943095656094,54.23737405040884,,,,,Turkmenistan
6503,qiggoRb3,TKM_S_018,2025,38.852943095656094,54.23737405040884,1866.7573387333516,0.4576295743428997,1012.4739724073237,2721.0407050593794,Turkmenistan
6504,qinHQNUy,MEX_S_008,2022,17.85356918763624,-93.12194410130051,,,,,Mexico
6505,qinHQNUy,MEX_S_008,2023,17.85356918763624,-93.12194410130051,,,,,Mexico
6506,qinHQNUy,MEX_S_008,2024,17.85356918763624,-93.12194410130051,323.21343391812536,0.9367766457886696,20.43463741846608,625.9922304177846,Mexico
6507,qinHQNUy,MEX_S_008,2025,17.85356918763624,-93.12194410130051,,,,,Mexico
6508,qj84CgiT,,2022,27.33017075724523,95.2742928775372,,,,,India
6509,qj84CgiT,,2023,27.33017075724523,95.2742928775372,,,,,India
6510,qj84CgiT,,2024,27.33017075724523,95.2742928775372,,,,,India
6511,qj84CgiT,,2025,27.33017075724523,95.2742928775372,109.32247572862214,0.6690072635139226,36.184945400849415,182.46000605639486,India
6512,qoLHSEv5,,2022,39.47788276632818,53.75254442824049,,,,,Turkmenistan
6513,qoLHSEv5,,2023,39.47788276632818,53.75254442824049,,,,,Turkmenistan
6514,qoLHSEv5,,2024,39.47788276632818,53.75254442824049,,,,,Turkmenistan
6515,qoLHSEv5,,2025,39.47788276632818,53.75254442824049,106.6135734158472,0.838397185904744,17.229053484752086,195.9980933469423,Turkmenistan
6516,qpNBoI50,TKM_S_381,2022,39.41488083895255,54.435160573680704,,,,,Turkmenistan
6517,qpNBoI50,TKM_S_381,2023,39.41488083895255,54.435160573680704,,,,,Turkmenistan
6518,qpNBoI50,TKM_S_381,2024,39.41488083895255,54.435160573680704,,,,,Turkmenistan
6519,qpNBoI50,TKM_S_381,2025,39.41488083895255,54.435160573680704,1439.3575234359046,0.7729938037068701,326.74307650108426,2551.971970370725,Turkmenistan
6520,qrKqtcsw,,2022,31.36105576896585,-103.1630604074447,,,,,United States of America
6521,qrKqtcsw,,2023,31.36105576896585,-103.1630604074447,,,,,United States of America
6522,qrKqtcsw,,2024,31.36105576896585,-103.1630604074447,,,,,United States of America
6523,qrKqtcsw,,2025,31.36105576896585,-103.1630604074447,177.88068342855303,0.8072665870298901,34.283551218640696,321.47781563846536,United States of America
6524,qrTiBPzB,,2022,32.270278059696174,-104.1318064448052,,,,,United States of America
6525,qrTiBPzB,,2023,32.270278059696174,-104.1318064448052,,,,,United States of America
6526,qrTiBPzB,,2024,32.270278059696174,-104.1318064448052,,,,,United States of America
6527,qrTiBPzB,,2025,32.270278059696174,-104.1318064448052,104.76627865243894,0.8233873560674139,18.503049467785303,191.02950783709258,United States of America
6528,qrdZ8IiN,,2022,45.47583591895375,85.16400493284289,,,,,China
6529,qrdZ8IiN,,2023,45.47583591895375,85.16400493284289,,,,,China
6530,qrdZ8IiN,,2024,45.47583591895375,85.16400493284289,,,,,China
6531,qrdZ8IiN,,2025,45.47583591895375,85.16400493284289,105.80393369548896,0.8399457760947383,16.93436649375525,194.67350089722268,China
6532,qyZiHdar,,2022,37.8827662962971,53.91141721240854,,,,,Turkmenistan
6533,qyZiHdar,,2023,37.8827662962971,53.91141721240854,,,,,Turkmenistan
6534,qyZiHdar,,2024,37.8827662962971,53.91141721240854,,,,,Turkmenistan
6535,qyZiHdar,,2025,37.8827662962971,53.91141721240854,183.72050198314332,0.7842627969023173,39.63534724954562,327.80565671674105,Turkmenistan
6536,r0iPhxhf,UZB_S_111,2022,38.35226905245428,66.31270464195947,,,,,Uzbekistan
6537,r0iPhxhf,UZB_S_111,2023,38.35226905245428,66.31270464195947,,,,,Uzbekistan
6538,r0iPhxhf,UZB_S_111,2024,38.35226905245428,66.31270464195947,,,,,Uzbekistan
6539,r0iPhxhf,UZB_S_111,2025,38.35226905245428,66.31270464195947,706.9068829189517,0.7374019896466378,185.63234095961388,1228.1814248782896,Uzbekistan
6540,r1bSBIQa,TKM_S_176,2022,37.919147744544134,53.91852822629459,,,,,Turkmenistan
6541,r1bSBIQa,TKM_S_176,2023,37.919147744544134,53.91852822629459,,,,,Turkmenistan
6542,r1bSBIQa,TKM_S_176,2024,37.919147744544134,53.91852822629459,174.12684036900035,0.9444577575880008,9.671395178210503,338.5822855597902,Turkmenistan
6543,r1bSBIQa,TKM_S_176,2025,37.919147744544134,53.91852822629459,3014.126105555073,0.7441067893942638,771.2944063210521,5256.957804789094,Turkmenistan
6544,r3yCaSI3,EGY_S_007,2022,29.79155760632786,28.552603849139015,,,,,Egypt
6545,r3yCaSI3,EGY_S_007,2023,29.79155760632786,28.552603849139015,528.3136699314705,0.9324988668923048,35.66177135665913,1020.9655685062819,Egypt
6546,r3yCaSI3,EGY_S_007,2024,29.79155760632786,28.552603849139015,229.71479961342777,0.6445621514226364,81.64933416097696,377.78026506587855,Egypt
6547,r3yCaSI3,EGY_S_007,2025,29.79155760632786,28.552603849139015,395.20772424305426,0.7637248010331795,93.37778367875194,697.0376648073566,Egypt
6548,r5todgBR,MEX_S_006,2022,20.357017753790203,-97.48112318856327,,,,,Mexico
6549,r5todgBR,MEX_S_006,2023,20.357017753790203,-97.48112318856327,,,,,Mexico
6550,r5todgBR,MEX_S_006,2024,20.357017753790203,-97.48112318856327,238.63000341063483,0.8773653944460893,29.264296341591574,447.9957104796781,Mexico
6551,r5todgBR,MEX_S_006,2025,20.357017753790203,-97.48112318856327,90.53894215589057,0.8909178946391282,9.876178427510737,171.20170588427038,Mexico
6552,rCks0a5O,USA_S_243,2022,32.005898441853304,-103.8267454695104,,,,,United States of America
6553,rCks0a5O,USA_S_243,2023,32.005898441853304,-103.8267454695104,,,,,United States of America
6554,rCks0a5O,USA_S_243,2024,32.005898441853304,-103.8267454695104,,,,,United States of America
6555,rCks0a5O,USA_S_243,2025,32.005898441853304,-103.8267454695104,743.4587952206523,0.6443008693118182,264.447647162469,1222.4699432788357,United States of America
6556,rD4rEIYm,,2022,31.95190433227001,-103.68217818524596,,,,,United States of America
6557,rD4rEIYm,,2023,31.95190433227001,-103.68217818524596,,,,,United States of America
6558,rD4rEIYm,,2024,31.95190433227001,-103.68217818524596,,,,,United States of America
6559,rD4rEIYm,,2025,31.95190433227001,-103.68217818524596,293.61219613977966,0.6690412793213674,97.17351681006522,490.0508754694941,United States of America
6560,rDAGZ4dO,USA_S_049,2022,31.899757645084705,-103.84756401697967,,,,,United States of America
6561,rDAGZ4dO,USA_S_049,2023,31.899757645084705,-103.84756401697967,,,,,United States of America
6562,rDAGZ4dO,USA_S_049,2024,31.899757645084705,-103.84756401697967,,,,,United States of America
6563,rDAGZ4dO,USA_S_049,2025,31.899757645084705,-103.84756401697967,180.95425763961632,0.8283995351813896,31.051834721864736,330.8566805573679,United States of America
6564,rDBXwkrK,,2022,43.293442855987365,52.76428069051273,,,,,Kazakhstan
6565,rDBXwkrK,,2023,43.293442855987365,52.76428069051273,,,,,Kazakhstan
6566,rDBXwkrK,,2024,43.293442855987365,52.76428069051273,,,,,Kazakhstan
6567,rDBXwkrK,,2025,43.293442855987365,52.76428069051273,101.73794837179815,0.8128156495028895,19.04375178688359,184.4321449567127,Kazakhstan
6568,rDgCPUt1,,2022,45.46169887738043,85.12792730086585,,,,,China
6569,rDgCPUt1,,2023,45.46169887738043,85.12792730086585,,,,,China
6570,rDgCPUt1,,2024,45.46169887738043,85.12792730086585,,,,,China
6571,rDgCPUt1,,2025,45.46169887738043,85.12792730086585,213.0722589898218,0.7553943377088996,52.11868102606621,374.02583695357737,China
6572,rDpd0yah,TKM_S_239,2022,39.3587081937312,53.79027427195128,,,,,Turkmenistan
6573,rDpd0yah,TKM_S_239,2023,39.3587081937312,53.79027427195128,1988.597699016197,0.4476158707165877,1098.4698084660592,2878.7255895663347,Turkmenistan
6574,rDpd0yah,TKM_S_239,2024,39.3587081937312,53.79027427195128,,,,,Turkmenistan
6575,rDpd0yah,TKM_S_239,2025,39.3587081937312,53.79027427195128,,,,,Turkmenistan
6576,rEIe9qjv,IRN_S_198,2022,30.34584375314526,50.639172275351456,,,,,Iran
6577,rEIe9qjv,IRN_S_198,2023,30.34584375314526,50.639172275351456,,,,,Iran
6578,rEIe9qjv,IRN_S_198,2024,30.34584375314526,50.639172275351456,689.256817457889,0.6139994147326796,266.05353493823577,1112.4600999775423,Iran
6579,rEIe9qjv,IRN_S_198,2025,30.34584375314526,50.639172275351456,683.8417221672457,0.6021425493139233,272.07152425423675,1095.6119200802548,Iran
6580,rHTEhgbx,USA_S_072,2022,32.212583848880804,-101.91310715858909,,,,,United States of America
6581,rHTEhgbx,USA_S_072,2023,32.212583848880804,-101.91310715858909,,,,,United States of America
6582,rHTEhgbx,USA_S_072,2024,32.212583848880804,-101.91310715858909,1772.4919414382452,0.4059042120637089,1053.0299965594807,2491.95388631701,United States of America
6583,rHTEhgbx,USA_S_072,2025,32.212583848880804,-101.91310715858909,1381.437742995936,0.4358395813091209,779.3524954839703,1983.5229905079018,United States of America
6584,rHvgwsfq,TKM_S_407,2022,38.01125586607235,53.99270515781893,,,,,Turkmenistan
6585,rHvgwsfq,TKM_S_407,2023,38.01125586607235,53.99270515781893,,,,,Turkmenistan
6586,rHvgwsfq,TKM_S_407,2024,38.01125586607235,53.99270515781893,,,,,Turkmenistan
6587,rHvgwsfq,TKM_S_407,2025,38.01125586607235,53.99270515781893,129.47130503070764,0.7353520591581871,34.26431427447902,224.67829578693625,Turkmenistan
6588,rIDEWuej,TKM_S_268,2022,36.57364387201394,61.481448954148355,,,,,Turkmenistan
6589,rIDEWuej,TKM_S_268,2023,36.57364387201394,61.481448954148355,,,,,Turkmenistan
6590,rIDEWuej,TKM_S_268,2024,36.57364387201394,61.481448954148355,,,,,Turkmenistan
6591,rIDEWuej,TKM_S_268,2025,36.57364387201394,61.481448954148355,241.25902165916412,0.6559925870302655,82.9948918965782,399.5231514217501,Turkmenistan
6592,rIHHqffy,,2022,31.58036068146191,-103.2735444915562,,,,,United States of America
6593,rIHHqffy,,2023,31.58036068146191,-103.2735444915562,,,,,United States of America
6594,rIHHqffy,,2024,31.58036068146191,-103.2735444915562,,,,,United States of America
6595,rIHHqffy,,2025,31.58036068146191,-103.2735444915562,309.34790854773865,0.7418250466089168,79.86588187094151,538.8299352245358,United States of America
6596,rImAMBPM,UZB_S_066,2022,40.11524905165155,62.5014962698213,,,,,Uzbekistan
6597,rImAMBPM,UZB_S_066,2023,40.11524905165155,62.5014962698213,,,,,Uzbekistan
6598,rImAMBPM,UZB_S_066,2024,40.11524905165155,62.5014962698213,,,,,Uzbekistan
6599,rImAMBPM,UZB_S_066,2025,40.11524905165155,62.5014962698213,1093.7969897984797,0.6906125091341232,338.40710619040067,1849.1868734065588,Uzbekistan
6600,rJfwCQXQ,,2022,31.94021602988746,-103.562179288486,,,,,United States of America
6601,rJfwCQXQ,,2023,31.94021602988746,-103.562179288486,,,,,United States of America
6602,rJfwCQXQ,,2024,31.94021602988746,-103.562179288486,,,,,United States of America
6603,rJfwCQXQ,,2025,31.94021602988746,-103.562179288486,363.38892833183826,0.6781972397136089,116.93956019469911,609.8382964689774,United States of America
6604,rOagfZNl,UZB_S_005,2022,38.55801307268433,65.95183581916875,,,,,Uzbekistan
6605,rOagfZNl,UZB_S_005,2023,38.55801307268433,65.95183581916875,,,,,Uzbekistan
6606,rOagfZNl,UZB_S_005,2024,38.55801307268433,65.95183581916875,450.9170609224789,0.8303165229965586,76.51317473749884,825.320947107459,Uzbekistan
6607,rOagfZNl,UZB_S_005,2025,38.55801307268433,65.95183581916875,,,,,Uzbekistan
6608,rPDD7fEM,KAZ_S_102,2022,43.54035394218406,52.41822903708693,,,,,Kazakhstan
6609,rPDD7fEM,KAZ_S_102,2023,43.54035394218406,52.41822903708693,,,,,Kazakhstan
6610,rPDD7fEM,KAZ_S_102,2024,43.54035394218406,52.41822903708693,,,,,Kazakhstan
6611,rPDD7fEM,KAZ_S_102,2025,43.54035394218406,52.41822903708693,1050.4470093282898,0.7321806490494036,281.3300362462977,1819.5639824102818,Kazakhstan
6612,rQCQxCCu,,2022,31.293730663996097,-103.11312802457262,,,,,United States of America
6613,rQCQxCCu,,2023,31.293730663996097,-103.11312802457262,,,,,United States of America
6614,rQCQxCCu,,2024,31.293730663996097,-103.11312802457262,,,,,United States of America
6615,rQCQxCCu,,2025,31.293730663996097,-103.11312802457262,368.95441140012514,0.6791053971423937,118.39547931880503,619.5133434814452,United States of America
6616,rSpmrw6x,USA_S_264,2022,32.263372352884,-101.98141984432372,,,,,United States of America
6617,rSpmrw6x,USA_S_264,2023,32.263372352884,-101.98141984432372,1757.957761679224,0.4850473894642648,905.2649385882743,2610.6505847701737,United States of America
6618,rSpmrw6x,USA_S_264,2024,32.263372352884,-101.98141984432372,1618.211234458038,0.4528950876658045,885.3313155663752,2351.091153349701,United States of America
6619,rSpmrw6x,USA_S_264,2025,32.263372352884,-101.98141984432372,1265.2469365946745,0.5014139215856991,630.8345083424464,1899.6593648469025,United States of America
6620,rUHiu4jN,TKM_S_227,2022,36.63607824703057,61.64693486234489,,,,,Turkmenistan
6621,rUHiu4jN,TKM_S_227,2023,36.63607824703057,61.64693486234489,1102.546194100845,0.5059297708018012,544.7352508210063,1660.3571373806838,Turkmenistan
6622,rUHiu4jN,TKM_S_227,2024,36.63607824703057,61.64693486234489,,,,,Turkmenistan
6623,rUHiu4jN,TKM_S_227,2025,36.63607824703057,61.64693486234489,,,,,Turkmenistan
6624,rVNHRN7d,USA_S_394,2022,32.10683630697474,-103.7154093392598,,,,,United States of America
6625,rVNHRN7d,USA_S_394,2023,32.10683630697474,-103.7154093392598,,,,,United States of America
6626,rVNHRN7d,USA_S_394,2024,32.10683630697474,-103.7154093392598,613.0496742163631,0.504002282401067,304.0712391860855,922.0281092466407,United States of America
6627,rVNHRN7d,USA_S_394,2025,32.10683630697474,-103.7154093392598,,,,,United States of America
6628,rVTq8OJ8,,2022,32.34076380169972,-102.10558104812338,,,,,United States of America
6629,rVTq8OJ8,,2023,32.34076380169972,-102.10558104812338,,,,,United States of America
6630,rVTq8OJ8,,2024,32.34076380169972,-102.10558104812338,,,,,United States of America
6631,rVTq8OJ8,,2025,32.34076380169972,-102.10558104812338,140.43264481693836,0.8270360061991445,24.289791107554663,256.57549852632206,United States of America
6632,rcypBgeO,SYR_S_045,2022,34.87227632113008,38.85068387384791,,,,,Syria
6633,rcypBgeO,SYR_S_045,2023,34.87227632113008,38.85068387384791,821.6765845833265,0.5210070683678741,393.57727610304,1249.775893063613,Syria
6634,rcypBgeO,SYR_S_045,2024,34.87227632113008,38.85068387384791,,,,,Syria
6635,rcypBgeO,SYR_S_045,2025,34.87227632113008,38.85068387384791,,,,,Syria
6636,rdK3Gfpv,USA_S_234,2022,27.978193013197824,-99.51431783426644,,,,,United States of America
6637,rdK3Gfpv,USA_S_234,2023,27.978193013197824,-99.51431783426644,,,,,United States of America
6638,rdK3Gfpv,USA_S_234,2024,27.978193013197824,-99.51431783426644,678.9832412135033,0.6653257626018173,227.23819845927557,1130.7282839677312,United States of America
6639,rdK3Gfpv,USA_S_234,2025,27.978193013197824,-99.51431783426644,,,,,United States of America
6640,rfBtzdo8,KAZ_S_031,2022,43.764071365105565,79.1235715121597,,,,,Kazakhstan
6641,rfBtzdo8,KAZ_S_031,2023,43.764071365105565,79.1235715121597,1114.1807766632555,0.5663262956716588,483.1909047069822,1745.170648619529,Kazakhstan
6642,rfBtzdo8,KAZ_S_031,2024,43.764071365105565,79.1235715121597,330.1837840050711,0.51919558488326,158.75382114959024,501.613746860552,Kazakhstan
6643,rfBtzdo8,KAZ_S_031,2025,43.764071365105565,79.1235715121597,,,,,Kazakhstan
6644,rfMOINLN,LBY_S_001,2022,28.909146168427473,20.981433037811964,,,,,Libya
6645,rfMOINLN,LBY_S_001,2023,28.909146168427473,20.981433037811964,976.3686286328216,0.535442294757568,453.57956958836394,1499.1576876772792,Libya
6646,rfMOINLN,LBY_S_001,2024,28.909146168427473,20.981433037811964,,,,,Libya
6647,rfMOINLN,LBY_S_001,2025,28.909146168427473,20.981433037811964,875.6708300998346,0.5183450914248552,421.77115361365696,1329.5705065860122,Libya
6648,rgCAa5Fh,DZA_S_074,2022,32.863600726895484,3.0965163010376098,,,,,Algeria
6649,rgCAa5Fh,DZA_S_074,2023,32.863600726895484,3.0965163010376098,196.23696284323492,0.8529982396285597,28.847178987900463,363.6267466985694,Algeria
6650,rgCAa5Fh,DZA_S_074,2024,32.863600726895484,3.0965163010376098,207.6834987863696,0.920841787630001,16.43985450267587,398.9271430700633,Algeria
6651,rgCAa5Fh,DZA_S_074,2025,32.863600726895484,3.0965163010376098,,,,,Algeria
6652,rgJcTxxU,UZB_S_012,2022,38.47866481335518,65.26933672577866,,,,,Uzbekistan
6653,rgJcTxxU,UZB_S_012,2023,38.47866481335518,65.26933672577866,,,,,Uzbekistan
6654,rgJcTxxU,UZB_S_012,2024,38.47866481335518,65.26933672577866,265.92272861691157,0.5945635098474593,107.81477774222722,424.03067949159595,Uzbekistan
6655,rgJcTxxU,UZB_S_012,2025,38.47866481335518,65.26933672577866,,,,,Uzbekistan
6656,rikDWfIo,EGY_S_016,2022,29.858183070698814,28.52458487952944,,,,,Egypt
6657,rikDWfIo,EGY_S_016,2023,29.858183070698814,28.52458487952944,236.4825192183757,0.935092843352805,15.34940791923043,457.61563051752097,Egypt
6658,rikDWfIo,EGY_S_016,2024,29.858183070698814,28.52458487952944,363.23816677255354,0.5700483482485461,156.17484978302946,570.3014837620776,Egypt
6659,rikDWfIo,EGY_S_016,2025,29.858183070698814,28.52458487952944,,,,,Egypt
6660,rjrG38aZ,,2022,36.63288857060183,-108.11816137839764,,,,,United States of America
6661,rjrG38aZ,,2023,36.63288857060183,-108.11816137839764,,,,,United States of America
6662,rjrG38aZ,,2024,36.63288857060183,-108.11816137839764,,,,,United States of America
6663,rjrG38aZ,,2025,36.63288857060183,-108.11816137839764,149.6023803921235,0.7113423923182611,43.18386522748385,256.02089555676315,United States of America
6664,rkvVQjor,IRN_S_095,2022,28.63462454191568,52.05679427451403,,,,,Iran
6665,rkvVQjor,IRN_S_095,2023,28.63462454191568,52.05679427451403,,,,,Iran
6666,rkvVQjor,IRN_S_095,2024,28.63462454191568,52.05679427451403,,,,,Iran
6667,rkvVQjor,IRN_S_095,2025,28.63462454191568,52.05679427451403,832.6766531396344,0.4706357325327155,440.78926652637267,1224.564039752896,Iran
6668,rqoR7skK,VEN_S_025,2022,9.619170738193016,-63.7259309094558,,,,,Venezuela
6669,rqoR7skK,VEN_S_025,2023,9.619170738193016,-63.7259309094558,,,,,Venezuela
6670,rqoR7skK,VEN_S_025,2024,9.619170738193016,-63.7259309094558,,,,,Venezuela
6671,rqoR7skK,VEN_S_025,2025,9.619170738193016,-63.7259309094558,261.51256478982185,0.565819237137454,113.54372487858583,409.48140470105784,Venezuela
6672,rrDJsnlK,TKM_S_055,2022,36.55166854806633,61.53338479821274,,,,,Turkmenistan
6673,rrDJsnlK,TKM_S_055,2023,36.55166854806633,61.53338479821274,80.62533800281524,0.5868354162236368,33.31153421776176,127.93914178786872,Turkmenistan
6674,rrDJsnlK,TKM_S_055,2024,36.55166854806633,61.53338479821274,258.31547677737336,0.5233198182184908,123.13386842721553,393.4970851275312,Turkmenistan
6675,rrDJsnlK,TKM_S_055,2025,36.55166854806633,61.53338479821274,,,,,Turkmenistan
6676,rrZcy9KD,,2022,32.540511611170245,3.177495911482268,,,,,Algeria
6677,rrZcy9KD,,2023,32.540511611170245,3.177495911482268,,,,,Algeria
6678,rrZcy9KD,,2024,32.540511611170245,3.177495911482268,,,,,Algeria
6679,rrZcy9KD,,2025,32.540511611170245,3.177495911482268,378.1136123455056,0.7441578472585683,96.73740056331337,659.4898241276978,Algeria
6680,rrgIcrB7,VEN_S_102,2022,9.754315948464086,-63.44525591915013,,,,,Venezuela
6681,rrgIcrB7,VEN_S_102,2023,9.754315948464086,-63.44525591915013,,,,,Venezuela
6682,rrgIcrB7,VEN_S_102,2024,9.754315948464086,-63.44525591915013,,,,,Venezuela
6683,rrgIcrB7,VEN_S_102,2025,9.754315948464086,-63.44525591915013,59.075933339993874,0.9004269395513658,5.882371481522696,112.26949519846505,Venezuela
6684,rsndqCFc,SYR_S_037,2022,35.34436305013678,40.25932567480279,,,,,Syria
6685,rsndqCFc,SYR_S_037,2023,35.34436305013678,40.25932567480279,,,,,Syria
6686,rsndqCFc,SYR_S_037,2024,35.34436305013678,40.25932567480279,,,,,Syria
6687,rsndqCFc,SYR_S_037,2025,35.34436305013678,40.25932567480279,923.70356310776,0.5192674892474572,444.0543330838633,1403.3527931316567,Syria
6688,rzQ5tSYY,USA_S_116,2022,40.04625902941634,-108.77428869602907,,,,,United States of America
6689,rzQ5tSYY,USA_S_116,2023,40.04625902941634,-108.77428869602907,1231.4147348608465,0.5602943626312075,541.4600008573111,1921.3694688643818,United States of America
6690,rzQ5tSYY,USA_S_116,2024,40.04625902941634,-108.77428869602907,44.148573341690806,0.8637459810386953,6.015420549213289,82.28172613416832,United States of America
6691,rzQ5tSYY,USA_S_116,2025,40.04625902941634,-108.77428869602907,,,,,United States of America
6692,s1VboBmv,TKM_S_283,2022,38.555661831231546,62.7495822041473,,,,,Turkmenistan
6693,s1VboBmv,TKM_S_283,2023,38.555661831231546,62.7495822041473,540.1982882596916,0.7711183911312924,123.6414533250001,956.755123194383,Turkmenistan
6694,s1VboBmv,TKM_S_283,2024,38.555661831231546,62.7495822041473,,,,,Turkmenistan
6695,s1VboBmv,TKM_S_283,2025,38.555661831231546,62.7495822041473,,,,,Turkmenistan
6696,s27aHsUj,DZA_S_330,2022,31.91547270793423,6.063567387464117,,,,,Algeria
6697,s27aHsUj,DZA_S_330,2023,31.91547270793423,6.063567387464117,,,,,Algeria
6698,s27aHsUj,DZA_S_330,2024,31.91547270793423,6.063567387464117,410.0123897938865,0.8826903228853697,48.09842105971876,771.9263585280542,Algeria
6699,s27aHsUj,DZA_S_330,2025,31.91547270793423,6.063567387464117,,,,,Algeria
6700,s6ww0BPU,DZA_S_213,2022,29.871398549292337,6.975534935016534,,,,,Algeria
6701,s6ww0BPU,DZA_S_213,2023,29.871398549292337,6.975534935016534,,,,,Algeria
6702,s6ww0BPU,DZA_S_213,2024,29.871398549292337,6.975534935016534,,,,,Algeria
6703,s6ww0BPU,DZA_S_213,2025,29.871398549292337,6.975534935016534,2673.529219537017,0.5947649245606569,1083.4078149683712,4263.650624105663,Algeria
6704,sA5vgLoL,USA_S_931,2022,35.64690714381611,-100.14885072389475,,,,,United States of America
6705,sA5vgLoL,USA_S_931,2023,35.64690714381611,-100.14885072389475,,,,,United States of America
6706,sA5vgLoL,USA_S_931,2024,35.64690714381611,-100.14885072389475,,,,,United States of America
6707,sA5vgLoL,USA_S_931,2025,35.64690714381611,-100.14885072389475,815.2840910498616,0.6820980576452911,259.1803961156444,1371.3877859840786,United States of America
6708,sAAjurUd,,2022,38.63910187163987,54.27414875968141,,,,,Turkmenistan
6709,sAAjurUd,,2023,38.63910187163987,54.27414875968141,,,,,Turkmenistan
6710,sAAjurUd,,2024,38.63910187163987,54.27414875968141,,,,,Turkmenistan
6711,sAAjurUd,,2025,38.63910187163987,54.27414875968141,210.28465421229288,0.7021009703768789,62.6435944344756,357.9257139901101,Turkmenistan
6712,sCdN9456,,2022,8.761305265142441,-63.85727248527437,,,,,Venezuela
6713,sCdN9456,,2023,8.761305265142441,-63.85727248527437,,,,,Venezuela
6714,sCdN9456,,2024,8.761305265142441,-63.85727248527437,,,,,Venezuela
6715,sCdN9456,,2025,8.761305265142441,-63.85727248527437,193.38696007214423,0.7121825333638,55.6601449284405,331.11377521584797,Venezuela
6716,sEo4yMeT,DZA_S_057,2022,31.181841788265206,6.777630300683804,,,,,Algeria
6717,sEo4yMeT,DZA_S_057,2023,31.181841788265206,6.777630300683804,909.5380686474784,0.6198454344344381,345.7650493520224,1473.3110879429346,Algeria
6718,sEo4yMeT,DZA_S_057,2024,31.181841788265206,6.777630300683804,,,,,Algeria
6719,sEo4yMeT,DZA_S_057,2025,31.181841788265206,6.777630300683804,,,,,Algeria
6720,sGMWbv3O,USA_S_062,2022,32.44660751029789,-101.43975875035272,,,,,United States of America
6721,sGMWbv3O,USA_S_062,2023,32.44660751029789,-101.43975875035272,,,,,United States of America
6722,sGMWbv3O,USA_S_062,2024,32.44660751029789,-101.43975875035272,231.79911778983492,0.648262887859375,81.53235228814111,382.06588329152873,United States of America
6723,sGMWbv3O,USA_S_062,2025,32.44660751029789,-101.43975875035272,70.95188520553512,0.8293821698564702,12.105656698361216,129.79811371270904,United States of America
6724,sJ0D6Aed,,2022,29.615000178103585,28.627062079105126,,,,,Egypt
6725,sJ0D6Aed,,2023,29.615000178103585,28.627062079105126,,,,,Egypt
6726,sJ0D6Aed,,2024,29.615000178103585,28.627062079105126,,,,,Egypt
6727,sJ0D6Aed,,2025,29.615000178103585,28.627062079105126,326.26531948099336,0.5824436783568323,136.23414668221653,516.2964922797702,Egypt
6728,sMI2IXMv,LBY_S_090,2022,28.06988693801473,19.264328633406674,262.56607011489683,0.6054954461652492,103.58351034282128,421.5486298869724,Libya
6729,sMI2IXMv,LBY_S_090,2023,28.06988693801473,19.264328633406674,,,,,Libya
6730,sMI2IXMv,LBY_S_090,2024,28.06988693801473,19.264328633406674,,,,,Libya
6731,sMI2IXMv,LBY_S_090,2025,28.06988693801473,19.264328633406674,,,,,Libya
6732,sXVNN8la,DZA_S_270,2022,29.593961193907617,6.750382455554283,,,,,Algeria
6733,sXVNN8la,DZA_S_270,2023,29.593961193907617,6.750382455554283,,,,,Algeria
6734,sXVNN8la,DZA_S_270,2024,29.593961193907617,6.750382455554283,,,,,Algeria
6735,sXVNN8la,DZA_S_270,2025,29.593961193907617,6.750382455554283,440.0717489588914,0.9799307111862244,8.831927028639313,871.3115708891435,Algeria
6736,sXZi7m9I,TKM_S_026,2022,37.92973805379851,53.923185093610336,516.7595652714339,0.5043581981924397,256.12764203242506,777.3914885104427,Turkmenistan
6737,sXZi7m9I,TKM_S_026,2023,37.92973805379851,53.923185093610336,1406.1040185565453,0.5022501706176611,699.8880353303415,2112.320001782749,Turkmenistan
6738,sXZi7m9I,TKM_S_026,2024,37.92973805379851,53.923185093610336,2018.0380805692005,0.4557547976661347,1098.3075434768298,2937.768617661571,Turkmenistan
6739,sXZi7m9I,TKM_S_026,2025,37.92973805379851,53.923185093610336,6406.056380777389,0.4267655590965345,3672.172147831004,9139.940613723773,Turkmenistan
6740,sc0b7uEP,TKM_S_203,2022,39.46609281580336,53.78905430194948,,,,,Turkmenistan
6741,sc0b7uEP,TKM_S_203,2023,39.46609281580336,53.78905430194948,,,,,Turkmenistan
6742,sc0b7uEP,TKM_S_203,2024,39.46609281580336,53.78905430194948,,,,,Turkmenistan
6743,sc0b7uEP,TKM_S_203,2025,39.46609281580336,53.78905430194948,975.3652780332702,0.5487237464852621,440.1591884792149,1510.5713675873255,Turkmenistan
6744,seoYAtzN,USA_S_065,2022,31.656004653687887,-104.02636980635074,,,,,United States of America
6745,seoYAtzN,USA_S_065,2023,31.656004653687887,-104.02636980635074,379.6438134443154,0.6937185187544571,116.27786952743145,643.0097573611994,United States of America
6746,seoYAtzN,USA_S_065,2024,31.656004653687887,-104.02636980635074,50.896214363127406,0.900289578519714,5.0748829858984195,96.7175457403564,United States of America
6747,seoYAtzN,USA_S_065,2025,31.656004653687887,-104.02636980635074,,,,,United States of America
6748,sftBz5OC,,2022,54.21026453677868,86.90618267449747,,,,,Russia
6749,sftBz5OC,,2023,54.21026453677868,86.90618267449747,,,,,Russia
6750,sftBz5OC,,2024,54.21026453677868,86.90618267449747,,,,,Russia
6751,sftBz5OC,,2025,54.21026453677868,86.90618267449747,173.94219876455205,0.7551329899438416,42.59270613406986,305.29169139503426,Russia
6752,sguBSbel,VEN_S_134,2022,9.37747971936221,-63.77589433805402,,,,,Venezuela
6753,sguBSbel,VEN_S_134,2023,9.37747971936221,-63.77589433805402,,,,,Venezuela
6754,sguBSbel,VEN_S_134,2024,9.37747971936221,-63.77589433805402,,,,,Venezuela
6755,sguBSbel,VEN_S_134,2025,9.37747971936221,-63.77589433805402,186.85533008529148,0.7254905477226524,51.29355431681634,322.41710585376666,Venezuela
6756,shceZ7wh,,2022,32.227096749266344,-101.92628780190108,,,,,United States of America
6757,shceZ7wh,,2023,32.227096749266344,-101.92628780190108,,,,,United States of America
6758,shceZ7wh,,2024,32.227096749266344,-101.92628780190108,,,,,United States of America
6759,shceZ7wh,,2025,32.227096749266344,-101.92628780190108,155.68727192295106,0.8691764908656711,20.36755524051094,291.00698860539114,United States of America
6760,sisB0iD8,MEX_S_081,2022,17.99483910631808,-93.09053408736344,,,,,Mexico
6761,sisB0iD8,MEX_S_081,2023,17.99483910631808,-93.09053408736344,,,,,Mexico
6762,sisB0iD8,MEX_S_081,2024,17.99483910631808,-93.09053408736344,,,,,Mexico
6763,sisB0iD8,MEX_S_081,2025,17.99483910631808,-93.09053408736344,317.75713598106216,0.6117193343146488,123.3789522849975,512.1353196771269,Mexico
6764,slhbJDyZ,USA_S_392,2022,31.668358483397515,-103.85111936261808,,,,,United States of America
6765,slhbJDyZ,USA_S_392,2023,31.668358483397515,-103.85111936261808,1423.307315524155,0.4833552693127221,735.3442247142095,2111.2704063341007,United States of America
6766,slhbJDyZ,USA_S_392,2024,31.668358483397515,-103.85111936261808,,,,,United States of America
6767,slhbJDyZ,USA_S_392,2025,31.668358483397515,-103.85111936261808,,,,,United States of America
6768,st7I9F3V,IRQ_S_026,2022,30.3442182802646,47.32850338995601,,,,,Iraq
6769,st7I9F3V,IRQ_S_026,2023,30.3442182802646,47.32850338995601,50.91464412214169,0.8589658555589528,7.180703273286646,94.64858497099672,Iraq
6770,st7I9F3V,IRQ_S_026,2024,30.3442182802646,47.32850338995601,,,,,Iraq
6771,st7I9F3V,IRQ_S_026,2025,30.3442182802646,47.32850338995601,337.29219044084454,0.9311898278133646,23.209133701441942,651.3752471802471,Iraq
6772,stHdlzbG,VEN_S_054,2022,9.654353715359568,-63.672548987092746,,,,,Venezuela
6773,stHdlzbG,VEN_S_054,2023,9.654353715359568,-63.672548987092746,,,,,Venezuela
6774,stHdlzbG,VEN_S_054,2024,9.654353715359568,-63.672548987092746,,,,,Venezuela
6775,stHdlzbG,VEN_S_054,2025,9.654353715359568,-63.672548987092746,61.8933645891707,0.9023697864262926,6.042662403636072,117.74406677470533,Venezuela
6776,sxP9UykN,USA_S_411,2022,34.13700902366245,-80.76689455974713,,,,,United States of America
6777,sxP9UykN,USA_S_411,2023,34.13700902366245,-80.76689455974713,,,,,United States of America
6778,sxP9UykN,USA_S_411,2024,34.13700902366245,-80.76689455974713,368.50656970092194,0.6966217886839924,111.7968639740634,625.2162754277805,United States of America
6779,sxP9UykN,USA_S_411,2025,34.13700902366245,-80.76689455974713,,,,,United States of America
6780,szHxbo8b,TKM_S_044,2022,38.84185566994616,54.21162863944411,,,,,Turkmenistan
6781,szHxbo8b,TKM_S_044,2023,38.84185566994616,54.21162863944411,435.53457094248375,0.5473086564702954,197.16273007358643,673.9064118113811,Turkmenistan
6782,szHxbo8b,TKM_S_044,2024,38.84185566994616,54.21162863944411,288.53174390611144,0.5768901181586839,122.0806320715837,454.9828557406392,Turkmenistan
6783,szHxbo8b,TKM_S_044,2025,38.84185566994616,54.21162863944411,750.4477905338667,0.7347279277286943,199.07284052634157,1301.8227405413918,Turkmenistan
6784,t6HWvF06,VEN_S_070,2022,8.710212668251206,-62.93071160067283,,,,,Venezuela
6785,t6HWvF06,VEN_S_070,2023,8.710212668251206,-62.93071160067283,,,,,Venezuela
6786,t6HWvF06,VEN_S_070,2024,8.710212668251206,-62.93071160067283,,,,,Venezuela
6787,t6HWvF06,VEN_S_070,2025,8.710212668251206,-62.93071160067283,901.6186362952196,0.526368363544112,427.035110167631,1376.2021624228082,Venezuela
6788,t7upE6sS,TKM_S_112,2022,38.416308073525656,61.65969483843198,,,,,Turkmenistan
6789,t7upE6sS,TKM_S_112,2023,38.416308073525656,61.65969483843198,318.93697431951324,0.4684149307075646,169.54213359355813,468.3318150454684,Turkmenistan
6790,t7upE6sS,TKM_S_112,2024,38.416308073525656,61.65969483843198,197.8971606813508,0.5655217335039918,85.98201531731529,309.8123060453863,Turkmenistan
6791,t7upE6sS,TKM_S_112,2025,38.416308073525656,61.65969483843198,251.46672107195633,0.6389575312670144,90.79016578000821,412.1432763639044,Turkmenistan
6792,tBPmh3MN,DZA_S_234,2022,31.84542247184191,5.912243790152856,,,,,Algeria
6793,tBPmh3MN,DZA_S_234,2023,31.84542247184191,5.912243790152856,,,,,Algeria
6794,tBPmh3MN,DZA_S_234,2024,31.84542247184191,5.912243790152856,467.785213892052,0.8151118614098558,86.48793745649397,849.08249032761,Algeria
6795,tBPmh3MN,DZA_S_234,2025,31.84542247184191,5.912243790152856,701.7570883715849,0.5528316824477558,313.8035365374832,1089.7106402056866,Algeria
6796,tBX68xr2,TKM_S_080,2022,37.898341626321816,63.24615667899934,,,,,Turkmenistan
6797,tBX68xr2,TKM_S_080,2023,37.898341626321816,63.24615667899934,1335.3868742777051,0.6301857652119905,493.84507505696126,2176.928673498449,Turkmenistan
6798,tBX68xr2,TKM_S_080,2024,37.898341626321816,63.24615667899934,637.670298360371,0.4600369415938163,344.3184045574496,931.0221921632924,Turkmenistan
6799,tBX68xr2,TKM_S_080,2025,37.898341626321816,63.24615667899934,,,,,Turkmenistan
6800,tFzO5uLK,DZA_S_096,2022,28.65666494143136,8.95306717195236,,,,,Algeria
6801,tFzO5uLK,DZA_S_096,2023,28.65666494143136,8.95306717195236,,,,,Algeria
6802,tFzO5uLK,DZA_S_096,2024,28.65666494143136,8.95306717195236,,,,,Algeria
6803,tFzO5uLK,DZA_S_096,2025,28.65666494143136,8.95306717195236,524.3880604037075,0.7756823185589523,117.62951388512772,931.1466069222873,Algeria
6804,tK5Xqujg,VEN_S_008,2022,9.674041968107744,-63.47331258553792,,,,,Venezuela
6805,tK5Xqujg,VEN_S_008,2023,9.674041968107744,-63.47331258553792,,,,,Venezuela
6806,tK5Xqujg,VEN_S_008,2024,9.674041968107744,-63.47331258553792,3192.645991740212,0.611196913298215,1241.310616334676,5143.981367145749,Venezuela
6807,tK5Xqujg,VEN_S_008,2025,9.674041968107744,-63.47331258553792,1769.5851355675543,0.5821453096493658,739.4294488716653,2799.740822263443,Venezuela
6808,tL7G4Gmg,USA_S_011,2022,31.981853015557785,-103.70624538064108,,,,,United States of America
6809,tL7G4Gmg,USA_S_011,2023,31.981853015557785,-103.70624538064108,557.6317441039209,0.7886936888910919,117.83110680382612,997.4323814040158,United States of America
6810,tL7G4Gmg,USA_S_011,2024,31.981853015557785,-103.70624538064108,,,,,United States of America
6811,tL7G4Gmg,USA_S_011,2025,31.981853015557785,-103.70624538064108,70.80036146918222,0.8007214390417122,14.10899414890524,127.4917287894592,United States of America
6812,tN865vit,IRN_S_134,2022,31.28708618278013,48.88619743294313,,,,,Iran
6813,tN865vit,IRN_S_134,2023,31.28708618278013,48.88619743294313,,,,,Iran
6814,tN865vit,IRN_S_134,2024,31.28708618278013,48.88619743294313,,,,,Iran
6815,tN865vit,IRN_S_134,2025,31.28708618278013,48.88619743294313,823.4180865845389,0.5540139718956497,367.23296190512247,1279.6032112639552,Iran
6816,tPG6sLCX,CHN_S_695,2022,36.32911262422045,108.14187179058143,,,,,China
6817,tPG6sLCX,CHN_S_695,2023,36.32911262422045,108.14187179058143,,,,,China
6818,tPG6sLCX,CHN_S_695,2024,36.32911262422045,108.14187179058143,,,,,China
6819,tPG6sLCX,CHN_S_695,2025,36.32911262422045,108.14187179058143,33.72911828302195,0.9019313669918908,3.3077685225847837,64.15046804345911,China
6820,tRC7hxxU,CHN_S_300,2022,45.46912646450022,85.13131394276937,,,,,China
6821,tRC7hxxU,CHN_S_300,2023,45.46912646450022,85.13131394276937,662.300557954126,0.5712972628341928,283.93006202137514,1040.671053886877,China
6822,tRC7hxxU,CHN_S_300,2024,45.46912646450022,85.13131394276937,964.6959303130126,0.5388128533142255,444.90536352043705,1484.4864971055881,China
6823,tRC7hxxU,CHN_S_300,2025,45.46912646450022,85.13131394276937,1177.9178054805134,0.5987918509697429,472.59022244661924,1883.2453885144075,China
6824,tRNGeHrD,,2022,35.171797230220925,-119.44027677809753,,,,,United States of America
6825,tRNGeHrD,,2023,35.171797230220925,-119.44027677809753,,,,,United States of America
6826,tRNGeHrD,,2024,35.171797230220925,-119.44027677809753,,,,,United States of America
6827,tRNGeHrD,,2025,35.171797230220925,-119.44027677809753,149.3142882816447,0.6914075239925658,46.07726592412057,252.55131063916883,United States of America
6828,tRZPZZ5d,,2022,27.186910188564063,95.37265028060663,,,,,India
6829,tRZPZZ5d,,2023,27.186910188564063,95.37265028060663,,,,,India
6830,tRZPZZ5d,,2024,27.186910188564063,95.37265028060663,,,,,India
6831,tRZPZZ5d,,2025,27.186910188564063,95.37265028060663,72.72783847680769,0.8305091957438152,12.326699835248036,133.12897711836735,India
6832,tTNsLigk,,2022,8.963247351995282,-64.17128012460186,,,,,Venezuela
6833,tTNsLigk,,2023,8.963247351995282,-64.17128012460186,,,,,Venezuela
6834,tTNsLigk,,2024,8.963247351995282,-64.17128012460186,,,,,Venezuela
6835,tTNsLigk,,2025,8.963247351995282,-64.17128012460186,384.6486315326906,0.6313012450738702,141.8194715301427,627.4777915352386,Venezuela
6836,tTuJyTbT,USA_S_298,2022,32.067320323581036,-103.63649683688276,,,,,United States of America
6837,tTuJyTbT,USA_S_298,2023,32.067320323581036,-103.63649683688276,46.66899399785812,0.9214809146049212,3.6644067250202426,89.67358127069599,United States of America
6838,tTuJyTbT,USA_S_298,2024,32.067320323581036,-103.63649683688276,,,,,United States of America
6839,tTuJyTbT,USA_S_298,2025,32.067320323581036,-103.63649683688276,,,,,United States of America
6840,tVanISX1,DZA_S_078,2022,31.78968444347263,5.8992136178684875,,,,,Algeria
6841,tVanISX1,DZA_S_078,2023,31.78968444347263,5.8992136178684875,662.3722087877117,0.6897131316131416,205.52539837122538,1119.219019204198,Algeria
6842,tVanISX1,DZA_S_078,2024,31.78968444347263,5.8992136178684875,538.7236442535791,0.991734225186498,4.452968330109229,1072.9943201770488,Algeria
6843,tVanISX1,DZA_S_078,2025,31.78968444347263,5.8992136178684875,396.7717490617851,0.5842158847733243,164.9713906305949,628.5721074929753,Algeria
6844,tWdItOZD,USA_S_438,2022,32.437082254535035,-102.07689722430008,,,,,United States of America
6845,tWdItOZD,USA_S_438,2023,32.437082254535035,-102.07689722430008,,,,,United States of America
6846,tWdItOZD,USA_S_438,2024,32.437082254535035,-102.07689722430008,,,,,United States of America
6847,tWdItOZD,USA_S_438,2025,32.437082254535035,-102.07689722430008,665.2431539809894,0.6132244004295931,257.2998197411057,1073.1864882208731,United States of America
6848,tYZTk9ej,DZA_S_295,2022,28.66283818216944,9.84015297525558,,,,,Libya
6849,tYZTk9ej,DZA_S_295,2023,28.66283818216944,9.84015297525558,,,,,Libya
6850,tYZTk9ej,DZA_S_295,2024,28.66283818216944,9.84015297525558,,,,,Libya
6851,tYZTk9ej,DZA_S_295,2025,28.66283818216944,9.84015297525558,1740.9585587862657,0.9198211461053424,139.58806192157772,3342.3290556509537,Libya
6852,tYfo44eg,ARG_S_019,2022,-46.558801910086075,-67.92259975602248,,,,,Argentina
6853,tYfo44eg,ARG_S_019,2023,-46.558801910086075,-67.92259975602248,,,,,Argentina
6854,tYfo44eg,ARG_S_019,2024,-46.558801910086075,-67.92259975602248,,,,,Argentina
6855,tYfo44eg,ARG_S_019,2025,-46.558801910086075,-67.92259975602248,32.41798925593782,0.8881927757133434,3.6245653956610617,61.21141311621457,Argentina
6856,tcODScLQ,USA_S_177,2022,31.766186871905447,-103.87956359594612,,,,,United States of America
6857,tcODScLQ,USA_S_177,2023,31.766186871905447,-103.87956359594612,,,,,United States of America
6858,tcODScLQ,USA_S_177,2024,31.766186871905447,-103.87956359594612,325.97464484141375,0.9492209089551292,16.55269616872158,635.3965935141059,United States of America
6859,tcODScLQ,USA_S_177,2025,31.766186871905447,-103.87956359594612,569.5379424380621,0.7125447716316574,163.7166593079691,975.3592255681551,United States of America
6860,tdiLU0Kk,KAZ_S_039,2022,46.04877302865432,65.05135925263558,,,,,Kazakhstan
6861,tdiLU0Kk,KAZ_S_039,2023,46.04877302865432,65.05135925263558,491.2444780656081,0.6428592779433848,175.44340760267636,807.0455485285399,Kazakhstan
6862,tdiLU0Kk,KAZ_S_039,2024,46.04877302865432,65.05135925263558,,,,,Kazakhstan
6863,tdiLU0Kk,KAZ_S_039,2025,46.04877302865432,65.05135925263558,,,,,Kazakhstan
6864,tiZT2mBG,,2022,29.617654260639863,6.767120644889422,,,,,Algeria
6865,tiZT2mBG,,2023,29.617654260639863,6.767120644889422,,,,,Algeria
6866,tiZT2mBG,,2024,29.617654260639863,6.767120644889422,,,,,Algeria
6867,tiZT2mBG,,2025,29.617654260639863,6.767120644889422,226.2743340919516,0.7704523143524021,51.94074971225885,400.6079184716443,Algeria
6868,toSKdjls,USA_S_105,2022,31.75385522572268,-103.4999454152166,,,,,United States of America
6869,toSKdjls,USA_S_105,2023,31.75385522572268,-103.4999454152166,,,,,United States of America
6870,toSKdjls,USA_S_105,2024,31.75385522572268,-103.4999454152166,,,,,United States of America
6871,toSKdjls,USA_S_105,2025,31.75385522572268,-103.4999454152166,1179.0031143166536,0.5879048754007864,485.8614352971823,1872.144793336125,United States of America
6872,toYhI0ai,,2022,38.93957237541779,64.79769232877784,,,,,Uzbekistan
6873,toYhI0ai,,2023,38.93957237541779,64.79769232877784,,,,,Uzbekistan
6874,toYhI0ai,,2024,38.93957237541779,64.79769232877784,,,,,Uzbekistan
6875,toYhI0ai,,2025,38.93957237541779,64.79769232877784,155.94997916588957,0.778308265293259,34.572821408766174,277.327136923013,Uzbekistan
6876,tp4VdHAW,DZA_S_054,2022,29.64732375593974,6.962531590091225,,,,,Algeria
6877,tp4VdHAW,DZA_S_054,2023,29.64732375593974,6.962531590091225,917.3047797065896,0.4881084728897872,469.5605445095035,1365.0490149036757,Algeria
6878,tp4VdHAW,DZA_S_054,2024,29.64732375593974,6.962531590091225,574.6774015267354,0.7206820728396618,160.51770058033708,988.8371024731337,Algeria
6879,tp4VdHAW,DZA_S_054,2025,29.64732375593974,6.962531590091225,434.6579212360882,0.710431993945678,125.8630275680506,743.4528149041258,Algeria
6880,tpsC4iY4,,2022,48.50398337454055,-102.98645252400888,,,,,United States of America
6881,tpsC4iY4,,2023,48.50398337454055,-102.98645252400888,,,,,United States of America
6882,tpsC4iY4,,2024,48.50398337454055,-102.98645252400888,,,,,United States of America
6883,tpsC4iY4,,2025,48.50398337454055,-102.98645252400888,66.8539696601316,0.8446046291224646,10.388797409971652,123.31914191029153,United States of America
6884,tqiT8ZeY,USA_S_041,2022,32.35048089291228,-101.7837244503318,,,,,United States of America
6885,tqiT8ZeY,USA_S_041,2023,32.35048089291228,-101.7837244503318,,,,,United States of America
6886,tqiT8ZeY,USA_S_041,2024,32.35048089291228,-101.7837244503318,45.445999041478125,0.8648910836239908,6.140159684119261,84.75183839883698,United States of America
6887,tqiT8ZeY,USA_S_041,2025,32.35048089291228,-101.7837244503318,,,,,United States of America
6888,tqjLdWZS,TKM_S_057,2022,36.611135398482624,61.68555532423439,2413.1044721773474,0.5596947771377355,1062.502502411974,3763.7064419427206,Turkmenistan
6889,tqjLdWZS,TKM_S_057,2023,36.611135398482624,61.68555532423439,181.49954289993212,0.7428915759178882,46.665061446625174,316.3340243532391,Turkmenistan
6890,tqjLdWZS,TKM_S_057,2024,36.611135398482624,61.68555532423439,282.96487544625745,0.5581443633939979,125.02962517744419,440.9001257150707,Turkmenistan
6891,tqjLdWZS,TKM_S_057,2025,36.611135398482624,61.68555532423439,,,,,Turkmenistan
6892,tslgw4ur,TKM_S_319,2022,37.87475790960656,63.256812919502565,,,,,Turkmenistan
6893,tslgw4ur,TKM_S_319,2023,37.87475790960656,63.256812919502565,368.45773168921806,0.6364412432649782,133.95603484233837,602.9594285360978,Turkmenistan
6894,tslgw4ur,TKM_S_319,2024,37.87475790960656,63.256812919502565,423.89429020030434,0.4917607368837218,215.43972169060046,632.3488587100082,Turkmenistan
6895,tslgw4ur,TKM_S_319,2025,37.87475790960656,63.256812919502565,,,,,Turkmenistan
6896,tu5w5bhK,USA_S_038,2022,32.24407529544743,-101.9714394968928,,,,,United States of America
6897,tu5w5bhK,USA_S_038,2023,32.24407529544743,-101.9714394968928,532.1857554127238,0.5363164604472686,246.76577476931595,817.6057360561316,United States of America
6898,tu5w5bhK,USA_S_038,2024,32.24407529544743,-101.9714394968928,224.9790611400757,0.7715685168542795,51.39230061295922,398.56582166719215,United States of America
6899,tu5w5bhK,USA_S_038,2025,32.24407529544743,-101.9714394968928,,,,,United States of America
6900,tuoCd6sx,,2022,40.1161656179691,49.47192862813982,,,,,Azerbaijan
6901,tuoCd6sx,,2023,40.1161656179691,49.47192862813982,,,,,Azerbaijan
6902,tuoCd6sx,,2024,40.1161656179691,49.47192862813982,,,,,Azerbaijan
6903,tuoCd6sx,,2025,40.1161656179691,49.47192862813982,447.64839636093114,0.5997371686841475,179.17701456142726,716.1197781604351,Azerbaijan
6904,tvu3lHlR,USA_S_029,2022,32.41419638443425,-101.63866766966515,,,,,United States of America
6905,tvu3lHlR,USA_S_029,2023,32.41419638443425,-101.63866766966515,,,,,United States of America
6906,tvu3lHlR,USA_S_029,2024,32.41419638443425,-101.63866766966515,33.863758601071446,0.9162487940309672,2.8361306214839423,64.89138658065895,United States of America
6907,tvu3lHlR,USA_S_029,2025,32.41419638443425,-101.63866766966515,,,,,United States of America
6908,tynXVDZi,,2022,35.28709831986322,-119.51479167214092,,,,,United States of America
6909,tynXVDZi,,2023,35.28709831986322,-119.51479167214092,,,,,United States of America
6910,tynXVDZi,,2024,35.28709831986322,-119.51479167214092,,,,,United States of America
6911,tynXVDZi,,2025,35.28709831986322,-119.51479167214092,110.04397410285478,0.7825644277052911,23.927474486638346,196.1604737190712,United States of America
6912,tyos5oKb,IRN_S_048,2022,29.742981620200517,53.2457008186574,,,,,Iran
6913,tyos5oKb,IRN_S_048,2023,29.742981620200517,53.2457008186574,,,,,Iran
6914,tyos5oKb,IRN_S_048,2024,29.742981620200517,53.2457008186574,,,,,Iran
6915,tyos5oKb,IRN_S_048,2025,29.742981620200517,53.2457008186574,583.7306141933792,0.593756571321564,237.13672613448767,930.3245022522708,Iran
6916,tz0MPr4j,,2022,38.429029420181024,54.07690161347855,,,,,Turkmenistan
6917,tz0MPr4j,,2023,38.429029420181024,54.07690161347855,,,,,Turkmenistan
6918,tz0MPr4j,,2024,38.429029420181024,54.07690161347855,,,,,Turkmenistan
6919,tz0MPr4j,,2025,38.429029420181024,54.07690161347855,167.02169399102732,0.6658096761808917,55.817033999677435,278.2263539823772,Turkmenistan
6920,u0ABUwUD,IRQ_S_072,2022,30.763956748317852,47.327889169722766,,,,,Iraq
6921,u0ABUwUD,IRQ_S_072,2023,30.763956748317852,47.327889169722766,,,,,Iraq
6922,u0ABUwUD,IRQ_S_072,2024,30.763956748317852,47.327889169722766,,,,,Iraq
6923,u0ABUwUD,IRQ_S_072,2025,30.763956748317852,47.327889169722766,267.79942663889653,0.6374842569085695,97.0815081474586,438.51734513033443,Iraq
6924,u3nJY5MY,CHN_S_855,2022,45.445326836430105,85.15880860234222,,,,,China
6925,u3nJY5MY,CHN_S_855,2023,45.445326836430105,85.15880860234222,,,,,China
6926,u3nJY5MY,CHN_S_855,2024,45.445326836430105,85.15880860234222,,,,,China
6927,u3nJY5MY,CHN_S_855,2025,45.445326836430105,85.15880860234222,12.908305236305472,0.7925610272718517,2.6776855778805846,23.13892489473036,China
6928,u4ZJpzRi,USA_S_156,2022,31.89595282810084,-103.06560969540097,,,,,United States of America
6929,u4ZJpzRi,USA_S_156,2023,31.89595282810084,-103.06560969540097,,,,,United States of America
6930,u4ZJpzRi,USA_S_156,2024,31.89595282810084,-103.06560969540097,,,,,United States of America
6931,u4ZJpzRi,USA_S_156,2025,31.89595282810084,-103.06560969540097,987.6156566176036,0.5768791043326741,417.8808212031146,1557.3504920320925,United States of America
6932,u79QAvCc,IRN_S_188,2022,32.38249745039604,47.72124158869759,,,,,Iran
6933,u79QAvCc,IRN_S_188,2023,32.38249745039604,47.72124158869759,,,,,Iran
6934,u79QAvCc,IRN_S_188,2024,32.38249745039604,47.72124158869759,,,,,Iran
6935,u79QAvCc,IRN_S_188,2025,32.38249745039604,47.72124158869759,763.8934065024337,0.549509848637923,344.126456319774,1183.6603566850933,Iran
6936,u7gzSNo8,USA_S_381,2022,32.05632808788586,-101.82110938173852,,,,,United States of America
6937,u7gzSNo8,USA_S_381,2023,32.05632808788586,-101.82110938173852,3598.170259970967,0.5734727311689213,1534.7177337746289,5661.622786167305,United States of America
6938,u7gzSNo8,USA_S_381,2024,32.05632808788586,-101.82110938173852,,,,,United States of America
6939,u7gzSNo8,USA_S_381,2025,32.05632808788586,-101.82110938173852,,,,,United States of America
6940,uCZ7asvw,TKM_S_361,2022,38.78611065234054,64.62733342179511,,,,,Uzbekistan
6941,uCZ7asvw,TKM_S_361,2023,38.78611065234054,64.62733342179511,698.3614020947801,0.7115221060789882,201.46182647202704,1195.2609777175333,Uzbekistan
6942,uCZ7asvw,TKM_S_361,2024,38.78611065234054,64.62733342179511,,,,,Uzbekistan
6943,uCZ7asvw,TKM_S_361,2025,38.78611065234054,64.62733342179511,1274.0770463260576,0.5609680922676543,559.3604762465212,1988.793616405594,Uzbekistan
6944,uFmJhShf,YEM_S_024,2022,15.601426794456014,46.06751990188105,,,,,Yemen
6945,uFmJhShf,YEM_S_024,2023,15.601426794456014,46.06751990188105,,,,,Yemen
6946,uFmJhShf,YEM_S_024,2024,15.601426794456014,46.06751990188105,,,,,Yemen
6947,uFmJhShf,YEM_S_024,2025,15.601426794456014,46.06751990188105,1378.3874081384963,0.4937282279093662,697.8386357456923,2058.9361805313,Yemen
6948,uJN0I6JY,USA_S_567,2022,32.130932348956264,-103.9676809374191,,,,,United States of America
6949,uJN0I6JY,USA_S_567,2023,32.130932348956264,-103.9676809374191,,,,,United States of America
6950,uJN0I6JY,USA_S_567,2024,32.130932348956264,-103.9676809374191,,,,,United States of America
6951,uJN0I6JY,USA_S_567,2025,32.130932348956264,-103.9676809374191,321.25122675107525,0.8609200352366879,44.67960929671034,597.8228442054401,United States of America
6952,uKEZoWO2,USA_S_042,2022,32.277357730897776,-101.72576476514357,,,,,United States of America
6953,uKEZoWO2,USA_S_042,2023,32.277357730897776,-101.72576476514357,,,,,United States of America
6954,uKEZoWO2,USA_S_042,2024,32.277357730897776,-101.72576476514357,22.29652027224746,0.9365294472535072,1.4151724660029288,43.17786807849199,United States of America
6955,uKEZoWO2,USA_S_042,2025,32.277357730897776,-101.72576476514357,102.30574090593868,0.8586323721120456,14.46271991119221,190.14876190068514,United States of America
6956,uLUUJ2Th,TKM_S_094,2022,37.73826511322016,53.928851264687886,,,,,Turkmenistan
6957,uLUUJ2Th,TKM_S_094,2023,37.73826511322016,53.928851264687886,1615.0230391676912,0.5899903522885603,662.1750273350037,2567.8710510003784,Turkmenistan
6958,uLUUJ2Th,TKM_S_094,2024,37.73826511322016,53.928851264687886,700.4367482353482,0.659253067048181,238.6716736879403,1162.2018227827562,Turkmenistan
6959,uLUUJ2Th,TKM_S_094,2025,37.73826511322016,53.928851264687886,1032.46428624156,0.5655838112875456,448.5192002107831,1616.4093722723371,Turkmenistan
6960,uMy7j5I1,,2022,31.73265998784772,-102.176056478717,,,,,United States of America
6961,uMy7j5I1,,2023,31.73265998784772,-102.176056478717,,,,,United States of America
6962,uMy7j5I1,,2024,31.73265998784772,-102.176056478717,,,,,United States of America
6963,uMy7j5I1,,2025,31.73265998784772,-102.176056478717,181.89662689220063,0.8310122589050304,30.73830009130748,333.0549536930938,United States of America
6964,uOcGS09z,,2022,24.914326637276815,51.54862165081384,,,,,
6965,uOcGS09z,,2023,24.914326637276815,51.54862165081384,,,,,
6966,uOcGS09z,,2024,24.914326637276815,51.54862165081384,,,,,
6967,uOcGS09z,,2025,24.914326637276815,51.54862165081384,312.20996564620907,0.6630982284564917,105.1840905197457,519.2358407726724,
6968,uQHGfS7S,,2022,32.376095015734464,-101.90829320723358,,,,,United States of America
6969,uQHGfS7S,,2023,32.376095015734464,-101.90829320723358,,,,,United States of America
6970,uQHGfS7S,,2024,32.376095015734464,-101.90829320723358,,,,,United States of America
6971,uQHGfS7S,,2025,32.376095015734464,-101.90829320723358,230.09452355230505,0.7393912867295501,59.96463771354345,400.2244093910666,United States of America
6972,uQluXGud,UZB_S_039,2022,38.51924343914704,65.88570033824038,,,,,Uzbekistan
6973,uQluXGud,UZB_S_039,2023,38.51924343914704,65.88570033824038,,,,,Uzbekistan
6974,uQluXGud,UZB_S_039,2024,38.51924343914704,65.88570033824038,102.62673273468316,0.9049374572554902,9.755958167320202,195.49750730204613,Uzbekistan
6975,uQluXGud,UZB_S_039,2025,38.51924343914704,65.88570033824038,,,,,Uzbekistan
6976,uR9o0DNE,LBY_S_031,2022,28.912438372001663,20.96886601749388,1571.288464294199,0.6615313295938637,531.8319173341572,2610.745011254241,Libya
6977,uR9o0DNE,LBY_S_031,2023,28.912438372001663,20.96886601749388,1210.5937758603054,0.445952755989565,670.7261451315885,1750.4614065890223,Libya
6978,uR9o0DNE,LBY_S_031,2024,28.912438372001663,20.96886601749388,573.1488286997806,0.4620335890664009,308.33481830641716,837.9628390931439,Libya
6979,uR9o0DNE,LBY_S_031,2025,28.912438372001663,20.96886601749388,845.3492144185035,0.6154371135642095,325.0899339430076,1365.6084948939993,Libya
6980,uU5okPJU,DZA_S_356,2022,28.39950933442904,9.54472142252619,,,,,Algeria
6981,uU5okPJU,DZA_S_356,2023,28.39950933442904,9.54472142252619,,,,,Algeria
6982,uU5okPJU,DZA_S_356,2024,28.39950933442904,9.54472142252619,,,,,Algeria
6983,uU5okPJU,DZA_S_356,2025,28.39950933442904,9.54472142252619,1740.025042544441,0.5833882785247093,724.9148283845554,2755.135256704327,Algeria
6984,uV64Zi13,VEN_S_073,2022,9.469425946322614,-64.39592829497732,,,,,Venezuela
6985,uV64Zi13,VEN_S_073,2023,9.469425946322614,-64.39592829497732,,,,,Venezuela
6986,uV64Zi13,VEN_S_073,2024,9.469425946322614,-64.39592829497732,,,,,Venezuela
6987,uV64Zi13,VEN_S_073,2025,9.469425946322614,-64.39592829497732,732.9416658896755,0.5988969761978157,293.98511845895916,1171.8982133203917,Venezuela
6988,uXCU1ZbU,,2022,36.893473866773405,-107.64473209745866,,,,,United States of America
6989,uXCU1ZbU,,2023,36.893473866773405,-107.64473209745866,,,,,United States of America
6990,uXCU1ZbU,,2024,36.893473866773405,-107.64473209745866,,,,,United States of America
6991,uXCU1ZbU,,2025,36.893473866773405,-107.64473209745866,151.61262964033466,0.8105718020122084,28.719707224959038,274.50555205571027,United States of America
6992,uaH4GiRG,CHN_S_029,2022,45.727771376662496,85.3004904890893,,,,,China
6993,uaH4GiRG,CHN_S_029,2023,45.727771376662496,85.3004904890893,1268.328486782684,0.5481606736761623,573.0806890252204,1963.5762845401475,China
6994,uaH4GiRG,CHN_S_029,2024,45.727771376662496,85.3004904890893,,,,,China
6995,uaH4GiRG,CHN_S_029,2025,45.727771376662496,85.3004904890893,,,,,China
6996,uaLQhHOB,VEN_S_055,2022,9.385879485621707,-63.48630585958134,,,,,Venezuela
6997,uaLQhHOB,VEN_S_055,2023,9.385879485621707,-63.48630585958134,,,,,Venezuela
6998,uaLQhHOB,VEN_S_055,2024,9.385879485621707,-63.48630585958134,,,,,Venezuela
6999,uaLQhHOB,VEN_S_055,2025,9.385879485621707,-63.48630585958134,11.721276908762835,0.8297517402052297,1.995526996289497,21.44702682123617,Venezuela
7000,ugtaKUZy,USA_S_384,2022,32.39427370355841,-102.31521491473512,,,,,United States of America
7001,ugtaKUZy,USA_S_384,2023,32.39427370355841,-102.31521491473512,165.31124512790845,0.7979671229534279,33.398306461342486,297.2241837944744,United States of America
7002,ugtaKUZy,USA_S_384,2024,32.39427370355841,-102.31521491473512,,,,,United States of America
7003,ugtaKUZy,USA_S_384,2025,32.39427370355841,-102.31521491473512,,,,,United States of America
7004,unidFJjZ,CHN_S_030,2022,44.638426243467435,124.01535020287346,,,,,China
7005,unidFJjZ,CHN_S_030,2023,44.638426243467435,124.01535020287346,1119.4559584028882,0.5386156508466114,516.4994587735994,1722.412458032177,China
7006,unidFJjZ,CHN_S_030,2024,44.638426243467435,124.01535020287346,,,,,China
7007,unidFJjZ,CHN_S_030,2025,44.638426243467435,124.01535020287346,,,,,China
7008,uqnSDf8q,,2022,31.325676357082457,-103.70586472736714,,,,,United States of America
7009,uqnSDf8q,,2023,31.325676357082457,-103.70586472736714,,,,,United States of America
7010,uqnSDf8q,,2024,31.325676357082457,-103.70586472736714,,,,,United States of America
7011,uqnSDf8q,,2025,31.325676357082457,-103.70586472736714,419.2032183672334,0.6562596022512323,144.09708101911633,694.3093557153504,United States of America
7012,uvN2GvOS,,2022,45.47124236879158,85.1411008971279,,,,,China
7013,uvN2GvOS,,2023,45.47124236879158,85.1411008971279,,,,,China
7014,uvN2GvOS,,2024,45.47124236879158,85.1411008971279,,,,,China
7015,uvN2GvOS,,2025,45.47124236879158,85.1411008971279,177.9681607663891,0.7730915858176679,40.38247313444768,315.5538483983305,China
7016,ux4SSojo,SYR_S_022,2022,35.30626065823465,40.44906817275498,2969.7089430548667,0.5109241351510586,1452.4129696741945,4487.004916435539,Syria
7017,ux4SSojo,SYR_S_022,2023,35.30626065823465,40.44906817275498,,,,,Syria
7018,ux4SSojo,SYR_S_022,2024,35.30626065823465,40.44906817275498,681.3702470334633,0.5815691469491616,285.1063337096725,1077.6341603572541,Syria
7019,ux4SSojo,SYR_S_022,2025,35.30626065823465,40.44906817275498,2108.32663050268,0.4288049704679626,1204.2656919731592,3012.387569032201,Syria
7020,uxYI73cF,,2022,27.257899205191823,95.15066318798466,,,,,India
7021,uxYI73cF,,2023,27.257899205191823,95.15066318798466,,,,,India
7022,uxYI73cF,,2024,27.257899205191823,95.15066318798466,,,,,India
7023,uxYI73cF,,2025,27.257899205191823,95.15066318798466,213.07025092445255,0.5566587988632878,94.46282097134745,331.67768087755763,India
7024,uy2Sv0dX,LBY_S_111,2022,29.075293745147608,19.082935326491015,,,,,Libya
7025,uy2Sv0dX,LBY_S_111,2023,29.075293745147608,19.082935326491015,,,,,Libya
7026,uy2Sv0dX,LBY_S_111,2024,29.075293745147608,19.082935326491015,,,,,Libya
7027,uy2Sv0dX,LBY_S_111,2025,29.075293745147608,19.082935326491015,1015.3305884912612,0.5580840979881525,448.6907328533356,1581.970444129187,Libya
7028,uyXYtWGc,,2022,28.2073080406299,9.52292317599563,,,,,Algeria
7029,uyXYtWGc,,2023,28.2073080406299,9.52292317599563,,,,,Algeria
7030,uyXYtWGc,,2024,28.2073080406299,9.52292317599563,,,,,Algeria
7031,uyXYtWGc,,2025,28.2073080406299,9.52292317599563,252.96695769509347,0.7534220758696042,62.3760673020378,443.55784808814917,Algeria
7032,uydf7Ffq,DZA_S_351,2022,30.835831213812412,6.560564534753043,,,,,Algeria
7033,uydf7Ffq,DZA_S_351,2023,30.835831213812412,6.560564534753043,,,,,Algeria
7034,uydf7Ffq,DZA_S_351,2024,30.835831213812412,6.560564534753043,,,,,Algeria
7035,uydf7Ffq,DZA_S_351,2025,30.835831213812412,6.560564534753043,1222.756522067909,0.8200899299513221,219.98621153771523,2225.5268325981024,Algeria
7036,uz1zbABv,LBY_S_056,2022,28.223421157746497,18.82712136582077,,,,,Libya
7037,uz1zbABv,LBY_S_056,2023,28.223421157746497,18.82712136582077,615.6566735459704,0.7379117108372829,161.35640428127283,1069.956942810668,Libya
7038,uz1zbABv,LBY_S_056,2024,28.223421157746497,18.82712136582077,,,,,Libya
7039,uz1zbABv,LBY_S_056,2025,28.223421157746497,18.82712136582077,,,,,Libya
7040,uz3yqDOF,BHR_S_028,2022,25.94578376329265,50.56606971458983,,,,,
7041,uz3yqDOF,BHR_S_028,2023,25.94578376329265,50.56606971458983,,,,,
7042,uz3yqDOF,BHR_S_028,2024,25.94578376329265,50.56606971458983,,,,,
7043,uz3yqDOF,BHR_S_028,2025,25.94578376329265,50.56606971458983,278.13635962213453,0.8607619476984126,38.727164988039874,517.5455542562293,
7044,v11Q3UlM,MEX_S_095,2022,17.647003966709843,-93.08740278693598,,,,,Mexico
7045,v11Q3UlM,MEX_S_095,2023,17.647003966709843,-93.08740278693598,,,,,Mexico
7046,v11Q3UlM,MEX_S_095,2024,17.647003966709843,-93.08740278693598,,,,,Mexico
7047,v11Q3UlM,MEX_S_095,2025,17.647003966709843,-93.08740278693598,312.85103759189224,0.8185262213509293,56.774259946083134,568.9278152377013,Mexico
7048,v1KmwVTT,,2022,36.59601503293028,61.48309369338381,,,,,Turkmenistan
7049,v1KmwVTT,,2023,36.59601503293028,61.48309369338381,,,,,Turkmenistan
7050,v1KmwVTT,,2024,36.59601503293028,61.48309369338381,,,,,Turkmenistan
7051,v1KmwVTT,,2025,36.59601503293028,61.48309369338381,108.23591537080418,0.803951682527692,21.219469098521273,195.25236164308708,Turkmenistan
7052,v1PjYsCl,USA_S_372,2022,31.968621175157192,-101.69815430668348,,,,,United States of America
7053,v1PjYsCl,USA_S_372,2023,31.968621175157192,-101.69815430668348,529.8294350206139,0.667784179279485,176.01772059726005,883.6411494439678,United States of America
7054,v1PjYsCl,USA_S_372,2024,31.968621175157192,-101.69815430668348,,,,,United States of America
7055,v1PjYsCl,USA_S_372,2025,31.968621175157192,-101.69815430668348,,,,,United States of America
7056,v2g8IM7l,CHN_S_020,2022,36.08687716650434,107.64209702121283,,,,,China
7057,v2g8IM7l,CHN_S_020,2023,36.08687716650434,107.64209702121283,930.122969726474,0.6295752256165308,344.5405912098115,1515.7053482431365,China
7058,v2g8IM7l,CHN_S_020,2024,36.08687716650434,107.64209702121283,,,,,China
7059,v2g8IM7l,CHN_S_020,2025,36.08687716650434,107.64209702121283,,,,,China
7060,v5Abde1U,,2022,39.904941916166365,49.265518840964766,,,,,Azerbaijan
7061,v5Abde1U,,2023,39.904941916166365,49.265518840964766,,,,,Azerbaijan
7062,v5Abde1U,,2024,39.904941916166365,49.265518840964766,,,,,Azerbaijan
7063,v5Abde1U,,2025,39.904941916166365,49.265518840964766,248.6008178689756,0.7284180746010431,67.5154887726118,429.6861469653394,Azerbaijan
7064,v9Xe7KbQ,USA_S_482,2022,41.31804394540794,-110.85535863067471,,,,,United States of America
7065,v9Xe7KbQ,USA_S_482,2023,41.31804394540794,-110.85535863067471,,,,,United States of America
7066,v9Xe7KbQ,USA_S_482,2024,41.31804394540794,-110.85535863067471,,,,,United States of America
7067,v9Xe7KbQ,USA_S_482,2025,41.31804394540794,-110.85535863067471,416.2182588999603,0.9682047415866551,13.233767098076726,819.2027507018438,United States of America
7068,vAP1yi0g,USA_S_157,2022,40.041378936734006,-109.57028603576548,,,,,United States of America
7069,vAP1yi0g,USA_S_157,2023,40.041378936734006,-109.57028603576548,709.6725432860411,0.6766269921855508,229.488944885737,1189.8561416863452,United States of America
7070,vAP1yi0g,USA_S_157,2024,40.041378936734006,-109.57028603576548,,,,,United States of America
7071,vAP1yi0g,USA_S_157,2025,40.041378936734006,-109.57028603576548,,,,,United States of America
7072,vEdHQXN8,,2022,26.984591940299993,94.92989660469806,,,,,India
7073,vEdHQXN8,,2023,26.984591940299993,94.92989660469806,,,,,India
7074,vEdHQXN8,,2024,26.984591940299993,94.92989660469806,,,,,India
7075,vEdHQXN8,,2025,26.984591940299993,94.92989660469806,153.16658721423005,0.7538645179631819,37.69973177590886,268.63344265255125,India
7076,vHQ1OSAU,DZA_S_278,2022,29.630288979727716,6.770021149130714,,,,,Algeria
7077,vHQ1OSAU,DZA_S_278,2023,29.630288979727716,6.770021149130714,,,,,Algeria
7078,vHQ1OSAU,DZA_S_278,2024,29.630288979727716,6.770021149130714,,,,,Algeria
7079,vHQ1OSAU,DZA_S_278,2025,29.630288979727716,6.770021149130714,310.6078741809018,0.7494251537588771,77.8305203141615,543.385228047642,Algeria
7080,vI8oy4TU,DZA_S_050,2022,27.721034088832656,9.87941603544136,133.95443941560515,0.4930370281065041,67.90994070446243,199.99893812674787,Libya
7081,vI8oy4TU,DZA_S_050,2023,27.721034088832656,9.87941603544136,829.1841800026458,0.7054110451040219,244.26850100325805,1414.0998590020336,Libya
7082,vI8oy4TU,DZA_S_050,2024,27.721034088832656,9.87941603544136,800.5021610119998,0.5623710397789635,350.3229283783742,1250.6813936456253,Libya
7083,vI8oy4TU,DZA_S_050,2025,27.721034088832656,9.87941603544136,597.1329658176484,0.6359281462860884,217.39930577891704,976.8666258563796,Libya
7084,vMc6Fwmr,TKM_S_403,2022,37.964383753455174,63.452755019925654,,,,,Turkmenistan
7085,vMc6Fwmr,TKM_S_403,2023,37.964383753455174,63.452755019925654,203.0611536453952,0.6001979140439911,81.18427280406262,324.93803448672776,Turkmenistan
7086,vMc6Fwmr,TKM_S_403,2024,37.964383753455174,63.452755019925654,,,,,Turkmenistan
7087,vMc6Fwmr,TKM_S_403,2025,37.964383753455174,63.452755019925654,1432.4604214954732,0.6034647187632626,568.0210960982029,2296.8997468927437,Turkmenistan
7088,vNO89FTe,,2022,31.854737938346833,-101.80143864199589,,,,,United States of America
7089,vNO89FTe,,2023,31.854737938346833,-101.80143864199589,,,,,United States of America
7090,vNO89FTe,,2024,31.854737938346833,-101.80143864199589,,,,,United States of America
7091,vNO89FTe,,2025,31.854737938346833,-101.80143864199589,215.8272014435888,0.7454324176029596,54.94260888701342,376.71179400016416,United States of America
7092,vNOapaQD,,2022,-45.88251604750554,-67.91577817273394,,,,,Argentina
7093,vNOapaQD,,2023,-45.88251604750554,-67.91577817273394,,,,,Argentina
7094,vNOapaQD,,2024,-45.88251604750554,-67.91577817273394,,,,,Argentina
7095,vNOapaQD,,2025,-45.88251604750554,-67.91577817273394,470.11004353221495,0.7202349338521268,131.52036742556965,808.6997196388602,Argentina
7096,vPyuD8l4,TKM_S_369,2022,36.45200367295407,61.58848909122424,,,,,Turkmenistan
7097,vPyuD8l4,TKM_S_369,2023,36.45200367295407,61.58848909122424,880.1954158534375,0.5270583153327442,416.28110281012056,1344.1097288967544,Turkmenistan
7098,vPyuD8l4,TKM_S_369,2024,36.45200367295407,61.58848909122424,,,,,Turkmenistan
7099,vPyuD8l4,TKM_S_369,2025,36.45200367295407,61.58848909122424,,,,,Turkmenistan
7100,vRMUbpVJ,,2022,32.342407384998154,-102.01285511925444,,,,,United States of America
7101,vRMUbpVJ,,2023,32.342407384998154,-102.01285511925444,,,,,United States of America
7102,vRMUbpVJ,,2024,32.342407384998154,-102.01285511925444,,,,,United States of America
7103,vRMUbpVJ,,2025,32.342407384998154,-102.01285511925444,194.98125134367697,0.8179596970830619,35.494446057726606,354.4680566296273,United States of America
7104,vS7jsV3W,DZA_S_008,2022,28.574869478892328,7.654866519037717,89.7933341700902,0.6010014484247378,35.82741027497949,143.75925806520092,Algeria
7105,vS7jsV3W,DZA_S_008,2023,28.574869478892328,7.654866519037717,,,,,Algeria
7106,vS7jsV3W,DZA_S_008,2024,28.574869478892328,7.654866519037717,530.397582391796,0.4955867553734656,267.5395654763155,793.2555993072766,Algeria
7107,vS7jsV3W,DZA_S_008,2025,28.574869478892328,7.654866519037717,,,,,Algeria
7108,vSEa80vS,IND_S_013,2022,23.51208647348233,72.41344606067074,,,,,India
7109,vSEa80vS,IND_S_013,2023,23.51208647348233,72.41344606067074,131.23059080913575,0.8355249728166452,21.58415499062032,240.87702662765116,India
7110,vSEa80vS,IND_S_013,2024,23.51208647348233,72.41344606067074,269.38260391953025,0.9554352894527044,12.004957770150668,526.7602500689098,India
7111,vSEa80vS,IND_S_013,2025,23.51208647348233,72.41344606067074,,,,,India
7112,vXT6PL3u,,2022,32.241515530593695,-101.90451594290369,,,,,United States of America
7113,vXT6PL3u,,2023,32.241515530593695,-101.90451594290369,,,,,United States of America
7114,vXT6PL3u,,2024,32.241515530593695,-101.90451594290369,,,,,United States of America
7115,vXT6PL3u,,2025,32.241515530593695,-101.90451594290369,270.9815453858231,0.7195871246180119,75.98671431709337,465.9763764545528,United States of America
7116,vYIa1OYs,IRQ_S_069,2022,30.45305946661258,47.6038353371794,,,,,Iraq
7117,vYIa1OYs,IRQ_S_069,2023,30.45305946661258,47.6038353371794,,,,,Iraq
7118,vYIa1OYs,IRQ_S_069,2024,30.45305946661258,47.6038353371794,,,,,Iraq
7119,vYIa1OYs,IRQ_S_069,2025,30.45305946661258,47.6038353371794,308.2803068570433,0.7368175809352412,81.13395690866281,535.4266568054238,Iraq
7120,vfbgrHbR,IRN_S_197,2022,30.437121327323144,50.55557332381906,,,,,Iran
7121,vfbgrHbR,IRN_S_197,2023,30.437121327323144,50.55557332381906,,,,,Iran
7122,vfbgrHbR,IRN_S_197,2024,30.437121327323144,50.55557332381906,,,,,Iran
7123,vfbgrHbR,IRN_S_197,2025,30.437121327323144,50.55557332381906,1010.7637467733666,0.5198002830052965,485.3684651490769,1536.1590283976564,Iran
7124,vh6GwRKU,,2022,38.65625613587423,54.36775881847904,,,,,Turkmenistan
7125,vh6GwRKU,,2023,38.65625613587423,54.36775881847904,,,,,Turkmenistan
7126,vh6GwRKU,,2024,38.65625613587423,54.36775881847904,,,,,Turkmenistan
7127,vh6GwRKU,,2025,38.65625613587423,54.36775881847904,140.5315101363956,0.7757011536113108,31.521055604853927,249.5419646679373,Turkmenistan
7128,viLwaRip,,2022,31.849681743849647,-102.15152481639042,,,,,United States of America
7129,viLwaRip,,2023,31.849681743849647,-102.15152481639042,,,,,United States of America
7130,viLwaRip,,2024,31.849681743849647,-102.15152481639042,,,,,United States of America
7131,viLwaRip,,2025,31.849681743849647,-102.15152481639042,449.8825401756483,0.6594382070662109,153.21280449182615,746.5522758594705,United States of America
7132,viNbPzi1,,2022,38.35385958474837,54.03333283099008,,,,,Turkmenistan
7133,viNbPzi1,,2023,38.35385958474837,54.03333283099008,,,,,Turkmenistan
7134,viNbPzi1,,2024,38.35385958474837,54.03333283099008,,,,,Turkmenistan
7135,viNbPzi1,,2025,38.35385958474837,54.03333283099008,102.93140661824226,0.8430418597127607,16.155922159948943,189.70689107653558,Turkmenistan
7136,vkraLKrl,TKM_S_358,2022,38.105461034220134,54.00341046948317,,,,,Turkmenistan
7137,vkraLKrl,TKM_S_358,2023,38.105461034220134,54.00341046948317,,,,,Turkmenistan
7138,vkraLKrl,TKM_S_358,2024,38.105461034220134,54.00341046948317,,,,,Turkmenistan
7139,vkraLKrl,TKM_S_358,2025,38.105461034220134,54.00341046948317,814.1031720073879,0.517646215650335,392.6857458688298,1235.520598145946,Turkmenistan
7140,vlECjHIv,,2022,36.303603276420645,61.37572869522376,,,,,Turkmenistan
7141,vlECjHIv,,2023,36.303603276420645,61.37572869522376,,,,,Turkmenistan
7142,vlECjHIv,,2024,36.303603276420645,61.37572869522376,,,,,Turkmenistan
7143,vlECjHIv,,2025,36.303603276420645,61.37572869522376,308.9536718225132,0.6753942849764741,100.28812755109064,517.6192160939357,Turkmenistan
7144,vlLCaHhs,,2022,32.30380595654197,-101.84138689730354,,,,,United States of America
7145,vlLCaHhs,,2023,32.30380595654197,-101.84138689730354,,,,,United States of America
7146,vlLCaHhs,,2024,32.30380595654197,-101.84138689730354,,,,,United States of America
7147,vlLCaHhs,,2025,32.30380595654197,-101.84138689730354,314.11451791793843,0.7033087735388356,93.19502157033057,535.0340142655463,United States of America
7148,vllop1Ck,,2022,31.586090573514575,-103.26181568328307,,,,,United States of America
7149,vllop1Ck,,2023,31.586090573514575,-103.26181568328307,,,,,United States of America
7150,vllop1Ck,,2024,31.586090573514575,-103.26181568328307,,,,,United States of America
7151,vllop1Ck,,2025,31.586090573514575,-103.26181568328307,309.9574799620137,0.7148188582768413,88.39402802120014,531.5209319028272,United States of America
7152,vmMPGZLs,USA_S_053,2022,31.855568082882797,-101.76343705087594,,,,,United States of America
7153,vmMPGZLs,USA_S_053,2023,31.855568082882797,-101.76343705087594,2665.5879277530616,0.5535158266536041,1190.1428224049582,4141.033033101165,United States of America
7154,vmMPGZLs,USA_S_053,2024,31.855568082882797,-101.76343705087594,1982.9251797021989,0.5431503791013226,905.8986166173913,3059.9517427870064,United States of America
7155,vmMPGZLs,USA_S_053,2025,31.855568082882797,-101.76343705087594,517.8684534201979,0.6734961616457348,169.0860378042816,866.650869036114,United States of America
7156,vtxhzibg,USA_S_349,2022,32.755942794569485,-104.22495785107814,,,,,United States of America
7157,vtxhzibg,USA_S_349,2023,32.755942794569485,-104.22495785107814,388.4933885242128,0.5422801392523929,177.8211396966687,599.1656373517569,United States of America
7158,vtxhzibg,USA_S_349,2024,32.755942794569485,-104.22495785107814,,,,,United States of America
7159,vtxhzibg,USA_S_349,2025,32.755942794569485,-104.22495785107814,,,,,United States of America
7160,vwcKMyIo,,2022,31.833797741237294,-101.78062494230812,,,,,United States of America
7161,vwcKMyIo,,2023,31.833797741237294,-101.78062494230812,,,,,United States of America
7162,vwcKMyIo,,2024,31.833797741237294,-101.78062494230812,,,,,United States of America
7163,vwcKMyIo,,2025,31.833797741237294,-101.78062494230812,276.4724154562843,0.6978336704038971,83.5406550129943,469.4041758995743,United States of America
7164,w1g5oFN1,DZA_S_288,2022,28.479112168277336,7.519442590708209,,,,,Algeria
7165,w1g5oFN1,DZA_S_288,2023,28.479112168277336,7.519442590708209,,,,,Algeria
7166,w1g5oFN1,DZA_S_288,2024,28.479112168277336,7.519442590708209,86.58362405965876,0.8710760913002709,11.16269924315911,162.00454887615842,Algeria
7167,w1g5oFN1,DZA_S_288,2025,28.479112168277336,7.519442590708209,,,,,Algeria
7168,w1ypAFlv,,2022,38.94008403278409,64.7910054294358,,,,,Uzbekistan
7169,w1ypAFlv,,2023,38.94008403278409,64.7910054294358,,,,,Uzbekistan
7170,w1ypAFlv,,2024,38.94008403278409,64.7910054294358,,,,,Uzbekistan
7171,w1ypAFlv,,2025,38.94008403278409,64.7910054294358,216.2193148333822,0.7562766793747066,52.69768939451768,379.74094027224675,Uzbekistan
7172,w3g0b5q1,,2022,43.55227879311304,51.98443462551055,,,,,Kazakhstan
7173,w3g0b5q1,,2023,43.55227879311304,51.98443462551055,,,,,Kazakhstan
7174,w3g0b5q1,,2024,43.55227879311304,51.98443462551055,,,,,Kazakhstan
7175,w3g0b5q1,,2025,43.55227879311304,51.98443462551055,318.4953744594097,0.7555672869937499,77.85068845905505,559.1400604597643,Kazakhstan
7176,w5EPuHAZ,LBY_S_132,2022,29.399365350256897,21.20108575237087,,,,,Libya
7177,w5EPuHAZ,LBY_S_132,2023,29.399365350256897,21.20108575237087,,,,,Libya
7178,w5EPuHAZ,LBY_S_132,2024,29.399365350256897,21.20108575237087,,,,,Libya
7179,w5EPuHAZ,LBY_S_132,2025,29.399365350256897,21.20108575237087,1054.431322245913,0.5115308080632802,515.057215930228,1593.8054285615979,Libya
7180,w5bMnM7Q,,2022,31.93886039780059,-101.88573644812618,,,,,United States of America
7181,w5bMnM7Q,,2023,31.93886039780059,-101.88573644812618,,,,,United States of America
7182,w5bMnM7Q,,2024,31.93886039780059,-101.88573644812618,,,,,United States of America
7183,w5bMnM7Q,,2025,31.93886039780059,-101.88573644812618,393.37594065831354,0.70809263427949,114.82933457539599,671.9225467412311,United States of America
7184,w5dd2dyh,,2022,39.92287435349671,112.89915748973364,,,,,China
7185,w5dd2dyh,,2023,39.92287435349671,112.89915748973364,,,,,China
7186,w5dd2dyh,,2024,39.92287435349671,112.89915748973364,,,,,China
7187,w5dd2dyh,,2025,39.92287435349671,112.89915748973364,306.6524556580798,0.7276641320453162,83.51246267207836,529.7924486440813,China
7188,w7lmAyCS,,2022,32.05389782302468,-103.50711204726916,,,,,United States of America
7189,w7lmAyCS,,2023,32.05389782302468,-103.50711204726916,,,,,United States of America
7190,w7lmAyCS,,2024,32.05389782302468,-103.50711204726916,,,,,United States of America
7191,w7lmAyCS,,2025,32.05389782302468,-103.50711204726916,188.29671094879927,0.8225948862762336,33.40479941968292,343.1886224779156,United States of America
7192,w8GkaR1d,,2022,36.59385418371559,-107.91429325041577,,,,,United States of America
7193,w8GkaR1d,,2023,36.59385418371559,-107.91429325041577,,,,,United States of America
7194,w8GkaR1d,,2024,36.59385418371559,-107.91429325041577,,,,,United States of America
7195,w8GkaR1d,,2025,36.59385418371559,-107.91429325041577,449.86324368252053,0.7224789907038403,124.84650143201736,774.8799859330237,United States of America
7196,w9R8OMU2,,2022,31.795735967206703,-101.72536958727925,,,,,United States of America
7197,w9R8OMU2,,2023,31.795735967206703,-101.72536958727925,,,,,United States of America
7198,w9R8OMU2,,2024,31.795735967206703,-101.72536958727925,,,,,United States of America
7199,w9R8OMU2,,2025,31.795735967206703,-101.72536958727925,135.34370320860293,0.8573667988110188,19.30450564941441,251.38290076779145,United States of America
7200,wCgTXi3S,,2022,31.870036185409333,-101.63320203151088,,,,,United States of America
7201,wCgTXi3S,,2023,31.870036185409333,-101.63320203151088,,,,,United States of America
7202,wCgTXi3S,,2024,31.870036185409333,-101.63320203151088,,,,,United States of America
7203,wCgTXi3S,,2025,31.870036185409333,-101.63320203151088,244.13356410738513,0.7759318482240585,54.70255649601512,433.56457171875513,United States of America
7204,wDHJXwX0,,2022,38.51445869766752,54.24416225446686,,,,,Turkmenistan
7205,wDHJXwX0,,2023,38.51445869766752,54.24416225446686,,,,,Turkmenistan
7206,wDHJXwX0,,2024,38.51445869766752,54.24416225446686,,,,,Turkmenistan
7207,wDHJXwX0,,2025,38.51445869766752,54.24416225446686,226.918920346354,0.7097693152669546,65.8588336310057,387.9790070617023,Turkmenistan
7208,wDm3BMaE,ARG_S_006,2022,-45.78168309289391,-68.53850366552645,,,,,Argentina
7209,wDm3BMaE,ARG_S_006,2023,-45.78168309289391,-68.53850366552645,1247.30093509701,0.6537889162069412,431.82940855603147,2062.7724616379887,Argentina
7210,wDm3BMaE,ARG_S_006,2024,-45.78168309289391,-68.53850366552645,261.9748155550376,0.9487574034265928,13.424269785879574,510.5253613241956,Argentina
7211,wDm3BMaE,ARG_S_006,2025,-45.78168309289391,-68.53850366552645,217.32731195866097,0.7868126553189091,46.33143256314602,388.32319135417595,Argentina
7212,wE6Yfi2i,USA_S_028,2022,31.42250841566115,-103.18363786797076,,,,,United States of America
7213,wE6Yfi2i,USA_S_028,2023,31.42250841566115,-103.18363786797076,212.66333528367193,0.7917077932791784,44.296115394846,381.0305551724979,United States of America
7214,wE6Yfi2i,USA_S_028,2024,31.42250841566115,-103.18363786797076,518.6342491453014,0.5038207668816493,257.33554400982723,779.9329542807756,United States of America
7215,wE6Yfi2i,USA_S_028,2025,31.42250841566115,-103.18363786797076,,,,,United States of America
7216,wF5Sz2WH,USA_S_909,2022,31.904260151113935,-103.76781794639022,,,,,United States of America
7217,wF5Sz2WH,USA_S_909,2023,31.904260151113935,-103.76781794639022,465.56678328035144,0.8419411865432465,73.58693335016989,857.546633210533,United States of America
7218,wF5Sz2WH,USA_S_909,2024,31.904260151113935,-103.76781794639022,,,,,United States of America
7219,wF5Sz2WH,USA_S_909,2025,31.904260151113935,-103.76781794639022,279.4175253524687,0.6542029033438179,96.62176902173883,462.2132816831986,United States of America
7220,wF8MSDrS,CHN_S_683,2022,37.30106226142666,94.30147918387658,,,,,China
7221,wF8MSDrS,CHN_S_683,2023,37.30106226142666,94.30147918387658,,,,,China
7222,wF8MSDrS,CHN_S_683,2024,37.30106226142666,94.30147918387658,,,,,China
7223,wF8MSDrS,CHN_S_683,2025,37.30106226142666,94.30147918387658,313.20925075356485,0.7327682604190272,83.69945293172825,542.7190485754014,China
7224,wNssV3ir,KAZ_S_131,2022,43.305383604397505,52.707990545117426,,,,,Kazakhstan
7225,wNssV3ir,KAZ_S_131,2023,43.305383604397505,52.707990545117426,,,,,Kazakhstan
7226,wNssV3ir,KAZ_S_131,2024,43.305383604397505,52.707990545117426,,,,,Kazakhstan
7227,wNssV3ir,KAZ_S_131,2025,43.305383604397505,52.707990545117426,1066.5208946635792,0.7507325116533525,265.8489846820097,1867.1928046451485,Kazakhstan
7228,wPmaq2kV,UZB_S_118,2022,38.53498702191535,66.04822545362656,,,,,Uzbekistan
7229,wPmaq2kV,UZB_S_118,2023,38.53498702191535,66.04822545362656,399.2470704690619,0.930905642668822,27.585719750415365,770.9084211877084,Uzbekistan
7230,wPmaq2kV,UZB_S_118,2024,38.53498702191535,66.04822545362656,,,,,Uzbekistan
7231,wPmaq2kV,UZB_S_118,2025,38.53498702191535,66.04822545362656,,,,,Uzbekistan
7232,wQB37yon,,2022,32.243247906948795,-102.02344497475823,,,,,United States of America
7233,wQB37yon,,2023,32.243247906948795,-102.02344497475823,,,,,United States of America
7234,wQB37yon,,2024,32.243247906948795,-102.02344497475823,,,,,United States of America
7235,wQB37yon,,2025,32.243247906948795,-102.02344497475823,267.60273019619603,0.7483393712579071,67.34507133427536,467.8603890581167,United States of America
7236,wRN6xrCX,ARG_S_005,2022,-38.19464024845588,-68.1144409320851,,,,,Argentina
7237,wRN6xrCX,ARG_S_005,2023,-38.19464024845588,-68.1144409320851,,,,,Argentina
7238,wRN6xrCX,ARG_S_005,2024,-38.19464024845588,-68.1144409320851,740.3673145287245,0.6237297067143114,278.57822657686086,1202.156402480588,Argentina
7239,wRN6xrCX,ARG_S_005,2025,-38.19464024845588,-68.1144409320851,141.84714158801145,0.7538625354676084,34.91389578164029,248.78038739438261,Argentina
7240,wS1zARaH,,2022,28.105514006928757,9.780797879176305,,,,,Libya
7241,wS1zARaH,,2023,28.105514006928757,9.780797879176305,,,,,Libya
7242,wS1zARaH,,2024,28.105514006928757,9.780797879176305,,,,,Libya
7243,wS1zARaH,,2025,28.105514006928757,9.780797879176305,255.8195368650907,0.7145020427159924,73.03595520832428,438.60311852185714,Libya
7244,wWD0qOAO,LBY_S_067,2022,28.47343735623602,21.822800418166988,,,,,Libya
7245,wWD0qOAO,LBY_S_067,2023,28.47343735623602,21.822800418166988,,,,,Libya
7246,wWD0qOAO,LBY_S_067,2024,28.47343735623602,21.822800418166988,2853.18185007014,0.4488135032929823,1572.635308408208,4133.728391732073,Libya
7247,wWD0qOAO,LBY_S_067,2025,28.47343735623602,21.822800418166988,,,,,Libya
7248,wXg7PQP7,USA_S_032,2022,32.33655735906147,-101.6644506531032,,,,,United States of America
7249,wXg7PQP7,USA_S_032,2023,32.33655735906147,-101.6644506531032,,,,,United States of America
7250,wXg7PQP7,USA_S_032,2024,32.33655735906147,-101.6644506531032,3890.911768868707,0.440394014466019,2177.377515043538,5604.446022693875,United States of America
7251,wXg7PQP7,USA_S_032,2025,32.33655735906147,-101.6644506531032,,,,,United States of America
7252,wZzWkb2s,CHN_S_295,2022,45.22997493214042,85.15686717886565,,,,,China
7253,wZzWkb2s,CHN_S_295,2023,45.22997493214042,85.15686717886565,,,,,China
7254,wZzWkb2s,CHN_S_295,2024,45.22997493214042,85.15686717886565,,,,,China
7255,wZzWkb2s,CHN_S_295,2025,45.22997493214042,85.15686717886565,592.3963185605785,0.7586533165415987,142.97288677756217,1041.819750343595,China
7256,werbwLJU,,2022,31.61877478036445,5.828688045035989,,,,,Algeria
7257,werbwLJU,,2023,31.61877478036445,5.828688045035989,,,,,Algeria
7258,werbwLJU,,2024,31.61877478036445,5.828688045035989,,,,,Algeria
7259,werbwLJU,,2025,31.61877478036445,5.828688045035989,238.82297575034377,0.7731309403864272,54.18154392259561,423.46440757809194,Algeria
7260,wgLbWUgR,,2022,45.56369166995591,85.2736964061698,,,,,China
7261,wgLbWUgR,,2023,45.56369166995591,85.2736964061698,,,,,China
7262,wgLbWUgR,,2024,45.56369166995591,85.2736964061698,,,,,China
7263,wgLbWUgR,,2025,45.56369166995591,85.2736964061698,320.66944728427933,0.6046761158504248,126.76829142851875,514.5706031400399,China
7264,wrl5sWuC,,2022,36.728728472583214,-107.9579340823468,,,,,United States of America
7265,wrl5sWuC,,2023,36.728728472583214,-107.9579340823468,,,,,United States of America
7266,wrl5sWuC,,2024,36.728728472583214,-107.9579340823468,,,,,United States of America
7267,wrl5sWuC,,2025,36.728728472583214,-107.9579340823468,321.62785679823855,0.7436677882650657,82.4435798886592,560.8121337078179,United States of America
7268,wsXwavVA,KAZ_S_134,2022,45.90430936029369,53.287398905091344,,,,,Kazakhstan
7269,wsXwavVA,KAZ_S_134,2023,45.90430936029369,53.287398905091344,,,,,Kazakhstan
7270,wsXwavVA,KAZ_S_134,2024,45.90430936029369,53.287398905091344,,,,,Kazakhstan
7271,wsXwavVA,KAZ_S_134,2025,45.90430936029369,53.287398905091344,723.1550455148456,0.7189227681224413,203.26241841160277,1243.0476726180884,Kazakhstan
7272,wt0rUZdE,CHN_S_004,2022,39.29886326446999,116.52531990351906,,,,,China
7273,wt0rUZdE,CHN_S_004,2023,39.29886326446999,116.52531990351906,,,,,China
7274,wt0rUZdE,CHN_S_004,2024,39.29886326446999,116.52531990351906,2130.3423949565804,0.4990213075356323,1067.2561475267573,3193.428642386403,China
7275,wt0rUZdE,CHN_S_004,2025,39.29886326446999,116.52531990351906,,,,,China
7276,wtSc5wKp,USA_S_360,2022,31.685033567063183,-103.9467925681866,,,,,United States of America
7277,wtSc5wKp,USA_S_360,2023,31.685033567063183,-103.9467925681866,184.8964944681623,0.7315208138266941,49.64086036110936,320.1521285752152,United States of America
7278,wtSc5wKp,USA_S_360,2024,31.685033567063183,-103.9467925681866,,,,,United States of America
7279,wtSc5wKp,USA_S_360,2025,31.685033567063183,-103.9467925681866,,,,,United States of America
7280,wxDjhYSH,,2022,47.748529607544015,-102.71869188994634,,,,,United States of America
7281,wxDjhYSH,,2023,47.748529607544015,-102.71869188994634,,,,,United States of America
7282,wxDjhYSH,,2024,47.748529607544015,-102.71869188994634,,,,,United States of America
7283,wxDjhYSH,,2025,47.748529607544015,-102.71869188994634,219.5533918460806,0.7724817684568228,49.95239944212648,389.1543842500347,United States of America
7284,wy0VqBHG,TKM_S_305,2022,36.403540958334034,61.576733262832704,,,,,Turkmenistan
7285,wy0VqBHG,TKM_S_305,2023,36.403540958334034,61.576733262832704,1413.616300706425,0.5068457918998004,697.1308273324106,2130.101774080439,Turkmenistan
7286,wy0VqBHG,TKM_S_305,2024,36.403540958334034,61.576733262832704,1301.4716145623495,0.5714975830191089,557.6837324719894,2045.2594966527095,Turkmenistan
7287,wy0VqBHG,TKM_S_305,2025,36.403540958334034,61.576733262832704,,,,,Turkmenistan
7288,wyxe13gF,,2022,45.30097800746459,85.09532689137235,,,,,China
7289,wyxe13gF,,2023,45.30097800746459,85.09532689137235,,,,,China
7290,wyxe13gF,,2024,45.30097800746459,85.09532689137235,,,,,China
7291,wyxe13gF,,2025,45.30097800746459,85.09532689137235,92.999834201668,0.8030026718553142,18.320718855627362,167.6789495477086,China
7292,wyzHACdw,IRN_S_080,2022,30.44761418278348,49.83501673591008,,,,,Iran
7293,wyzHACdw,IRN_S_080,2023,30.44761418278348,49.83501673591008,1441.126211438993,0.5214921194169546,689.5902490883464,2192.66217378964,Iran
7294,wyzHACdw,IRN_S_080,2024,30.44761418278348,49.83501673591008,,,,,Iran
7295,wyzHACdw,IRN_S_080,2025,30.44761418278348,49.83501673591008,4036.39128130173,0.4768094148320065,2111.801916431239,5960.980646172221,Iran
7296,x5zOOqKx,,2022,31.912391878490865,-103.79967840857444,,,,,United States of America
7297,x5zOOqKx,,2023,31.912391878490865,-103.79967840857444,,,,,United States of America
7298,x5zOOqKx,,2024,31.912391878490865,-103.79967840857444,,,,,United States of America
7299,x5zOOqKx,,2025,31.912391878490865,-103.79967840857444,185.61870376684917,0.8489506234119087,28.037589487072154,343.1998180466262,United States of America
7300,x8RJMsgE,IND_S_021,2022,23.554182602888822,72.26252540069646,,,,,India
7301,x8RJMsgE,IND_S_021,2023,23.554182602888822,72.26252540069646,771.3743322333465,0.6079929505796375,302.3841759773966,1240.3644884892965,India
7302,x8RJMsgE,IND_S_021,2024,23.554182602888822,72.26252540069646,197.93166166492756,0.9511454476868554,9.669862719236846,386.1934606106183,India
7303,x8RJMsgE,IND_S_021,2025,23.554182602888822,72.26252540069646,280.91466005842693,0.7554672568866913,68.69283240482977,493.13648771202406,India
7304,xAOr5rVd,,2022,45.46052538435424,85.1885488039768,,,,,China
7305,xAOr5rVd,,2023,45.46052538435424,85.1885488039768,,,,,China
7306,xAOr5rVd,,2024,45.46052538435424,85.1885488039768,,,,,China
7307,xAOr5rVd,,2025,45.46052538435424,85.1885488039768,204.4421059668635,0.730827203920237,55.03025329953584,353.85395863419114,China
7308,xDCrfuOb,,2022,32.20340665893571,-103.6328843388304,,,,,United States of America
7309,xDCrfuOb,,2023,32.20340665893571,-103.6328843388304,,,,,United States of America
7310,xDCrfuOb,,2024,32.20340665893571,-103.6328843388304,,,,,United States of America
7311,xDCrfuOb,,2025,32.20340665893571,-103.6328843388304,109.29993411926964,0.8774772005547435,13.391733907475015,205.20813433106426,United States of America
7312,xFzD79gT,USA_S_333,2022,34.150564836668806,-90.63552642841309,,,,,United States of America
7313,xFzD79gT,USA_S_333,2023,34.150564836668806,-90.63552642841309,1115.4939223049391,0.5213286021783382,533.9550350512734,1697.0328095586049,United States of America
7314,xFzD79gT,USA_S_333,2024,34.150564836668806,-90.63552642841309,,,,,United States of America
7315,xFzD79gT,USA_S_333,2025,34.150564836668806,-90.63552642841309,,,,,United States of America
7316,xGwvxnHi,IRN_S_089,2022,31.29926677393784,49.128583857903585,,,,,Iran
7317,xGwvxnHi,IRN_S_089,2023,31.29926677393784,49.128583857903585,1461.9364404074165,0.4180668126959938,850.7493324021613,2073.123548412672,Iran
7318,xGwvxnHi,IRN_S_089,2024,31.29926677393784,49.128583857903585,1563.8753680281775,0.4361138349072775,881.8476839603791,2245.903052095976,Iran
7319,xGwvxnHi,IRN_S_089,2025,31.29926677393784,49.128583857903585,1316.259492353491,0.5062448358666969,649.9099216890162,1982.6090630179656,Iran
7320,xLEgc95G,,2022,31.597070974455697,-103.7191558082056,,,,,United States of America
7321,xLEgc95G,,2023,31.597070974455697,-103.7191558082056,,,,,United States of America
7322,xLEgc95G,,2024,31.597070974455697,-103.7191558082056,,,,,United States of America
7323,xLEgc95G,,2025,31.597070974455697,-103.7191558082056,285.46753910107515,0.6744319488439703,92.93911037344475,477.99596782870555,United States of America
7324,xRygkz1k,,2022,31.79350096719253,6.054972336038915,,,,,Algeria
7325,xRygkz1k,,2023,31.79350096719253,6.054972336038915,,,,,Algeria
7326,xRygkz1k,,2024,31.79350096719253,6.054972336038915,,,,,Algeria
7327,xRygkz1k,,2025,31.79350096719253,6.054972336038915,133.03883482910024,0.8271484678744899,22.995966432402653,243.0817032257978,Algeria
7328,xTJ7ejCI,USA_S_152,2022,31.779820119705413,-103.96430179129044,,,,,United States of America
7329,xTJ7ejCI,USA_S_152,2023,31.779820119705413,-103.96430179129044,,,,,United States of America
7330,xTJ7ejCI,USA_S_152,2024,31.779820119705413,-103.96430179129044,127.14086946148842,0.875753291788347,15.796834509757403,238.48490441321945,United States of America
7331,xTJ7ejCI,USA_S_152,2025,31.779820119705413,-103.96430179129044,,,,,United States of America
7332,xXGRDXOz,UZB_S_068,2022,40.14377693078245,62.47381689351408,,,,,Uzbekistan
7333,xXGRDXOz,UZB_S_068,2023,40.14377693078245,62.47381689351408,,,,,Uzbekistan
7334,xXGRDXOz,UZB_S_068,2024,40.14377693078245,62.47381689351408,,,,,Uzbekistan
7335,xXGRDXOz,UZB_S_068,2025,40.14377693078245,62.47381689351408,797.726988044771,0.5632136732945473,348.4362408218801,1247.017735267662,Uzbekistan
7336,xXpvbNhu,DZA_S_211,2022,31.79418574816718,6.007507942644079,114.47470400506928,0.8569496474075213,16.375646770844796,212.5737612392938,Algeria
7337,xXpvbNhu,DZA_S_211,2023,31.79418574816718,6.007507942644079,186.97718879076635,0.5805230403141594,78.43262268455611,295.5217548969766,Algeria
7338,xXpvbNhu,DZA_S_211,2024,31.79418574816718,6.007507942644079,85.6581051448928,0.6310555612929276,31.60308152339386,139.71312876639175,Algeria
7339,xXpvbNhu,DZA_S_211,2025,31.79418574816718,6.007507942644079,88.39187591931152,0.7448342265396165,22.554581386565374,154.22917045205764,Algeria
7340,xYDZDPBr,LBY_S_013,2022,28.129614931742115,18.789707321923128,,,,,Libya
7341,xYDZDPBr,LBY_S_013,2023,28.129614931742115,18.789707321923128,826.5908060024163,0.5541267751930465,368.55470826807624,1284.6269037367565,Libya
7342,xYDZDPBr,LBY_S_013,2024,28.129614931742115,18.789707321923128,522.7086121271271,0.7468713220360822,132.312539948094,913.1046843061603,Libya
7343,xYDZDPBr,LBY_S_013,2025,28.129614931742115,18.789707321923128,,,,,Libya
7344,xa1mq9OA,USA_S_573,2022,31.669870729488498,-102.1877053194746,,,,,United States of America
7345,xa1mq9OA,USA_S_573,2023,31.669870729488498,-102.1877053194746,,,,,United States of America
7346,xa1mq9OA,USA_S_573,2024,31.669870729488498,-102.1877053194746,,,,,United States of America
7347,xa1mq9OA,USA_S_573,2025,31.669870729488498,-102.1877053194746,823.2936889592181,0.6668984264775424,274.2404232634243,1372.3469546550118,United States of America
7348,xa7WVdWt,,2022,31.872918459951595,-103.85884719044586,,,,,United States of America
7349,xa7WVdWt,,2023,31.872918459951595,-103.85884719044586,,,,,United States of America
7350,xa7WVdWt,,2024,31.872918459951595,-103.85884719044586,,,,,United States of America
7351,xa7WVdWt,,2025,31.872918459951595,-103.85884719044586,331.5831091859152,0.5964069494699523,133.8246385405814,529.341579831249,United States of America
7352,xbsIwEou,DZA_S_088,2022,31.560939128526535,6.017193339175928,,,,,Algeria
7353,xbsIwEou,DZA_S_088,2023,31.560939128526535,6.017193339175928,253.7983826426915,0.7956341173448684,51.86773048521846,455.7290348001645,Algeria
7354,xbsIwEou,DZA_S_088,2024,31.560939128526535,6.017193339175928,206.23228157344417,0.5036791931821902,102.35737238240954,310.1071907644788,Algeria
7355,xbsIwEou,DZA_S_088,2025,31.560939128526535,6.017193339175928,264.3251452231198,0.627440780492704,98.4767698004782,430.1735206457614,Algeria
7356,xdIN6ljT,MEX_S_005,2022,20.46822765580918,-97.5355527847632,,,,,Mexico
7357,xdIN6ljT,MEX_S_005,2023,20.46822765580918,-97.5355527847632,,,,,Mexico
7358,xdIN6ljT,MEX_S_005,2024,20.46822765580918,-97.5355527847632,312.56108425176205,0.8817062942069442,36.97400894283646,588.1481595606876,Mexico
7359,xdIN6ljT,MEX_S_005,2025,20.46822765580918,-97.5355527847632,,,,,Mexico
7360,xePDuSdj,,2022,32.25450124410423,-103.57490720408464,,,,,United States of America
7361,xePDuSdj,,2023,32.25450124410423,-103.57490720408464,,,,,United States of America
7362,xePDuSdj,,2024,32.25450124410423,-103.57490720408464,,,,,United States of America
7363,xePDuSdj,,2025,32.25450124410423,-103.57490720408464,201.96097996090205,0.813150100944901,37.73638871876341,366.1855712030407,United States of America
7364,xfkyduW4,,2022,38.013532626342254,46.09214626539239,,,,,Iran
7365,xfkyduW4,,2023,38.013532626342254,46.09214626539239,,,,,Iran
7366,xfkyduW4,,2024,38.013532626342254,46.09214626539239,,,,,Iran
7367,xfkyduW4,,2025,38.013532626342254,46.09214626539239,162.71952012425,0.7481995845689795,40.97284276602245,284.4661974824776,Iran
7368,xfsRiQfP,USA_S_364,2022,39.00896821816586,-78.33931956655941,,,,,United States of America
7369,xfsRiQfP,USA_S_364,2023,39.00896821816586,-78.33931956655941,651.9247118053764,0.5286343038408953,307.29494562346497,996.5544779872879,United States of America
7370,xfsRiQfP,USA_S_364,2024,39.00896821816586,-78.33931956655941,,,,,United States of America
7371,xfsRiQfP,USA_S_364,2025,39.00896821816586,-78.33931956655941,,,,,United States of America
7372,xhRZbvcX,TKM_S_177,2022,37.913101872842645,53.91823877221554,,,,,Turkmenistan
7373,xhRZbvcX,TKM_S_177,2023,37.913101872842645,53.91823877221554,1498.9006248025,0.5968495939533276,604.2823955127388,2393.5188540922613,Turkmenistan
7374,xhRZbvcX,TKM_S_177,2024,37.913101872842645,53.91823877221554,987.3072076229164,0.4578742621956436,535.2446483721325,1439.3697668737004,Turkmenistan
7375,xhRZbvcX,TKM_S_177,2025,37.913101872842645,53.91823877221554,2446.0963197599112,0.6684057026607012,811.1115903750326,4081.08104914479,Turkmenistan
7376,xiFSot2v,USA_S_338,2022,31.689842858871376,-103.86267152170991,,,,,United States of America
7377,xiFSot2v,USA_S_338,2023,31.689842858871376,-103.86267152170991,,,,,United States of America
7378,xiFSot2v,USA_S_338,2024,31.689842858871376,-103.86267152170991,1378.2559796578182,0.5315253000731209,645.6780564926231,2110.8339028230134,United States of America
7379,xiFSot2v,USA_S_338,2025,31.689842858871376,-103.86267152170991,,,,,United States of America
7380,xiwrUJsa,TKM_S_068,2022,39.35376629458841,53.87486057056817,796.5205923178611,0.5342022505064195,371.01749932695344,1222.0236853087688,Turkmenistan
7381,xiwrUJsa,TKM_S_068,2023,39.35376629458841,53.87486057056817,224.1227712344161,0.6437353321695963,79.84702464705879,368.3985178217734,Turkmenistan
7382,xiwrUJsa,TKM_S_068,2024,39.35376629458841,53.87486057056817,276.01169331608537,0.5034068121975626,137.06552665458355,414.9578599775872,Turkmenistan
7383,xiwrUJsa,TKM_S_068,2025,39.35376629458841,53.87486057056817,980.1640959509548,0.4764161930872608,513.1980487571843,1447.1301431447253,Turkmenistan
7384,xpvRwPli,TKM_S_114,2022,37.95280129575944,63.52860502185555,,,,,Turkmenistan
7385,xpvRwPli,TKM_S_114,2023,37.95280129575944,63.52860502185555,612.1428673792662,0.5945446764772228,248.19658433542094,976.0891504231115,Turkmenistan
7386,xpvRwPli,TKM_S_114,2024,37.95280129575944,63.52860502185555,,,,,Turkmenistan
7387,xpvRwPli,TKM_S_114,2025,37.95280129575944,63.52860502185555,178.13257095946716,0.6770239416500969,57.53255563222311,298.73258628671124,Turkmenistan
7388,xvg6Fe06,USA_S_825,2022,32.3759522451185,-101.79059332808612,,,,,United States of America
7389,xvg6Fe06,USA_S_825,2023,32.3759522451185,-101.79059332808612,,,,,United States of America
7390,xvg6Fe06,USA_S_825,2024,32.3759522451185,-101.79059332808612,,,,,United States of America
7391,xvg6Fe06,USA_S_825,2025,32.3759522451185,-101.79059332808612,1862.0868893708864,0.667841500451855,618.5079872017063,3105.6657915400665,United States of America
7392,xxhR60e0,AUS_S_189,2022,-24.650828244677257,149.98817312111723,,,,,Australia
7393,xxhR60e0,AUS_S_189,2023,-24.650828244677257,149.98817312111723,,,,,Australia
7394,xxhR60e0,AUS_S_189,2024,-24.650828244677257,149.98817312111723,,,,,Australia
7395,xxhR60e0,AUS_S_189,2025,-24.650828244677257,149.98817312111723,962.6996931641936,0.6660919058345741,321.45321979809614,1603.946166530291,Australia
7396,xxjLj08o,KAZ_S_048,2022,43.41243851516787,52.444995389195306,,,,,Kazakhstan
7397,xxjLj08o,KAZ_S_048,2023,43.41243851516787,52.444995389195306,439.3385232419757,0.8898622642330115,48.38775018508363,830.2892962988677,Kazakhstan
7398,xxjLj08o,KAZ_S_048,2024,43.41243851516787,52.444995389195306,348.0716355785859,0.7311575272400647,93.57643920654212,602.5668319506298,Kazakhstan
7399,xxjLj08o,KAZ_S_048,2025,43.41243851516787,52.444995389195306,,,,,Kazakhstan
7400,xyETohaJ,ARG_S_013,2022,-50.74569708082925,-70.71288915264005,1333.1922048710985,0.4887671929475276,681.5715932367266,1984.8128165054704,Argentina
7401,xyETohaJ,ARG_S_013,2023,-50.74569708082925,-70.71288915264005,,,,,Argentina
7402,xyETohaJ,ARG_S_013,2024,-50.74569708082925,-70.71288915264005,,,,,Argentina
7403,xyETohaJ,ARG_S_013,2025,-50.74569708082925,-70.71288915264005,,,,,Argentina
7404,y2KZyD0u,,2022,38.58229023348373,54.20701225770284,,,,,Turkmenistan
7405,y2KZyD0u,,2023,38.58229023348373,54.20701225770284,,,,,Turkmenistan
7406,y2KZyD0u,,2024,38.58229023348373,54.20701225770284,,,,,Turkmenistan
7407,y2KZyD0u,,2025,38.58229023348373,54.20701225770284,110.22955786662304,0.8696396970374968,14.369558558915756,206.0895571743303,Turkmenistan
7408,y3230Fx9,KAZ_S_005,2022,43.27967909002573,52.86479808141693,,,,,Kazakhstan
7409,y3230Fx9,KAZ_S_005,2023,43.27967909002573,52.86479808141693,,,,,Kazakhstan
7410,y3230Fx9,KAZ_S_005,2024,43.27967909002573,52.86479808141693,990.3746506367328,0.7342585330617674,263.18361247864505,1717.5656887948205,Kazakhstan
7411,y3230Fx9,KAZ_S_005,2025,43.27967909002573,52.86479808141693,277.1809638408095,0.7523475205027922,68.64455296460238,485.71737471701664,Kazakhstan
7412,y5I9eUns,,2022,27.007926511052514,94.80079413595551,,,,,India
7413,y5I9eUns,,2023,27.007926511052514,94.80079413595551,,,,,India
7414,y5I9eUns,,2024,27.007926511052514,94.80079413595551,,,,,India
7415,y5I9eUns,,2025,27.007926511052514,94.80079413595551,134.19495512809198,0.6805114952878841,42.87374555378359,225.51616470240037,India
7416,y5l3xc2q,MMR_S_004,2022,23.624128008779536,94.96852947489585,,,,,Myanmar
7417,y5l3xc2q,MMR_S_004,2023,23.624128008779536,94.96852947489585,,,,,Myanmar
7418,y5l3xc2q,MMR_S_004,2024,23.624128008779536,94.96852947489585,,,,,Myanmar
7419,y5l3xc2q,MMR_S_004,2025,23.624128008779536,94.96852947489585,441.73639950891027,0.712838408990708,126.8497272896949,756.6230717281256,Myanmar
7420,y7W2Nesh,TKM_S_013,2022,38.58302384546828,54.28686985425869,,,,,Turkmenistan
7421,y7W2Nesh,TKM_S_013,2023,38.58302384546828,54.28686985425869,995.9765480895742,0.5693390107112121,428.92824550868806,1563.0248506704602,Turkmenistan
7422,y7W2Nesh,TKM_S_013,2024,38.58302384546828,54.28686985425869,,,,,Turkmenistan
7423,y7W2Nesh,TKM_S_013,2025,38.58302384546828,54.28686985425869,202.5628344815361,0.7213404443952834,56.44606943865659,348.6795995244156,Turkmenistan
7424,y8jRbGuO,IRN_S_107,2022,30.996347747110825,49.95027063008764,,,,,Iran
7425,y8jRbGuO,IRN_S_107,2023,30.996347747110825,49.95027063008764,3385.2685306589656,0.4976913383174015,1700.4497050715217,5070.087356246409,Iran
7426,y8jRbGuO,IRN_S_107,2024,30.996347747110825,49.95027063008764,2742.4266747473503,0.4370894262254933,1543.7409730165434,3941.112376478157,Iran
7427,y8jRbGuO,IRN_S_107,2025,30.996347747110825,49.95027063008764,5532.323344383224,0.3336497224250565,3686.465196164101,7378.181492602347,Iran
7428,yA66Vrxl,,2022,32.20318992036288,-103.46934922978856,,,,,United States of America
7429,yA66Vrxl,,2023,32.20318992036288,-103.46934922978856,,,,,United States of America
7430,yA66Vrxl,,2024,32.20318992036288,-103.46934922978856,,,,,United States of America
7431,yA66Vrxl,,2025,32.20318992036288,-103.46934922978856,68.45446748815309,0.7899224757577477,14.380745053232957,122.52818992307321,United States of America
7432,yANcE14U,,2022,32.101871934631475,-102.11380704652734,,,,,United States of America
7433,yANcE14U,,2023,32.101871934631475,-102.11380704652734,,,,,United States of America
7434,yANcE14U,,2024,32.101871934631475,-102.11380704652734,,,,,United States of America
7435,yANcE14U,,2025,32.101871934631475,-102.11380704652734,286.78067585020307,0.7463205321830245,72.75036922987206,500.8109824705341,United States of America
7436,yD2VqB2a,,2022,37.89707432847268,53.91861322424734,,,,,Turkmenistan
7437,yD2VqB2a,,2023,37.89707432847268,53.91861322424734,,,,,Turkmenistan
7438,yD2VqB2a,,2024,37.89707432847268,53.91861322424734,,,,,Turkmenistan
7439,yD2VqB2a,,2025,37.89707432847268,53.91861322424734,168.87038587730305,0.8112632879984223,31.87204138491984,305.86873036968626,Turkmenistan
7440,yDCXKiI4,DZA_S_031,2022,28.60629984374628,7.514411292936239,148.810636257856,0.5579018178605935,65.7889117726066,231.83236074310543,Algeria
7441,yDCXKiI4,DZA_S_031,2023,28.60629984374628,7.514411292936239,735.8752932109826,0.5250504734775648,349.50362209011433,1122.246964331851,Algeria
7442,yDCXKiI4,DZA_S_031,2024,28.60629984374628,7.514411292936239,554.5467871847745,0.5184548869934964,267.0392953022858,842.0542790672632,Algeria
7443,yDCXKiI4,DZA_S_031,2025,28.60629984374628,7.514411292936239,349.2211378413577,0.8004048981392701,69.70282857936581,628.7394471033496,Algeria
7444,yFiJ0EHp,USA_S_123,2022,31.896260158716743,-103.08590240981984,,,,,United States of America
7445,yFiJ0EHp,USA_S_123,2023,31.896260158716743,-103.08590240981984,,,,,United States of America
7446,yFiJ0EHp,USA_S_123,2024,31.896260158716743,-103.08590240981984,21.427739441472223,0.8954662453246611,2.239922058021939,40.61555682492251,United States of America
7447,yFiJ0EHp,USA_S_123,2025,31.896260158716743,-103.08590240981984,1113.207158680933,0.5557120340676517,494.5845441916806,1731.8297731701853,United States of America
7448,yHA9RBBQ,,2022,21.72212290996015,72.65190586889666,,,,,India
7449,yHA9RBBQ,,2023,21.72212290996015,72.65190586889666,,,,,India
7450,yHA9RBBQ,,2024,21.72212290996015,72.65190586889666,,,,,India
7451,yHA9RBBQ,,2025,21.72212290996015,72.65190586889666,185.5338438506545,0.7610643036484391,44.33065817723789,326.7370295240711,India
7452,yL2sjfm9,DZA_S_043,2022,28.075468330959453,9.806619389349262,270.63609064564577,0.5938760807400526,109.91178982620005,431.3603914650915,Libya
7453,yL2sjfm9,DZA_S_043,2023,28.075468330959453,9.806619389349262,1098.696012565895,0.5179317222539219,529.6464945441244,1667.7455305876656,Libya
7454,yL2sjfm9,DZA_S_043,2024,28.075468330959453,9.806619389349262,617.3775086915916,0.5105778498834556,302.1582277374344,932.5967896457489,Libya
7455,yL2sjfm9,DZA_S_043,2025,28.075468330959453,9.806619389349262,609.6324635527454,0.6413104783757452,218.66877671835022,1000.5961503871406,Libya
7456,yN6a7CXF,BHR_S_027,2022,26.034305821108024,50.57284265250344,1629.8741995324551,0.4858605116109165,837.9826870861835,2421.765711978727,
7457,yN6a7CXF,BHR_S_027,2023,26.034305821108024,50.57284265250344,,,,,
7458,yN6a7CXF,BHR_S_027,2024,26.034305821108024,50.57284265250344,379.24261886544525,0.5382913738066368,175.09958855033796,583.3856491805525,
7459,yN6a7CXF,BHR_S_027,2025,26.034305821108024,50.57284265250344,106.72797638181363,0.9436352328170718,6.0156975406659825,207.4402552229613,
7460,yPX1Tn1q,IRN_S_025,2022,31.22260852859454,48.99399411188097,,,,,Iran
7461,yPX1Tn1q,IRN_S_025,2023,31.22260852859454,48.99399411188097,1167.2587259652803,0.4538995489415586,637.4405167515412,1697.0769351790195,Iran
7462,yPX1Tn1q,IRN_S_025,2024,31.22260852859454,48.99399411188097,1179.158328549333,0.5558768329729444,523.6915313016591,1834.6251257970068,Iran
7463,yPX1Tn1q,IRN_S_025,2025,31.22260852859454,48.99399411188097,1931.7793459101065,0.516956125955836,933.134179046919,2930.424512773294,Iran
7464,yUimipW6,PAK_S_003,2022,25.79410921034248,68.6926015455334,,,,,Pakistan
7465,yUimipW6,PAK_S_003,2023,25.79410921034248,68.6926015455334,1428.473064007299,0.5897164597097666,586.0789859101518,2270.867142104446,Pakistan
7466,yUimipW6,PAK_S_003,2024,25.79410921034248,68.6926015455334,1116.858970694084,0.5994094318312793,447.4031696346758,1786.3147717534923,Pakistan
7467,yUimipW6,PAK_S_003,2025,25.79410921034248,68.6926015455334,2043.3196056088527,0.4752038584927594,1072.3262448896226,3014.312966328083,Pakistan
7468,yUwLAwNm,IRN_S_206,2022,30.29605639162006,50.74467525613119,,,,,Iran
7469,yUwLAwNm,IRN_S_206,2023,30.29605639162006,50.74467525613119,,,,,Iran
7470,yUwLAwNm,IRN_S_206,2024,30.29605639162006,50.74467525613119,141.2653460767379,0.8776022315658983,17.290563116863794,265.240129036612,Iran
7471,yUwLAwNm,IRN_S_206,2025,30.29605639162006,50.74467525613119,299.36052521494554,0.6943871027414122,91.48843743579201,507.2326129940991,Iran
7472,yVisRlky,,2022,31.18530791969553,-103.20437689951171,,,,,United States of America
7473,yVisRlky,,2023,31.18530791969553,-103.20437689951171,,,,,United States of America
7474,yVisRlky,,2024,31.18530791969553,-103.20437689951171,,,,,United States of America
7475,yVisRlky,,2025,31.18530791969553,-103.20437689951171,191.38843308884933,0.7796709664300819,42.16842849892711,340.60843767877157,United States of America
7476,yWAzP8q7,,2022,35.248750353927186,-119.57975918272774,,,,,United States of America
7477,yWAzP8q7,,2023,35.248750353927186,-119.57975918272774,,,,,United States of America
7478,yWAzP8q7,,2024,35.248750353927186,-119.57975918272774,,,,,United States of America
7479,yWAzP8q7,,2025,35.248750353927186,-119.57975918272774,126.8521613572678,0.7535515362508418,31.26252028975898,222.44180242477663,United States of America
7480,yWhvgJeh,UZB_S_009,2022,39.91895371616308,65.89559218320473,,,,,Uzbekistan
7481,yWhvgJeh,UZB_S_009,2023,39.91895371616308,65.89559218320473,1591.5968521465647,0.4031940532427043,949.8744662012622,2233.319238091867,Uzbekistan
7482,yWhvgJeh,UZB_S_009,2024,39.91895371616308,65.89559218320473,1644.3609026424522,0.5792008929715182,691.9455994644921,2596.776205820412,Uzbekistan
7483,yWhvgJeh,UZB_S_009,2025,39.91895371616308,65.89559218320473,,,,,Uzbekistan
7484,yXWwvDmA,TKM_S_328,2022,38.69067772877536,54.29943060847211,,,,,Turkmenistan
7485,yXWwvDmA,TKM_S_328,2023,38.69067772877536,54.29943060847211,,,,,Turkmenistan
7486,yXWwvDmA,TKM_S_328,2024,38.69067772877536,54.29943060847211,,,,,Turkmenistan
7487,yXWwvDmA,TKM_S_328,2025,38.69067772877536,54.29943060847211,135.48804515774142,0.8233794511533703,23.92997289791724,247.0461174175656,Turkmenistan
7488,yXXp2e41,TKM_S_053,2022,40.100067547261304,61.957069426978,,,,,Turkmenistan
7489,yXXp2e41,TKM_S_053,2023,40.100067547261304,61.957069426978,,,,,Turkmenistan
7490,yXXp2e41,TKM_S_053,2024,40.100067547261304,61.957069426978,606.076944947336,0.4824838303374511,313.6546190699248,898.4992708247471,Turkmenistan
7491,yXXp2e41,TKM_S_053,2025,40.100067547261304,61.957069426978,265.22910741994014,0.5144415012739587,128.78424721727407,401.6739676226062,Turkmenistan
7492,ygoY9kqy,,2022,23.408997466961928,72.34638483439686,,,,,India
7493,ygoY9kqy,,2023,23.408997466961928,72.34638483439686,,,,,India
7494,ygoY9kqy,,2024,23.408997466961928,72.34638483439686,,,,,India
7495,ygoY9kqy,,2025,23.408997466961928,72.34638483439686,133.98514867188194,0.7669721228048961,31.222274770679036,236.74802257308485,India
7496,yhnVqmhT,UZB_S_044,2022,38.52688330111474,65.96037604005225,,,,,Uzbekistan
7497,yhnVqmhT,UZB_S_044,2023,38.52688330111474,65.96037604005225,,,,,Uzbekistan
7498,yhnVqmhT,UZB_S_044,2024,38.52688330111474,65.96037604005225,143.11371911609385,0.7943554998084364,29.430549238184938,256.79688899400276,Uzbekistan
7499,yhnVqmhT,UZB_S_044,2025,38.52688330111474,65.96037604005225,445.9789991200069,0.6357064045239562,162.4672930962347,729.4907051437791,Uzbekistan
7500,yjjxcAw3,IRN_S_012,2022,30.253601920121007,50.785640527628544,,,,,Iran
7501,yjjxcAw3,IRN_S_012,2023,30.253601920121007,50.785640527628544,,,,,Iran
7502,yjjxcAw3,IRN_S_012,2024,30.253601920121007,50.785640527628544,943.3352961979048,0.5364585771207487,437.27498545179674,1449.3956069440128,Iran
7503,yjjxcAw3,IRN_S_012,2025,30.253601920121007,50.785640527628544,,,,,Iran
7504,ylGkR7iM,,2022,-45.75246535271492,-68.58784106275019,,,,,Argentina
7505,ylGkR7iM,,2023,-45.75246535271492,-68.58784106275019,,,,,Argentina
7506,ylGkR7iM,,2024,-45.75246535271492,-68.58784106275019,,,,,Argentina
7507,ylGkR7iM,,2025,-45.75246535271492,-68.58784106275019,226.93285315230665,0.7284515473365129,61.62326513201921,392.2424411725941,Argentina
7508,ylyHxHC3,NGA_S_012,2022,5.653535214151154,6.572634270008041,,,,,Nigeria
7509,ylyHxHC3,NGA_S_012,2023,5.653535214151154,6.572634270008041,,,,,Nigeria
7510,ylyHxHC3,NGA_S_012,2024,5.653535214151154,6.572634270008041,478.3483053024051,0.5814159380609577,200.22897665513784,756.4676339496723,Nigeria
7511,ylyHxHC3,NGA_S_012,2025,5.653535214151154,6.572634270008041,,,,,Nigeria
7512,ym3B3pRG,USA_S_367,2022,41.24621959674365,-111.0977550453272,,,,,United States of America
7513,ym3B3pRG,USA_S_367,2023,41.24621959674365,-111.0977550453272,1394.1942570576998,0.5548430040660112,620.635327220225,2167.7531868951746,United States of America
7514,ym3B3pRG,USA_S_367,2024,41.24621959674365,-111.0977550453272,,,,,United States of America
7515,ym3B3pRG,USA_S_367,2025,41.24621959674365,-111.0977550453272,,,,,United States of America
7516,ymRW9Fbw,DZA_S_248,2022,28.922861828173385,9.0376517757263,,,,,Algeria
7517,ymRW9Fbw,DZA_S_248,2023,28.922861828173385,9.0376517757263,,,,,Algeria
7518,ymRW9Fbw,DZA_S_248,2024,28.922861828173385,9.0376517757263,,,,,Algeria
7519,ymRW9Fbw,DZA_S_248,2025,28.922861828173385,9.0376517757263,3956.5473037611264,0.4505546134142436,2173.9066628598644,5739.187944662388,Algeria
7520,ynicIEdM,,2022,32.12028347927316,-93.44707100064906,,,,,United States of America
7521,ynicIEdM,,2023,32.12028347927316,-93.44707100064906,,,,,United States of America
7522,ynicIEdM,,2024,32.12028347927316,-93.44707100064906,,,,,United States of America
7523,ynicIEdM,,2025,32.12028347927316,-93.44707100064906,459.5788495428045,0.7059724195385909,135.12885716230875,784.0288419233002,United States of America
7524,yok1K2g9,PAK_S_002,2022,26.168577633224988,67.48874887803468,,,,,Pakistan
7525,yok1K2g9,PAK_S_002,2023,26.168577633224988,67.48874887803468,708.3455352720908,0.5866661323310284,292.78319974006126,1123.9078708041204,Pakistan
7526,yok1K2g9,PAK_S_002,2024,26.168577633224988,67.48874887803468,,,,,Pakistan
7527,yok1K2g9,PAK_S_002,2025,26.168577633224988,67.48874887803468,,,,,Pakistan
7528,yr2BHvAu,,2022,38.697699581772454,54.344378996060136,,,,,Turkmenistan
7529,yr2BHvAu,,2023,38.697699581772454,54.344378996060136,,,,,Turkmenistan
7530,yr2BHvAu,,2024,38.697699581772454,54.344378996060136,,,,,Turkmenistan
7531,yr2BHvAu,,2025,38.697699581772454,54.344378996060136,174.0329529376674,0.7310044905685752,46.81408283332303,301.2518230420118,Turkmenistan
7532,yuSQizxM,IRN_S_061,2022,30.73210951960254,49.786512900916655,,,,,Iran
7533,yuSQizxM,IRN_S_061,2023,30.73210951960254,49.786512900916655,,,,,Iran
7534,yuSQizxM,IRN_S_061,2024,30.73210951960254,49.786512900916655,183.8040825351172,0.5862946773419017,76.0407272710664,291.56743779916803,Iran
7535,yuSQizxM,IRN_S_061,2025,30.73210951960254,49.786512900916655,,,,,Iran
7536,yvEC7bsO,,2022,45.46080930895232,85.13734513513744,,,,,China
7537,yvEC7bsO,,2023,45.46080930895232,85.13734513513744,,,,,China
7538,yvEC7bsO,,2024,45.46080930895232,85.13734513513744,,,,,China
7539,yvEC7bsO,,2025,45.46080930895232,85.13734513513744,230.52675218317884,0.6829778910991939,73.08207713516487,387.9714272311928,China
7540,ywJ8ojMU,UZB_S_021,2022,38.47892224942711,66.00248077983909,,,,,Uzbekistan
7541,ywJ8ojMU,UZB_S_021,2023,38.47892224942711,66.00248077983909,,,,,Uzbekistan
7542,ywJ8ojMU,UZB_S_021,2024,38.47892224942711,66.00248077983909,89.40935872790251,0.8732982747419279,11.32832000504311,167.49039745076192,Uzbekistan
7543,ywJ8ojMU,UZB_S_021,2025,38.47892224942711,66.00248077983909,,,,,Uzbekistan
7544,yzS4VgoN,VEN_S_112,2022,9.028601390958128,-64.56034175300795,,,,,Venezuela
7545,yzS4VgoN,VEN_S_112,2023,9.028601390958128,-64.56034175300795,,,,,Venezuela
7546,yzS4VgoN,VEN_S_112,2024,9.028601390958128,-64.56034175300795,842.9040763743311,0.7243853651115018,232.31669925593815,1453.491453492724,Venezuela
7547,yzS4VgoN,VEN_S_112,2025,9.028601390958128,-64.56034175300795,467.3386051553196,0.6982415580261829,141.02336936588614,793.653840944753,Venezuela
7548,yzxWFZvT,,2022,37.30184636227672,94.28453829682256,,,,,China
7549,yzxWFZvT,,2023,37.30184636227672,94.28453829682256,,,,,China
7550,yzxWFZvT,,2024,37.30184636227672,94.28453829682256,,,,,China
7551,yzxWFZvT,,2025,37.30184636227672,94.28453829682256,266.47866035063174,0.6953516244788589,81.18229098686987,451.7750297143936,China
7552,z089aFqT,,2022,31.272797071600618,-103.11141012866312,,,,,United States of America
7553,z089aFqT,,2023,31.272797071600618,-103.11141012866312,,,,,United States of America
7554,z089aFqT,,2024,31.272797071600618,-103.11141012866312,,,,,United States of America
7555,z089aFqT,,2025,31.272797071600618,-103.11141012866312,276.3755083029728,0.7437623516318782,70.81781031409807,481.93320629184745,United States of America
7556,z2RiGz9v,CHN_S_414,2022,46.758529258342286,124.95868512530843,,,,,China
7557,z2RiGz9v,CHN_S_414,2023,46.758529258342286,124.95868512530843,,,,,China
7558,z2RiGz9v,CHN_S_414,2024,46.758529258342286,124.95868512530843,,,,,China
7559,z2RiGz9v,CHN_S_414,2025,46.758529258342286,124.95868512530843,168.8360209812275,0.921763262396624,13.209179471506388,324.4628624909486,China
7560,z41Vsa0W,DZA_S_101,2022,28.5600083565981,7.517419421336535,,,,,Algeria
7561,z41Vsa0W,DZA_S_101,2023,28.5600083565981,7.517419421336535,,,,,Algeria
7562,z41Vsa0W,DZA_S_101,2024,28.5600083565981,7.517419421336535,,,,,Algeria
7563,z41Vsa0W,DZA_S_101,2025,28.5600083565981,7.517419421336535,293.98530992588695,0.7468684474866201,74.41695791766693,513.5536619341069,Algeria
7564,z4Jl8Eo5,YEM_S_007,2022,15.530295147830964,45.97831243655755,,,,,Yemen
7565,z4Jl8Eo5,YEM_S_007,2023,15.530295147830964,45.97831243655755,,,,,Yemen
7566,z4Jl8Eo5,YEM_S_007,2024,15.530295147830964,45.97831243655755,,,,,Yemen
7567,z4Jl8Eo5,YEM_S_007,2025,15.530295147830964,45.97831243655755,360.0067102122992,0.5789459539372747,151.58228194461964,568.4311384799787,Yemen
7568,z61mpoS1,CHN_S_027,2022,37.298766849277314,94.30209255786528,,,,,China
7569,z61mpoS1,CHN_S_027,2023,37.298766849277314,94.30209255786528,,,,,China
7570,z61mpoS1,CHN_S_027,2024,37.298766849277314,94.30209255786528,,,,,China
7571,z61mpoS1,CHN_S_027,2025,37.298766849277314,94.30209255786528,287.99142142480326,0.7412894445956225,74.50642058850698,501.4764222610995,China
7572,z6Wxtt0B,KAZ_S_041,2022,46.49263478674237,64.57964065555792,,,,,Kazakhstan
7573,z6Wxtt0B,KAZ_S_041,2023,46.49263478674237,64.57964065555792,370.13840706572023,0.8775979375072557,45.305704432623145,694.9711096988174,Kazakhstan
7574,z6Wxtt0B,KAZ_S_041,2024,46.49263478674237,64.57964065555792,902.0778705142352,0.6774738594319522,290.94369406879946,1513.212046959671,Kazakhstan
7575,z6Wxtt0B,KAZ_S_041,2025,46.49263478674237,64.57964065555792,,,,,Kazakhstan
7576,z8DerLWT,TKM_S_042,2022,36.47774737676547,61.63562873474616,,,,,Turkmenistan
7577,z8DerLWT,TKM_S_042,2023,36.47774737676547,61.63562873474616,252.3512704723324,0.6896862456888289,78.30807014546326,426.39447079920154,Turkmenistan
7578,z8DerLWT,TKM_S_042,2024,36.47774737676547,61.63562873474616,485.4410624260209,0.5861476930400289,200.9009035781081,769.9812212739337,Turkmenistan
7579,z8DerLWT,TKM_S_042,2025,36.47774737676547,61.63562873474616,,,,,Turkmenistan
7580,z999geMp,,2022,39.47483651462913,53.74021031627226,,,,,Turkmenistan
7581,z999geMp,,2023,39.47483651462913,53.74021031627226,,,,,Turkmenistan
7582,z999geMp,,2024,39.47483651462913,53.74021031627226,,,,,Turkmenistan
7583,z999geMp,,2025,39.47483651462913,53.74021031627226,425.6220476139744,0.6802571582013612,136.0896030362477,715.1544921917011,Turkmenistan
7584,z9c0rtZL,DZA_S_290,2022,28.11361914244632,9.358753169826093,,,,,Algeria
7585,z9c0rtZL,DZA_S_290,2023,28.11361914244632,9.358753169826093,,,,,Algeria
7586,z9c0rtZL,DZA_S_290,2024,28.11361914244632,9.358753169826093,,,,,Algeria
7587,z9c0rtZL,DZA_S_290,2025,28.11361914244632,9.358753169826093,2155.1911412513496,0.4696534732299396,1142.9981362882559,3167.3841462144433,Algeria
7588,zBu95QTu,USA_S_824,2022,32.38415804050448,-101.94287441580092,,,,,United States of America
7589,zBu95QTu,USA_S_824,2023,32.38415804050448,-101.94287441580092,,,,,United States of America
7590,zBu95QTu,USA_S_824,2024,32.38415804050448,-101.94287441580092,,,,,United States of America
7591,zBu95QTu,USA_S_824,2025,32.38415804050448,-101.94287441580092,1091.2930192360132,0.5158485000203703,528.3511521804146,1654.2348862916117,United States of America
7592,zC1ul1Sp,,2022,32.93522510059383,3.474392706629127,,,,,Algeria
7593,zC1ul1Sp,,2023,32.93522510059383,3.474392706629127,,,,,Algeria
7594,zC1ul1Sp,,2024,32.93522510059383,3.474392706629127,,,,,Algeria
7595,zC1ul1Sp,,2025,32.93522510059383,3.474392706629127,300.58152298028574,0.7130642222983695,86.24759305908881,514.9154529014827,Algeria
7596,zFnX2Byx,LBY_S_088,2022,28.58512835392229,18.923041937634228,,,,,Libya
7597,zFnX2Byx,LBY_S_088,2023,28.58512835392229,18.923041937634228,,,,,Libya
7598,zFnX2Byx,LBY_S_088,2024,28.58512835392229,18.923041937634228,,,,,Libya
7599,zFnX2Byx,LBY_S_088,2025,28.58512835392229,18.923041937634228,275.88624571770004,0.6530547066880524,95.71743444125948,456.0550569941406,Libya
7600,zHu61SF2,CHN_S_733,2022,38.9623362214238,109.11263161614772,,,,,China
7601,zHu61SF2,CHN_S_733,2023,38.9623362214238,109.11263161614772,675.6261450603254,0.618995529070696,257.4165819447145,1093.8357081759364,China
7602,zHu61SF2,CHN_S_733,2024,38.9623362214238,109.11263161614772,,,,,China
7603,zHu61SF2,CHN_S_733,2025,38.9623362214238,109.11263161614772,,,,,China
7604,zJcWJEtx,TKM_S_246,2022,36.49398972234302,61.68524926825334,,,,,Turkmenistan
7605,zJcWJEtx,TKM_S_246,2023,36.49398972234302,61.68524926825334,723.7656025584074,0.5164284435947751,349.9924589017345,1097.5387462150802,Turkmenistan
7606,zJcWJEtx,TKM_S_246,2024,36.49398972234302,61.68524926825334,,,,,Turkmenistan
7607,zJcWJEtx,TKM_S_246,2025,36.49398972234302,61.68524926825334,1412.6900893621917,0.5318119203080427,661.4046601383441,2163.9755185860395,Turkmenistan
7608,zKXJvSJb,,2022,31.949805149804615,-103.90967771069452,,,,,United States of America
7609,zKXJvSJb,,2023,31.949805149804615,-103.90967771069452,,,,,United States of America
7610,zKXJvSJb,,2024,31.949805149804615,-103.90967771069452,,,,,United States of America
7611,zKXJvSJb,,2025,31.949805149804615,-103.90967771069452,238.70270885269724,0.7831022285288871,51.774085594267916,425.63133211112654,United States of America
7612,zKy49i6W,,2022,48.504658945836354,-102.96362801273332,,,,,United States of America
7613,zKy49i6W,,2023,48.504658945836354,-102.96362801273332,,,,,United States of America
7614,zKy49i6W,,2024,48.504658945836354,-102.96362801273332,,,,,United States of America
7615,zKy49i6W,,2025,48.504658945836354,-102.96362801273332,132.41660334456202,0.773838113980451,29.94758875270867,234.88561793641537,United States of America
7616,zN3hpds8,IND_S_020,2022,27.36994890060103,95.44524133392814,,,,,India
7617,zN3hpds8,IND_S_020,2023,27.36994890060103,95.44524133392814,,,,,India
7618,zN3hpds8,IND_S_020,2024,27.36994890060103,95.44524133392814,,,,,India
7619,zN3hpds8,IND_S_020,2025,27.36994890060103,95.44524133392814,242.92127665368304,0.5928097773585149,98.91516872496697,386.9273845823991,India
7620,zPsbI3OX,IRQ_S_033,2022,30.227293229143747,47.46823172051773,,,,,Iraq
7621,zPsbI3OX,IRQ_S_033,2023,30.227293229143747,47.46823172051773,506.868757217684,0.8687742962878514,66.51420935559275,947.2233050797752,Iraq
7622,zPsbI3OX,IRQ_S_033,2024,30.227293229143747,47.46823172051773,538.1517637470729,0.6821102943335228,171.07290578145262,905.2306217126932,Iraq
7623,zPsbI3OX,IRQ_S_033,2025,30.227293229143747,47.46823172051773,,,,,Iraq
7624,zQMYEibB,,2022,32.78563371222309,51.48995037252675,,,,,Iran
7625,zQMYEibB,,2023,32.78563371222309,51.48995037252675,,,,,Iran
7626,zQMYEibB,,2024,32.78563371222309,51.48995037252675,,,,,Iran
7627,zQMYEibB,,2025,32.78563371222309,51.48995037252675,186.9034321413334,0.6922510380377599,57.51933722867534,316.2875270539915,Iran
7628,zSLO11tR,IRQ_S_020,2022,30.32379644582378,47.3802835962692,,,,,Iraq
7629,zSLO11tR,IRQ_S_020,2023,30.32379644582378,47.3802835962692,93.82906700328004,0.9149802977186304,7.977319341957553,179.68081466460254,Iraq
7630,zSLO11tR,IRQ_S_020,2024,30.32379644582378,47.3802835962692,,,,,Iraq
7631,zSLO11tR,IRQ_S_020,2025,30.32379644582378,47.3802835962692,,,,,Iraq
7632,zTjyPCGM,,2022,27.203592209911836,95.16772665390864,,,,,India
7633,zTjyPCGM,,2023,27.203592209911836,95.16772665390864,,,,,India
7634,zTjyPCGM,,2024,27.203592209911836,95.16772665390864,,,,,India
7635,zTjyPCGM,,2025,27.203592209911836,95.16772665390864,102.65983528358696,0.7298847420416333,27.729987889589523,177.5896826775844,India
7636,zV9yKaFD,USA_S_341,2022,31.304928570363444,-101.6173616611657,,,,,United States of America
7637,zV9yKaFD,USA_S_341,2023,31.304928570363444,-101.6173616611657,167.87663435047548,0.7916019211953792,34.98516807482491,300.76810062612606,United States of America
7638,zV9yKaFD,USA_S_341,2024,31.304928570363444,-101.6173616611657,,,,,United States of America
7639,zV9yKaFD,USA_S_341,2025,31.304928570363444,-101.6173616611657,,,,,United States of America
7640,zVgkgDUi,,2022,43.47688300341722,52.220926489581544,,,,,Kazakhstan
7641,zVgkgDUi,,2023,43.47688300341722,52.220926489581544,,,,,Kazakhstan
7642,zVgkgDUi,,2024,43.47688300341722,52.220926489581544,,,,,Kazakhstan
7643,zVgkgDUi,,2025,43.47688300341722,52.220926489581544,228.40067063759057,0.8383245347477963,36.926784689247796,419.8745565859333,Kazakhstan
7644,zcPEqwOO,USA_S_352,2022,31.323310984764817,-103.06228742662282,,,,,United States of America
7645,zcPEqwOO,USA_S_352,2023,31.323310984764817,-103.06228742662282,602.8242938467679,0.7316753353195437,161.7526265076669,1043.8959611858688,United States of America
7646,zcPEqwOO,USA_S_352,2024,31.323310984764817,-103.06228742662282,,,,,United States of America
7647,zcPEqwOO,USA_S_352,2025,31.323310984764817,-103.06228742662282,,,,,United States of America
7648,zcgB2CL7,,2022,38.266110926207304,62.607492622395526,,,,,Turkmenistan
7649,zcgB2CL7,,2023,38.266110926207304,62.607492622395526,,,,,Turkmenistan
7650,zcgB2CL7,,2024,38.266110926207304,62.607492622395526,,,,,Turkmenistan
7651,zcgB2CL7,,2025,38.266110926207304,62.607492622395526,263.63338605471404,0.8241758858187906,46.35310657166289,480.91366553776516,Turkmenistan
7652,zfzT5cB7,TKM_S_278,2022,36.299432314444786,61.89502375222328,,,,,Turkmenistan
7653,zfzT5cB7,TKM_S_278,2023,36.299432314444786,61.89502375222328,1030.198784254893,0.5762380311153953,436.55906515837967,1623.8385033514064,Turkmenistan
7654,zfzT5cB7,TKM_S_278,2024,36.299432314444786,61.89502375222328,,,,,Turkmenistan
7655,zfzT5cB7,TKM_S_278,2025,36.299432314444786,61.89502375222328,,,,,Turkmenistan
7656,zgWb2uql,,2022,32.10808227094151,-103.6765173471161,,,,,United States of America
7657,zgWb2uql,,2023,32.10808227094151,-103.6765173471161,,,,,United States of America
7658,zgWb2uql,,2024,32.10808227094151,-103.6765173471161,,,,,United States of America
7659,zgWb2uql,,2025,32.10808227094151,-103.6765173471161,134.71869433220337,0.8168685984936954,24.671223302155852,244.7661653622509,United States of America
7660,zlHpfeny,,2022,21.79591621688369,72.64809822522723,,,,,India
7661,zlHpfeny,,2023,21.79591621688369,72.64809822522723,,,,,India
7662,zlHpfeny,,2024,21.79591621688369,72.64809822522723,,,,,India
7663,zlHpfeny,,2025,21.79591621688369,72.64809822522723,238.5235939147813,0.6329544844677238,87.54901549506218,389.4981723345004,India
7664,zm8CtmD5,BHR_S_004,2022,26.055739490228977,50.54799027640874,,,,,
7665,zm8CtmD5,BHR_S_004,2023,26.055739490228977,50.54799027640874,184.97605921799305,0.8881855934231067,20.682988292392167,349.26913014359394,
7666,zm8CtmD5,BHR_S_004,2024,26.055739490228977,50.54799027640874,28.51492004871055,0.9160907817620196,2.392664649405816,54.637175448015284,
7667,zm8CtmD5,BHR_S_004,2025,26.055739490228977,50.54799027640874,,,,,
7668,zmESOzpv,DZA_S_362,2022,28.18140470805841,9.392225567961038,,,,,Algeria
7669,zmESOzpv,DZA_S_362,2023,28.18140470805841,9.392225567961038,,,,,Algeria
7670,zmESOzpv,DZA_S_362,2024,28.18140470805841,9.392225567961038,,,,,Algeria
7671,zmESOzpv,DZA_S_362,2025,28.18140470805841,9.392225567961038,1335.4969419005688,0.6034961073557977,529.5297360780036,2141.464147723134,Algeria
7672,zshN3ZU7,USA_S_176,2022,31.030215438668364,-101.28394389102314,,,,,United States of America
7673,zshN3ZU7,USA_S_176,2023,31.030215438668364,-101.28394389102314,964.8826179656974,0.4878493809912703,494.16523006189556,1435.6000058694992,United States of America
7674,zshN3ZU7,USA_S_176,2024,31.030215438668364,-101.28394389102314,,,,,United States of America
7675,zshN3ZU7,USA_S_176,2025,31.030215438668364,-101.28394389102314,,,,,United States of America
7676,zugbZcjy,TKM_S_012,2022,39.35981419137156,53.76499167418072,424.28718496020576,0.5311268481483471,198.9368697025569,649.6375002178546,Turkmenistan
7677,zugbZcjy,TKM_S_012,2023,39.35981419137156,53.76499167418072,2705.435392301582,0.4890685435606712,1382.2920452911542,4028.57873931201,Turkmenistan
7678,zugbZcjy,TKM_S_012,2024,39.35981419137156,53.76499167418072,1054.8368514472938,0.4094364894827029,622.9481540137265,1486.7255488808612,Turkmenistan
7679,zugbZcjy,TKM_S_012,2025,39.35981419137156,53.76499167418072,1155.4692843659006,0.5717569092857598,494.8217375622246,1816.1168311695767,Turkmenistan
7680,zvCPeUea,,2022,32.96525581644614,3.484320320407022,,,,,Algeria
7681,zvCPeUea,,2023,32.96525581644614,3.484320320407022,,,,,Algeria
7682,zvCPeUea,,2024,32.96525581644614,3.484320320407022,,,,,Algeria
7683,zvCPeUea,,2025,32.96525581644614,3.484320320407022,122.92331607182058,0.8556770423938442,17.740656534241452,228.1059756093997,Algeria
7684,zw9OyReL,,2022,9.293809216580303,-63.90760349781433,,,,,Venezuela
7685,zw9OyReL,,2023,9.293809216580303,-63.90760349781433,,,,,Venezuela
7686,zw9OyReL,,2024,9.293809216580303,-63.90760349781433,,,,,Venezuela
7687,zw9OyReL,,2025,9.293809216580303,-63.90760349781433,422.05914842969344,0.7101625540708867,122.3285456118789,721.789751247508,Venezuela
7688,zyLswsBB,TKM_S_409,2022,39.45246324658979,53.57493518967105,,,,,Turkmenistan
7689,zyLswsBB,TKM_S_409,2023,39.45246324658979,53.57493518967105,,,,,Turkmenistan
7690,zyLswsBB,TKM_S_409,2024,39.45246324658979,53.57493518967105,,,,,Turkmenistan
7691,zyLswsBB,TKM_S_409,2025,39.45246324658979,53.57493518967105,415.8854519231042,0.5474285336406366,188.2178888143658,643.5530150318426,Turkmenistan
7692,zzH2p7cM,IRQ_S_044,2022,31.766158056613836,46.063774191184216,,,,,Iraq
7693,zzH2p7cM,IRQ_S_044,2023,31.766158056613836,46.063774191184216,1181.5145363127797,0.5909935618758296,483.2470520892208,1879.7820205363387,Iraq
7694,zzH2p7cM,IRQ_S_044,2024,31.766158056613836,46.063774191184216,,,,,Iraq
7695,zzH2p7cM,IRQ_S_044,2025,31.766158056613836,46.063774191184216,,,,,Iraq
